mode: atomic
purser/internal/adapters/jobqueue/adapter.go:22.47,24.2 1 7
purser/internal/adapters/jobqueue/adapter.go:27.124,29.16 2 5
purser/internal/adapters/jobqueue/adapter.go:29.16,31.3 1 1
purser/internal/adapters/jobqueue/adapter.go:32.2,32.20 1 4
purser/internal/adapters/jobqueue/adapter.go:36.81,38.16 2 91
purser/internal/adapters/jobqueue/adapter.go:38.16,39.46 1 1
purser/internal/adapters/jobqueue/adapter.go:39.46,41.4 1 1
purser/internal/adapters/jobqueue/adapter.go:42.3,42.18 1 0
purser/internal/adapters/jobqueue/adapter.go:44.2,44.17 1 90
purser/internal/adapters/jobqueue/adapter.go:48.153,50.2 1 2
purser/internal/adapters/jobqueue/adapter.go:53.100,55.16 2 2
purser/internal/adapters/jobqueue/adapter.go:55.16,56.46 1 1
purser/internal/adapters/jobqueue/adapter.go:56.46,58.4 1 1
purser/internal/adapters/jobqueue/adapter.go:59.3,59.23 1 0
purser/internal/adapters/jobqueue/adapter.go:61.2,61.33 1 1
purser/internal/adapters/musicbrainz/musicbrainz.go:65.29,74.2 3 28
purser/internal/adapters/musicbrainz/musicbrainz.go:97.55,98.23 1 28
purser/internal/adapters/musicbrainz/musicbrainz.go:98.23,100.3 1 1
purser/internal/adapters/musicbrainz/musicbrainz.go:101.2,101.42 1 27
purser/internal/adapters/musicbrainz/musicbrainz.go:101.42,103.3 1 27
purser/internal/adapters/musicbrainz/musicbrainz.go:106.2,109.27 3 27
purser/internal/adapters/musicbrainz/musicbrainz.go:109.27,111.3 1 3
purser/internal/adapters/musicbrainz/musicbrainz.go:113.2,118.16 2 27
purser/internal/adapters/musicbrainz/musicbrainz.go:118.16,120.3 1 0
purser/internal/adapters/musicbrainz/musicbrainz.go:122.2,127.16 2 27
purser/internal/adapters/musicbrainz/musicbrainz.go:127.16,129.3 1 0
purser/internal/adapters/musicbrainz/musicbrainz.go:131.2,136.16 2 27
purser/internal/adapters/musicbrainz/musicbrainz.go:136.16,138.3 1 0
purser/internal/adapters/musicbrainz/musicbrainz.go:139.2,143.16 4 27
purser/internal/adapters/musicbrainz/musicbrainz.go:143.16,145.3 1 0
purser/internal/adapters/musicbrainz/musicbrainz.go:147.2,155.8 1 27
purser/internal/adapters/musicbrainz/musicbrainz.go:159.32,161.2 1 27
purser/internal/adapters/musicbrainz/musicbrainz.go:164.88,169.58 4 3
purser/internal/adapters/musicbrainz/musicbrainz.go:169.58,171.3 1 1
purser/internal/adapters/musicbrainz/musicbrainz.go:172.2,172.16 1 2
purser/internal/adapters/musicbrainz/musicbrainz.go:176.91,183.55 4 2
purser/internal/adapters/musicbrainz/musicbrainz.go:183.55,185.3 1 0
purser/internal/adapters/musicbrainz/musicbrainz.go:186.2,186.26 1 2
purser/internal/adapters/musicbrainz/musicbrainz.go:190.100,192.68 2 10
purser/internal/adapters/musicbrainz/musicbrainz.go:192.68,194.3 1 1
purser/internal/adapters/musicbrainz/musicbrainz.go:195.2,195.17 1 9
purser/internal/adapters/musicbrainz/musicbrainz.go:199.115,207.62 5 1
purser/internal/adapters/musicbrainz/musicbrainz.go:207.62,209.3 1 0
purser/internal/adapters/musicbrainz/musicbrainz.go:210.2,210.32 1 1
purser/internal/adapters/musicbrainz/musicbrainz.go:214.119,221.62 4 3
purser/internal/adapters/musicbrainz/musicbrainz.go:221.62,223.3 1 0
purser/internal/adapters/musicbrainz/musicbrainz.go:224.2,224.32 1 3
purser/internal/adapters/musicbrainz/musicbrainz.go:228.90,233.59 4 3
purser/internal/adapters/musicbrainz/musicbrainz.go:233.59,235.3 1 1
purser/internal/adapters/musicbrainz/musicbrainz.go:236.2,236.16 1 2
purser/internal/adapters/musicbrainz/musicbrainz.go:240.107,249.56 6 2
purser/internal/adapters/musicbrainz/musicbrainz.go:249.56,251.3 1 0
purser/internal/adapters/musicbrainz/musicbrainz.go:252.2,252.27 1 2
purser/internal/adapters/musicbrainz/musicbrainz.go:256.103,263.56 4 3
purser/internal/adapters/musicbrainz/musicbrainz.go:263.56,265.3 1 0
purser/internal/adapters/musicbrainz/musicbrainz.go:266.2,266.27 1 3
purser/internal/adapters/musicbrainz/musicbrainz.go:270.101,277.59 4 3
purser/internal/adapters/musicbrainz/musicbrainz.go:277.59,279.3 1 1
purser/internal/adapters/musicbrainz/musicbrainz.go:280.2,280.29 1 2
purser/internal/adapters/musicbrainz/musicbrainz.go:288.85,289.14 1 30
purser/internal/adapters/musicbrainz/musicbrainz.go:289.14,291.3 1 10
purser/internal/adapters/musicbrainz/musicbrainz.go:292.2,299.44 4 30
purser/internal/adapters/musicbrainz/musicbrainz.go:299.44,301.3 1 0
purser/internal/adapters/musicbrainz/musicbrainz.go:303.2,305.16 3 30
purser/internal/adapters/musicbrainz/musicbrainz.go:305.16,307.3 1 0
purser/internal/adapters/musicbrainz/musicbrainz.go:309.2,310.16 2 30
purser/internal/adapters/musicbrainz/musicbrainz.go:310.16,312.3 1 0
purser/internal/adapters/musicbrainz/musicbrainz.go:313.2,313.15 1 30
purser/internal/adapters/musicbrainz/musicbrainz.go:313.15,313.40 1 30
purser/internal/adapters/musicbrainz/musicbrainz.go:315.2,321.44 3 30
purser/internal/adapters/musicbrainz/musicbrainz.go:321.44,324.3 2 4
purser/internal/adapters/musicbrainz/musicbrainz.go:325.2,325.53 1 26
purser/internal/adapters/musicbrainz/musicbrainz.go:325.53,327.3 1 0
purser/internal/adapters/musicbrainz/musicbrainz.go:329.2,329.63 1 26
purser/internal/adapters/musicbrainz/musicbrainz.go:329.63,331.3 1 0
purser/internal/adapters/musicbrainz/musicbrainz.go:333.2,334.12 2 26
purser/internal/adapters/musicbrainz/musicbrainz.go:346.32,352.2 1 27
purser/internal/adapters/musicbrainz/musicbrainz.go:355.40,356.26 1 1
purser/internal/adapters/musicbrainz/musicbrainz.go:356.26,356.42 1 1
purser/internal/adapters/musicbrainz/musicbrainz.go:360.57,361.26 1 1
purser/internal/adapters/musicbrainz/musicbrainz.go:361.26,361.51 1 1
purser/internal/adapters/musicbrainz/musicbrainz.go:365.56,366.26 1 1
purser/internal/adapters/musicbrainz/musicbrainz.go:366.26,366.50 1 1
purser/internal/domain/collection.go:21.39,23.2 1 5
purser/internal/domain/collection.go:41.49,43.2 1 8
purser/internal/domain/credit.go:35.40,37.2 1 6
purser/internal/domain/credit.go:54.39,56.2 1 5
purser/internal/domain/external_id.go:39.39,41.2 1 10
purser/internal/domain/group.go:30.34,32.2 1 8
purser/internal/domain/id.go:11.21,13.16 2 1003
purser/internal/domain/id.go:13.16,16.53 1 0
purser/internal/domain/id.go:18.2,18.20 1 1003
purser/internal/domain/image.go:44.36,46.2 1 7
purser/internal/domain/item.go:32.33,34.2 1 10
purser/internal/domain/library_entry.go:33.41,35.2 1 10
purser/internal/domain/media_file.go:30.38,32.2 1 5
purser/internal/domain/person.go:28.33,30.2 1 3
purser/internal/domain/person.go:33.30,34.11 1 9
purser/internal/domain/person.go:36.50,37.14 1 7
purser/internal/domain/person.go:38.10,39.15 1 2
purser/internal/domain/person.go:78.35,80.2 1 9
purser/internal/domain/tag.go:26.32,28.2 1 8
purser/internal/domain/tag_assignment.go:19.42,21.2 1 8
purser/internal/domain/unmatched_file.go:97.42,99.2 1 11
purser/internal/domain/validate.go:32.37,34.2 1 3
purser/internal/domain/validate.go:42.42,44.30 2 1
purser/internal/domain/validate.go:44.30,46.3 1 2
purser/internal/domain/validate.go:47.2,47.34 1 1
purser/internal/domain/validate.go:54.34,56.16 2 114
purser/internal/domain/validate.go:56.16,58.3 1 48
purser/internal/domain/validate.go:60.2,61.29 2 66
purser/internal/domain/validate.go:61.29,66.3 1 1
purser/internal/domain/validate.go:68.2,69.27 2 65
purser/internal/domain/validate.go:69.27,75.3 1 66
purser/internal/domain/validate.go:76.2,76.44 1 65
purser/internal/version/version.go:17.22,18.43 1 2
purser/internal/version/version.go:18.43,20.3 1 1
purser/internal/version/version.go:21.2,21.52 1 1
purser/internal/domain/music/release.go:60.36,62.2 1 9
purser/internal/domain/music/validate.go:22.34,24.16 2 9
purser/internal/domain/music/validate.go:24.16,26.3 1 2
purser/internal/domain/music/validate.go:28.2,29.29 2 7
purser/internal/domain/music/validate.go:29.29,31.3 1 0
purser/internal/domain/music/validate.go:33.2,34.27 2 7
purser/internal/domain/music/validate.go:34.27,40.3 1 7
purser/internal/domain/music/validate.go:41.2,41.51 1 7
purser/internal/adapters/filewalker/local/local.go:35.43,37.27 2 6
purser/internal/adapters/filewalker/local/local.go:37.27,39.3 1 3
purser/internal/adapters/filewalker/local/local.go:41.2,48.150 4 6
purser/internal/adapters/filewalker/local/local.go:48.150,50.3 1 0
purser/internal/adapters/filewalker/local/local.go:52.2,52.15 1 6
purser/internal/adapters/filewalker/local/local.go:56.89,61.79 4 6
purser/internal/adapters/filewalker/local/local.go:61.79,62.17 1 16
purser/internal/adapters/filewalker/local/local.go:62.17,64.4 1 1
purser/internal/adapters/filewalker/local/local.go:65.3,65.41 1 15
purser/internal/adapters/filewalker/local/local.go:65.41,67.4 1 9
purser/internal/adapters/filewalker/local/local.go:68.3,69.17 2 6
purser/internal/adapters/filewalker/local/local.go:69.17,71.4 1 0
purser/internal/adapters/filewalker/local/local.go:72.3,73.13 2 6
purser/internal/adapters/filewalker/local/local.go:75.2,75.16 1 6
purser/internal/adapters/filewalker/local/local.go:75.16,77.3 1 1
purser/internal/adapters/filewalker/local/local.go:79.2,81.19 3 5
purser/internal/adapters/filewalker/local/local.go:93.32,99.2 1 6
purser/internal/adapters/filewalker/local/local.go:102.40,103.26 1 1
purser/internal/adapters/filewalker/local/local.go:103.26,103.42 1 1
purser/internal/adapters/filewalker/local/local.go:107.57,108.26 1 1
purser/internal/adapters/filewalker/local/local.go:108.26,108.51 1 1
purser/internal/adapters/filewalker/local/local.go:112.56,113.26 1 1
purser/internal/adapters/filewalker/local/local.go:113.26,113.50 1 1
purser/internal/domain/afterdark/performer.go:38.45,40.2 1 4
purser/internal/domain/afterdark/validate.go:26.34,28.16 2 5
purser/internal/domain/afterdark/validate.go:28.16,30.3 1 2
purser/internal/domain/afterdark/validate.go:32.2,33.29 2 3
purser/internal/domain/afterdark/validate.go:33.29,35.3 1 1
purser/internal/domain/afterdark/validate.go:37.2,38.27 2 2
purser/internal/domain/afterdark/validate.go:38.27,44.3 1 2
purser/internal/domain/afterdark/validate.go:45.2,45.51 1 2
purser/internal/adapters/pipeline/scan_executor.go:59.113,61.2 1 8
purser/internal/adapters/pipeline/scan_executor.go:64.82,66.16 2 8
purser/internal/adapters/pipeline/scan_executor.go:66.16,68.3 1 0
purser/internal/adapters/pipeline/scan_executor.go:70.2,73.33 3 8
purser/internal/adapters/pipeline/scan_executor.go:73.33,74.51 1 9
purser/internal/adapters/pipeline/scan_executor.go:74.51,76.4 1 0
purser/internal/adapters/pipeline/scan_executor.go:77.3,77.89 1 9
purser/internal/adapters/pipeline/scan_executor.go:77.89,79.4 1 0
purser/internal/adapters/pipeline/scan_executor.go:82.2,82.12 1 8
purser/internal/adapters/pipeline/scan_executor.go:89.133,93.16 3 9
purser/internal/adapters/pipeline/scan_executor.go:93.16,95.3 1 0
purser/internal/adapters/pipeline/scan_executor.go:96.2,96.20 1 9
purser/internal/adapters/pipeline/scan_executor.go:96.20,97.114 1 1
purser/internal/adapters/pipeline/scan_executor.go:97.114,99.4 1 0
purser/internal/adapters/pipeline/scan_executor.go:100.3,100.61 1 1
purser/internal/adapters/pipeline/scan_executor.go:102.2,102.99 1 8
purser/internal/adapters/pipeline/scan_executor.go:102.99,104.3 1 0
purser/internal/adapters/pipeline/scan_executor.go:106.2,107.28 2 8
purser/internal/adapters/pipeline/scan_executor.go:107.28,109.3 1 3
purser/internal/adapters/pipeline/scan_executor.go:111.2,111.81 1 5
purser/internal/adapters/pipeline/scan_executor.go:120.169,122.16 2 8
purser/internal/adapters/pipeline/scan_executor.go:122.16,124.3 1 0
purser/internal/adapters/pipeline/scan_executor.go:126.2,127.21 2 8
purser/internal/adapters/pipeline/scan_executor.go:127.21,128.112 1 1
purser/internal/adapters/pipeline/scan_executor.go:128.112,130.4 1 0
purser/internal/adapters/pipeline/scan_executor.go:131.3,131.68 1 1
purser/internal/adapters/pipeline/scan_executor.go:133.2,133.13 1 7
purser/internal/adapters/pipeline/scan_executor.go:133.13,134.97 1 2
purser/internal/adapters/pipeline/scan_executor.go:134.97,136.4 1 0
purser/internal/adapters/pipeline/scan_executor.go:137.3,137.71 1 2
purser/internal/adapters/pipeline/scan_executor.go:139.2,139.130 1 5
purser/internal/adapters/pipeline/scan_executor.go:139.130,141.3 1 0
purser/internal/adapters/pipeline/scan_executor.go:142.2,142.18 1 5
purser/internal/adapters/pipeline/scan_executor.go:148.144,150.16 2 5
purser/internal/adapters/pipeline/scan_executor.go:150.16,152.3 1 0
purser/internal/adapters/pipeline/scan_executor.go:154.2,155.52 2 5
purser/internal/adapters/pipeline/scan_executor.go:155.52,157.3 1 5
purser/internal/adapters/pipeline/scan_executor.go:158.2,170.38 2 5
purser/internal/adapters/pipeline/scan_executor.go:170.38,171.102 1 0
purser/internal/adapters/pipeline/scan_executor.go:171.102,173.4 1 0
purser/internal/adapters/pipeline/scan_executor.go:174.3,174.61 1 0
purser/internal/adapters/pipeline/scan_executor.go:176.2,176.47 1 5
purser/internal/adapters/pipeline/scan_executor.go:176.47,177.102 1 1
purser/internal/adapters/pipeline/scan_executor.go:177.102,179.4 1 0
purser/internal/adapters/pipeline/scan_executor.go:180.3,180.61 1 1
purser/internal/adapters/pipeline/scan_executor.go:183.2,183.135 1 4
purser/internal/adapters/pipeline/scan_executor.go:183.135,185.3 1 0
purser/internal/adapters/pipeline/scan_executor.go:186.2,186.63 1 4
purser/internal/adapters/pipeline/scan_executor.go:198.157,200.9 2 8
purser/internal/adapters/pipeline/scan_executor.go:201.18,203.57 2 1
purser/internal/adapters/pipeline/scan_executor.go:203.57,205.4 1 0
purser/internal/adapters/pipeline/scan_executor.go:206.3,206.98 1 1
purser/internal/adapters/pipeline/scan_executor.go:207.42,208.25 1 1
purser/internal/adapters/pipeline/scan_executor.go:211.2,212.9 2 6
purser/internal/adapters/pipeline/scan_executor.go:213.18,215.48 2 1
purser/internal/adapters/pipeline/scan_executor.go:215.48,217.4 1 0
purser/internal/adapters/pipeline/scan_executor.go:218.3,218.106 1 1
purser/internal/adapters/pipeline/scan_executor.go:219.42,220.25 1 0
purser/internal/adapters/pipeline/scan_executor.go:223.2,223.24 1 5
purser/internal/adapters/pipeline/scan_executor.go:231.144,235.16 3 9
purser/internal/adapters/pipeline/scan_executor.go:235.16,237.3 1 1
purser/internal/adapters/pipeline/scan_executor.go:238.2,241.16 3 8
purser/internal/adapters/pipeline/scan_executor.go:241.16,243.3 1 0
purser/internal/adapters/pipeline/scan_executor.go:244.2,246.15 2 8
purser/internal/adapters/pipeline/scan_executor.go:246.15,248.17 2 2
purser/internal/adapters/pipeline/scan_executor.go:248.17,250.4 1 0
purser/internal/adapters/pipeline/scan_executor.go:251.3,251.25 1 2
purser/internal/adapters/pipeline/scan_executor.go:254.2,254.18 1 8
purser/internal/adapters/pipeline/scan_executor.go:254.18,256.17 2 1
purser/internal/adapters/pipeline/scan_executor.go:256.17,258.4 1 0
purser/internal/adapters/pipeline/scan_executor.go:259.3,259.31 1 1
purser/internal/adapters/pipeline/scan_executor.go:262.2,262.56 1 8
purser/internal/config/config.go:28.29,39.2 3 24
purser/internal/config/config.go:44.34,45.31 1 10
purser/internal/config/config.go:45.31,47.3 1 1
purser/internal/config/config.go:48.2,48.27 1 9
purser/internal/config/config.go:48.27,50.3 1 0
purser/internal/config/config.go:51.2,51.46 1 9
purser/internal/config/config.go:51.46,53.3 1 2
purser/internal/config/config.go:54.2,54.24 1 7
purser/internal/config/config.go:54.24,56.3 1 1
purser/internal/config/config.go:57.2,57.47 1 6
purser/internal/config/config.go:57.47,59.3 1 2
purser/internal/config/config.go:60.2,60.46 1 4
purser/internal/config/config.go:60.46,62.3 1 0
purser/internal/config/config.go:63.2,63.12 1 4
purser/internal/config/config.go:70.62,100.22 20 15
purser/internal/config/config.go:100.22,102.42 2 2
purser/internal/config/config.go:102.42,104.4 1 1
purser/internal/config/config.go:107.2,108.42 2 14
purser/internal/config/config.go:108.42,110.3 1 0
purser/internal/config/config.go:118.2,119.17 2 14
purser/internal/config/config.go:125.41,126.39 1 38
purser/internal/config/config.go:126.39,128.3 1 37
purser/internal/config/config.go:129.2,129.67 1 38
purser/internal/config/config.go:129.67,131.3 1 1
purser/internal/config/config.go:132.2,132.26 1 38
purser/internal/config/config.go:132.26,134.3 1 37
purser/internal/config/database.go:46.33,48.2 1 24
purser/internal/config/database.go:51.36,52.18 1 9
purser/internal/config/database.go:53.47,53.47 0 8
purser/internal/config/database.go:54.10,55.104 1 1
purser/internal/config/database.go:57.2,57.51 1 8
purser/internal/config/database.go:57.51,58.22 1 2
purser/internal/config/database.go:58.22,60.4 1 1
purser/internal/config/database.go:62.2,62.12 1 7
purser/internal/config/media.go:14.27,16.2 1 24
purser/internal/config/paths.go:22.27,24.16 2 24
purser/internal/config/paths.go:24.16,31.3 1 0
purser/internal/config/paths.go:32.2,32.53 1 24
purser/internal/config/pipeline.go:28.33,34.2 1 24
purser/internal/config/pipeline.go:40.36,42.2 1 4
purser/internal/config/server.go:14.29,16.2 1 24
purser/internal/config/telemetry.go:34.35,41.2 1 24
purser/internal/config/telemetry.go:45.37,46.16 1 6
purser/internal/config/telemetry.go:46.16,48.3 1 4
purser/internal/config/telemetry.go:49.2,49.26 1 2
purser/internal/config/telemetry.go:49.26,51.3 1 1
purser/internal/config/telemetry.go:52.2,52.25 1 1
purser/internal/config/telemetry.go:52.25,54.3 1 1
purser/internal/config/telemetry.go:55.2,55.12 1 0
purser/pkg/jobqueue/memory/memory.go:24.19,26.2 1 9
purser/pkg/jobqueue/memory/memory.go:29.69,33.39 3 18
purser/pkg/jobqueue/memory/memory.go:33.39,35.3 1 0
purser/pkg/jobqueue/memory/memory.go:36.2,38.12 3 18
purser/pkg/jobqueue/memory/memory.go:42.69,46.40 3 2
purser/pkg/jobqueue/memory/memory.go:46.40,48.3 1 1
purser/pkg/jobqueue/memory/memory.go:49.2,50.12 2 1
purser/pkg/jobqueue/memory/memory.go:54.77,59.9 4 6
purser/pkg/jobqueue/memory/memory.go:59.9,61.3 1 1
purser/pkg/jobqueue/memory/memory.go:62.2,62.23 1 5
purser/pkg/jobqueue/memory/memory.go:70.147,74.19 3 5
purser/pkg/jobqueue/memory/memory.go:74.19,76.3 1 0
purser/pkg/jobqueue/memory/memory.go:78.2,79.21 2 5
purser/pkg/jobqueue/memory/memory.go:79.21,80.30 1 2
purser/pkg/jobqueue/memory/memory.go:80.30,81.23 1 6
purser/pkg/jobqueue/memory/memory.go:81.23,83.10 2 2
purser/pkg/jobqueue/memory/memory.go:88.2,90.40 3 5
purser/pkg/jobqueue/memory/memory.go:90.40,92.37 2 14
purser/pkg/jobqueue/memory/memory.go:92.37,93.12 1 6
purser/pkg/jobqueue/memory/memory.go:95.3,96.28 2 8
purser/pkg/jobqueue/memory/memory.go:96.28,97.26 1 2
purser/pkg/jobqueue/memory/memory.go:97.26,99.5 1 2
purser/pkg/jobqueue/memory/memory.go:100.4,100.9 1 2
purser/pkg/jobqueue/memory/memory.go:103.2,103.33 1 5
purser/pkg/cache/memory/memory.go:32.44,34.2 1 9
purser/pkg/cache/memory/memory.go:36.39,38.2 1 89
purser/pkg/cache/memory/memory.go:64.78,65.16 1 18
purser/pkg/cache/memory/memory.go:65.16,67.3 1 1
purser/pkg/cache/memory/memory.go:68.2,68.23 1 17
purser/pkg/cache/memory/memory.go:68.23,70.3 1 1
purser/pkg/cache/memory/memory.go:72.2,73.27 2 16
purser/pkg/cache/memory/memory.go:73.27,75.3 1 4
purser/pkg/cache/memory/memory.go:77.2,88.102 5 16
purser/pkg/cache/memory/memory.go:88.102,90.3 1 0
purser/pkg/cache/memory/memory.go:91.2,91.108 1 16
purser/pkg/cache/memory/memory.go:91.108,93.3 1 0
purser/pkg/cache/memory/memory.go:94.2,94.102 1 16
purser/pkg/cache/memory/memory.go:94.102,96.3 1 0
purser/pkg/cache/memory/memory.go:97.2,97.120 1 16
purser/pkg/cache/memory/memory.go:97.120,99.3 1 0
purser/pkg/cache/memory/memory.go:100.2,100.149 1 16
purser/pkg/cache/memory/memory.go:100.149,102.3 1 0
purser/pkg/cache/memory/memory.go:104.2,105.16 2 16
purser/pkg/cache/memory/memory.go:105.16,107.3 1 0
purser/pkg/cache/memory/memory.go:108.2,112.82 2 16
purser/pkg/cache/memory/memory.go:112.82,115.4 2 2
purser/pkg/cache/memory/memory.go:116.16,118.3 1 0
purser/pkg/cache/memory/memory.go:120.2,122.82 1 16
purser/pkg/cache/memory/memory.go:122.82,125.4 2 2
purser/pkg/cache/memory/memory.go:126.16,128.3 1 0
purser/pkg/cache/memory/memory.go:130.2,136.15 2 16
purser/pkg/cache/memory/memory.go:145.48,147.2 1 20
purser/pkg/cache/memory/memory.go:150.76,151.21 1 16
purser/pkg/cache/memory/memory.go:151.21,153.3 1 1
purser/pkg/cache/memory/memory.go:155.2,161.9 5 15
purser/pkg/cache/memory/memory.go:161.9,166.3 4 6
purser/pkg/cache/memory/memory.go:168.2,168.27 1 9
purser/pkg/cache/memory/memory.go:168.27,175.3 6 1
purser/pkg/cache/memory/memory.go:177.2,180.26 4 8
purser/pkg/cache/memory/memory.go:184.74,185.21 1 23
purser/pkg/cache/memory/memory.go:185.21,187.3 1 1
purser/pkg/cache/memory/memory.go:189.2,193.26 4 22
purser/pkg/cache/memory/memory.go:193.26,195.3 1 22
purser/pkg/cache/memory/memory.go:197.2,197.36 1 22
purser/pkg/cache/memory/memory.go:197.36,199.3 1 2
purser/pkg/cache/memory/memory.go:201.2,201.24 1 22
purser/pkg/cache/memory/memory.go:201.24,202.58 1 22
purser/pkg/cache/memory/memory.go:202.58,203.45 1 1
purser/pkg/cache/memory/memory.go:203.45,204.10 1 0
purser/pkg/cache/memory/memory.go:206.4,206.136 1 1
purser/pkg/cache/memory/memory.go:210.2,212.13 3 22
purser/pkg/cache/memory/memory.go:212.13,214.3 1 2
purser/pkg/cache/memory/memory.go:216.2,218.12 3 22
purser/pkg/cache/memory/memory.go:222.63,223.21 1 5
purser/pkg/cache/memory/memory.go:223.21,225.3 1 1
purser/pkg/cache/memory/memory.go:227.2,233.12 6 4
purser/pkg/cache/memory/memory.go:237.55,238.21 1 4
purser/pkg/cache/memory/memory.go:238.21,240.3 1 1
purser/pkg/cache/memory/memory.go:242.2,247.15 5 3
purser/pkg/cache/memory/memory.go:251.31,252.43 1 17
purser/pkg/cache/memory/memory.go:252.43,254.3 1 1
purser/pkg/cache/memory/memory.go:255.2,257.12 3 16
purser/pkg/cache/memory/memory.go:269.32,275.2 1 16
purser/pkg/cache/memory/memory.go:278.40,279.26 1 1
purser/pkg/cache/memory/memory.go:279.26,279.42 1 1
purser/pkg/cache/memory/memory.go:283.57,284.26 1 1
purser/pkg/cache/memory/memory.go:284.26,284.51 1 1
purser/pkg/cache/memory/memory.go:288.56,289.26 1 2
purser/pkg/cache/memory/memory.go:289.26,289.50 1 2
purser/internal/adapters/imagestore/local/local.go:56.61,57.16 1 11
purser/internal/adapters/imagestore/local/local.go:57.16,59.3 1 0
purser/internal/adapters/imagestore/local/local.go:60.2,60.16 1 11
purser/internal/adapters/imagestore/local/local.go:60.16,62.3 1 0
purser/internal/adapters/imagestore/local/local.go:64.2,65.16 2 11
purser/internal/adapters/imagestore/local/local.go:65.16,67.3 1 0
purser/internal/adapters/imagestore/local/local.go:68.2,68.52 1 11
purser/internal/adapters/imagestore/local/local.go:68.52,70.3 1 0
purser/internal/adapters/imagestore/local/local.go:72.2,73.27 2 11
purser/internal/adapters/imagestore/local/local.go:73.27,75.3 1 1
purser/internal/adapters/imagestore/local/local.go:77.2,86.117 3 11
purser/internal/adapters/imagestore/local/local.go:86.117,88.3 1 0
purser/internal/adapters/imagestore/local/local.go:89.2,89.112 1 11
purser/internal/adapters/imagestore/local/local.go:89.112,91.3 1 0
purser/internal/adapters/imagestore/local/local.go:92.2,92.123 1 11
purser/internal/adapters/imagestore/local/local.go:92.123,94.3 1 0
purser/internal/adapters/imagestore/local/local.go:96.2,97.15 2 11
purser/internal/adapters/imagestore/local/local.go:101.93,109.21 3 10
purser/internal/adapters/imagestore/local/local.go:109.21,111.3 1 0
purser/internal/adapters/imagestore/local/local.go:112.2,112.14 1 10
purser/internal/adapters/imagestore/local/local.go:112.14,114.3 1 0
purser/internal/adapters/imagestore/local/local.go:116.2,126.63 6 10
purser/internal/adapters/imagestore/local/local.go:126.63,128.3 1 0
purser/internal/adapters/imagestore/local/local.go:130.2,131.16 2 10
purser/internal/adapters/imagestore/local/local.go:131.16,133.3 1 0
purser/internal/adapters/imagestore/local/local.go:134.2,135.15 2 10
purser/internal/adapters/imagestore/local/local.go:135.15,137.17 2 10
purser/internal/adapters/imagestore/local/local.go:137.17,139.4 1 1
purser/internal/adapters/imagestore/local/local.go:142.2,143.16 2 10
purser/internal/adapters/imagestore/local/local.go:143.16,145.3 1 0
purser/internal/adapters/imagestore/local/local.go:146.2,146.26 1 10
purser/internal/adapters/imagestore/local/local.go:146.26,148.3 1 1
purser/internal/adapters/imagestore/local/local.go:150.2,150.36 1 9
purser/internal/adapters/imagestore/local/local.go:150.36,152.3 1 0
purser/internal/adapters/imagestore/local/local.go:153.2,153.52 1 9
purser/internal/adapters/imagestore/local/local.go:153.52,155.3 1 0
purser/internal/adapters/imagestore/local/local.go:156.2,163.74 2 9
purser/internal/adapters/imagestore/local/local.go:163.74,165.3 1 0
purser/internal/adapters/imagestore/local/local.go:167.2,169.17 3 9
purser/internal/adapters/imagestore/local/local.go:173.77,181.16 4 10
purser/internal/adapters/imagestore/local/local.go:181.16,183.3 1 1
purser/internal/adapters/imagestore/local/local.go:185.2,186.36 2 9
purser/internal/adapters/imagestore/local/local.go:186.36,189.3 2 3
purser/internal/adapters/imagestore/local/local.go:190.2,190.16 1 6
purser/internal/adapters/imagestore/local/local.go:190.16,192.3 1 0
purser/internal/adapters/imagestore/local/local.go:194.2,195.15 2 6
purser/internal/adapters/imagestore/local/local.go:199.63,207.16 4 3
purser/internal/adapters/imagestore/local/local.go:207.16,209.3 1 1
purser/internal/adapters/imagestore/local/local.go:211.2,211.40 1 2
purser/internal/adapters/imagestore/local/local.go:211.40,212.37 1 1
purser/internal/adapters/imagestore/local/local.go:212.37,214.4 1 1
purser/internal/adapters/imagestore/local/local.go:215.3,215.76 1 0
purser/internal/adapters/imagestore/local/local.go:218.2,220.12 3 1
purser/internal/adapters/imagestore/local/local.go:230.53,231.15 1 13
purser/internal/adapters/imagestore/local/local.go:231.15,233.3 1 0
purser/internal/adapters/imagestore/local/local.go:234.2,235.83 2 13
purser/internal/adapters/imagestore/local/local.go:235.83,237.3 1 2
purser/internal/adapters/imagestore/local/local.go:238.2,238.18 1 11
purser/internal/adapters/imagestore/local/local.go:244.59,246.16 2 9
purser/internal/adapters/imagestore/local/local.go:246.16,248.3 1 0
purser/internal/adapters/imagestore/local/local.go:249.2,249.28 1 9
purser/internal/adapters/imagestore/local/local.go:249.28,250.16 1 10
purser/internal/adapters/imagestore/local/local.go:250.16,251.12 1 9
purser/internal/adapters/imagestore/local/local.go:253.3,253.73 1 1
purser/internal/adapters/imagestore/local/local.go:253.73,255.4 1 0
purser/internal/adapters/imagestore/local/local.go:257.2,257.12 1 9
purser/internal/adapters/imagestore/local/local.go:260.30,261.18 1 10
purser/internal/adapters/imagestore/local/local.go:261.18,263.3 1 10
purser/internal/adapters/imagestore/local/local.go:264.2,264.11 1 0
purser/internal/adapters/imagestore/local/local.go:267.43,268.9 1 10
purser/internal/adapters/imagestore/local/local.go:269.36,270.16 1 6
purser/internal/adapters/imagestore/local/local.go:271.35,272.16 1 3
purser/internal/adapters/imagestore/local/local.go:273.36,274.17 1 0
purser/internal/adapters/imagestore/local/local.go:275.35,276.16 1 0
purser/internal/adapters/imagestore/local/local.go:277.35,278.16 1 0
purser/internal/adapters/imagestore/local/local.go:279.10,280.16 1 1
purser/internal/adapters/imagestore/local/local.go:294.32,301.2 1 11
purser/internal/adapters/imagestore/local/local.go:304.35,305.26 1 1
purser/internal/adapters/imagestore/local/local.go:305.26,305.44 1 1
purser/internal/adapters/imagestore/local/local.go:309.40,310.26 1 0
purser/internal/adapters/imagestore/local/local.go:310.26,310.42 1 0
purser/internal/adapters/imagestore/local/local.go:314.57,315.26 1 0
purser/internal/adapters/imagestore/local/local.go:315.26,315.51 1 0
purser/internal/adapters/imagestore/local/local.go:319.56,320.26 1 0
purser/internal/adapters/imagestore/local/local.go:320.26,320.50 1 0
purser/pkg/fswatch/fsnotify/adapter.go:30.44,32.16 2 6
purser/pkg/fswatch/fsnotify/adapter.go:32.16,34.3 1 0
purser/pkg/fswatch/fsnotify/adapter.go:36.2,37.27 2 6
purser/pkg/fswatch/fsnotify/adapter.go:37.27,39.3 1 1
purser/pkg/fswatch/fsnotify/adapter.go:41.2,51.15 4 6
purser/pkg/fswatch/fsnotify/adapter.go:54.26,59.6 4 6
purser/pkg/fswatch/fsnotify/adapter.go:59.6,60.10 1 9
purser/pkg/fswatch/fsnotify/adapter.go:61.35,62.11 1 3
purser/pkg/fswatch/fsnotify/adapter.go:62.11,64.5 1 0
purser/pkg/fswatch/fsnotify/adapter.go:65.4,66.11 2 3
purser/pkg/fswatch/fsnotify/adapter.go:66.11,67.13 1 0
purser/pkg/fswatch/fsnotify/adapter.go:69.4,69.11 1 3
purser/pkg/fswatch/fsnotify/adapter.go:70.25,70.25 0 3
purser/pkg/fswatch/fsnotify/adapter.go:71.18,72.11 1 0
purser/pkg/fswatch/fsnotify/adapter.go:74.36,75.11 1 0
purser/pkg/fswatch/fsnotify/adapter.go:75.11,77.5 1 0
purser/pkg/fswatch/fsnotify/adapter.go:78.4,78.11 1 0
purser/pkg/fswatch/fsnotify/adapter.go:79.25,79.25 0 0
purser/pkg/fswatch/fsnotify/adapter.go:80.18,81.11 1 0
purser/pkg/fswatch/fsnotify/adapter.go:83.17,84.10 1 6
purser/pkg/fswatch/fsnotify/adapter.go:89.58,90.9 1 3
purser/pkg/fswatch/fsnotify/adapter.go:91.29,92.69 1 1
purser/pkg/fswatch/fsnotify/adapter.go:93.28,94.68 1 1
purser/pkg/fswatch/fsnotify/adapter.go:95.29,96.69 1 1
purser/pkg/fswatch/fsnotify/adapter.go:97.29,98.69 1 0
purser/pkg/fswatch/fsnotify/adapter.go:99.10,101.35 1 0
purser/pkg/fswatch/fsnotify/adapter.go:106.42,106.70 1 5
purser/pkg/fswatch/fsnotify/adapter.go:109.45,109.76 1 1
purser/pkg/fswatch/fsnotify/adapter.go:112.52,112.71 1 4
purser/pkg/fswatch/fsnotify/adapter.go:115.41,115.60 1 1
purser/pkg/fswatch/fsnotify/adapter.go:118.33,120.24 2 6
purser/pkg/fswatch/fsnotify/adapter.go:120.24,125.3 4 6
purser/pkg/fswatch/fsnotify/adapter.go:126.2,126.12 1 6
purser/pkg/fswatch/fsnotify/options.go:12.32,14.2 1 6
purser/pkg/fswatch/fsnotify/options.go:17.40,18.26 1 1
purser/pkg/fswatch/fsnotify/options.go:18.26,18.42 1 1
purser/pkg/filehash/filehash.go:41.42,43.16 2 4
purser/pkg/filehash/filehash.go:43.16,45.3 1 1
purser/pkg/filehash/filehash.go:46.2,46.15 1 3
purser/pkg/filehash/filehash.go:46.15,46.32 1 3
purser/pkg/filehash/filehash.go:48.2,49.16 2 3
purser/pkg/filehash/filehash.go:49.16,51.3 1 0
purser/pkg/filehash/filehash.go:52.2,53.22 2 3
purser/pkg/filehash/filehash.go:53.22,55.3 1 1
purser/pkg/filehash/filehash.go:57.2,60.48 3 2
purser/pkg/filehash/filehash.go:60.48,62.3 1 0
purser/pkg/filehash/filehash.go:63.2,66.58 3 2
purser/pkg/filehash/filehash.go:66.58,68.3 1 0
purser/pkg/filehash/filehash.go:69.2,71.41 2 2
purser/pkg/filehash/filehash.go:79.34,81.38 2 4
purser/pkg/filehash/filehash.go:81.38,83.3 1 32768
purser/pkg/filehash/filehash.go:84.2,84.12 1 4
purser/pkg/filehash/filehash.go:88.39,90.2 1 3
purser/pkg/filehash/filehash.go:93.40,95.2 1 3
purser/pkg/filehash/filehash.go:98.42,100.2 1 3
purser/pkg/filehash/filehash.go:104.55,106.16 2 9
purser/pkg/filehash/filehash.go:106.16,108.3 1 3
purser/pkg/filehash/filehash.go:109.2,109.15 1 6
purser/pkg/filehash/filehash.go:109.15,109.32 1 6
purser/pkg/filehash/filehash.go:111.2,111.41 1 6
purser/pkg/filehash/filehash.go:111.41,113.3 1 0
purser/pkg/filehash/filehash.go:114.2,114.44 1 6
purser/pkg/httpclient/cachingtransport.go:49.102,51.27 2 6
purser/pkg/httpclient/cachingtransport.go:51.27,53.3 1 0
purser/pkg/httpclient/cachingtransport.go:55.2,57.16 3 6
purser/pkg/httpclient/cachingtransport.go:57.16,59.3 1 0
purser/pkg/httpclient/cachingtransport.go:60.2,61.16 2 6
purser/pkg/httpclient/cachingtransport.go:61.16,63.3 1 0
purser/pkg/httpclient/cachingtransport.go:65.2,72.8 1 6
purser/pkg/httpclient/cachingtransport.go:76.81,77.67 1 9
purser/pkg/httpclient/cachingtransport.go:77.67,79.3 1 2
purser/pkg/httpclient/cachingtransport.go:81.2,88.56 4 7
purser/pkg/httpclient/cachingtransport.go:88.56,90.3 1 1
purser/pkg/httpclient/cachingtransport.go:90.8,90.15 1 6
purser/pkg/httpclient/cachingtransport.go:90.15,92.18 2 2
purser/pkg/httpclient/cachingtransport.go:92.18,97.4 4 1
purser/pkg/httpclient/cachingtransport.go:98.3,98.94 1 1
purser/pkg/httpclient/cachingtransport.go:101.2,105.16 4 6
purser/pkg/httpclient/cachingtransport.go:105.16,107.3 1 1
purser/pkg/httpclient/cachingtransport.go:109.2,109.38 1 5
purser/pkg/httpclient/cachingtransport.go:109.38,110.69 1 3
purser/pkg/httpclient/cachingtransport.go:110.69,111.58 1 3
purser/pkg/httpclient/cachingtransport.go:111.58,113.5 1 1
purser/pkg/httpclient/cachingtransport.go:117.2,117.18 1 5
purser/pkg/httpclient/cachingtransport.go:120.41,122.2 1 8
purser/pkg/httpclient/client.go:21.60,23.27 2 7
purser/pkg/httpclient/client.go:23.27,25.3 1 1
purser/pkg/httpclient/client.go:27.2,28.17 2 7
purser/pkg/httpclient/client.go:28.17,47.3 1 6
purser/pkg/httpclient/client.go:49.2,50.16 2 7
purser/pkg/httpclient/client.go:50.16,52.3 1 0
purser/pkg/httpclient/client.go:54.2,58.8 1 7
purser/pkg/httpclient/client.go:61.77,62.58 1 7
purser/pkg/httpclient/client.go:62.58,63.22 1 3
purser/pkg/httpclient/client.go:63.22,65.4 1 2
purser/pkg/httpclient/client.go:66.3,66.13 1 1
purser/pkg/httpclient/config.go:59.29,74.2 1 7
purser/pkg/httpclient/options.go:27.32,33.2 1 19
purser/pkg/httpclient/options.go:36.40,37.26 1 0
purser/pkg/httpclient/options.go:37.26,37.42 1 0
purser/pkg/httpclient/options.go:41.57,42.26 1 0
purser/pkg/httpclient/options.go:42.26,42.51 1 0
purser/pkg/httpclient/options.go:46.56,47.26 1 0
purser/pkg/httpclient/options.go:47.26,47.50 1 0
purser/pkg/httpclient/options.go:53.53,54.26 1 1
purser/pkg/httpclient/options.go:54.26,54.50 1 1
purser/pkg/httpclient/tracehooks.go:23.34,25.2 1 16
purser/pkg/httpclient/tracehooks.go:27.59,29.42 1 15
purser/pkg/httpclient/tracehooks.go:29.42,33.4 3 1
purser/pkg/httpclient/tracehooks.go:34.40,38.4 3 1
purser/pkg/httpclient/tracehooks.go:39.38,43.4 3 8
purser/pkg/httpclient/tracehooks.go:44.44,48.4 3 8
purser/pkg/httpclient/tracehooks.go:49.29,53.4 3 2
purser/pkg/httpclient/tracehooks.go:54.54,58.4 3 2
purser/pkg/httpclient/tracehooks.go:62.50,66.2 3 30
purser/pkg/httpclient/tracehooks.go:68.54,72.2 3 30
purser/pkg/httpclient/tracehooks.go:74.50,78.2 3 30
purser/pkg/httpclient/tracehooks.go:80.57,81.37 1 94
purser/pkg/httpclient/tracehooks.go:81.37,83.3 1 71
purser/pkg/httpclient/tracehooks.go:84.2,84.24 1 23
purser/pkg/httpclient/transport.go:30.117,37.16 3 13
purser/pkg/httpclient/transport.go:37.16,39.3 1 0
purser/pkg/httpclient/transport.go:41.2,47.8 1 13
purser/pkg/httpclient/transport.go:51.86,52.61 1 14
purser/pkg/httpclient/transport.go:52.61,55.3 2 10
purser/pkg/httpclient/transport.go:57.2,96.16 12 14
purser/pkg/httpclient/transport.go:96.16,103.3 6 3
purser/pkg/httpclient/transport.go:105.2,110.18 5 11
purser/pkg/jobqueue/diagnostic.go:31.68,32.22 1 7
purser/pkg/jobqueue/diagnostic.go:32.22,34.3 1 4
purser/pkg/jobqueue/diagnostic.go:35.2,36.33 2 3
purser/pkg/jobqueue/diagnostic.go:36.33,38.10 2 5
purser/pkg/jobqueue/diagnostic.go:38.10,39.12 1 0
purser/pkg/jobqueue/diagnostic.go:41.3,42.59 2 5
purser/pkg/jobqueue/diagnostic.go:42.59,43.12 1 0
purser/pkg/jobqueue/diagnostic.go:45.3,45.22 1 5
purser/pkg/jobqueue/diagnostic.go:47.2,47.15 1 3
purser/pkg/jobqueue/diagnostic.go:57.50,59.2 1 12
purser/pkg/jobqueue/diagnostic.go:67.76,69.16 2 7
purser/pkg/jobqueue/diagnostic.go:69.16,71.3 1 0
purser/pkg/jobqueue/diagnostic.go:73.2,75.33 2 7
purser/pkg/jobqueue/diagnostic.go:75.33,76.51 1 13
purser/pkg/jobqueue/diagnostic.go:76.51,78.4 1 0
purser/pkg/jobqueue/diagnostic.go:80.3,83.40 3 13
purser/pkg/jobqueue/diagnostic.go:83.40,85.18 2 30
purser/pkg/jobqueue/diagnostic.go:85.18,87.5 1 0
purser/pkg/jobqueue/diagnostic.go:89.4,92.33 3 30
purser/pkg/jobqueue/diagnostic.go:92.33,95.96 3 5
purser/pkg/jobqueue/diagnostic.go:95.96,97.6 1 0
purser/pkg/jobqueue/diagnostic.go:98.5,101.10 2 5
purser/pkg/jobqueue/diagnostic.go:104.4,104.117 1 25
purser/pkg/jobqueue/diagnostic.go:104.117,106.5 1 0
purser/pkg/jobqueue/diagnostic.go:109.3,109.64 1 13
purser/pkg/jobqueue/diagnostic.go:109.64,111.4 1 0
purser/pkg/jobqueue/diagnostic.go:114.2,114.12 1 7
purser/pkg/jobqueue/engine.go:48.53,50.27 2 12
purser/pkg/jobqueue/engine.go:50.27,52.3 1 12
purser/pkg/jobqueue/engine.go:54.2,67.16 5 12
purser/pkg/jobqueue/engine.go:67.16,68.70 1 0
purser/pkg/jobqueue/engine.go:70.2,72.16 1 12
purser/pkg/jobqueue/engine.go:72.16,73.60 1 0
purser/pkg/jobqueue/engine.go:75.2,77.16 1 12
purser/pkg/jobqueue/engine.go:77.16,78.59 1 0
purser/pkg/jobqueue/engine.go:81.2,82.10 2 12
purser/pkg/jobqueue/engine.go:87.55,91.2 3 15
purser/pkg/jobqueue/engine.go:93.57,98.2 4 11
purser/pkg/jobqueue/engine.go:107.121,109.9 2 11
purser/pkg/jobqueue/engine.go:109.9,111.3 1 1
purser/pkg/jobqueue/engine.go:113.2,121.35 3 10
purser/pkg/jobqueue/engine.go:121.35,123.3 1 17
purser/pkg/jobqueue/engine.go:125.2,125.52 1 10
purser/pkg/jobqueue/engine.go:125.52,127.3 1 0
purser/pkg/jobqueue/engine.go:129.2,139.25 5 10
purser/pkg/jobqueue/engine.go:144.68,146.2 1 275
purser/pkg/jobqueue/engine.go:151.128,153.2 1 2
purser/pkg/jobqueue/engine.go:165.90,166.54 1 4
purser/pkg/jobqueue/engine.go:166.54,168.3 1 1
purser/pkg/jobqueue/engine.go:170.2,173.16 3 3
purser/pkg/jobqueue/engine.go:173.16,176.3 2 0
purser/pkg/jobqueue/engine.go:182.2,183.27 2 3
purser/pkg/jobqueue/engine.go:183.27,185.3 1 1
purser/pkg/jobqueue/engine.go:187.2,187.29 1 3
purser/pkg/jobqueue/engine.go:192.72,197.16 4 10
purser/pkg/jobqueue/engine.go:197.16,200.3 2 0
purser/pkg/jobqueue/engine.go:202.2,204.52 3 10
purser/pkg/jobqueue/engine.go:204.52,207.3 2 0
purser/pkg/jobqueue/engine.go:208.2,211.20 3 10
purser/pkg/jobqueue/engine.go:211.20,213.3 1 0
purser/pkg/jobqueue/engine.go:215.2,216.16 2 10
purser/pkg/jobqueue/engine.go:216.16,219.3 2 0
purser/pkg/jobqueue/engine.go:220.2,222.52 3 10
purser/pkg/jobqueue/engine.go:222.52,225.3 2 0
purser/pkg/jobqueue/engine.go:226.2,228.90 2 10
purser/pkg/jobqueue/engine.go:233.50,234.20 1 15
purser/pkg/jobqueue/engine.go:234.20,236.3 1 1
purser/pkg/jobqueue/engine.go:237.2,237.25 1 14
purser/pkg/jobqueue/engine.go:237.25,239.3 1 1
purser/pkg/jobqueue/engine.go:240.2,241.30 2 13
purser/pkg/jobqueue/engine.go:241.30,242.19 1 23
purser/pkg/jobqueue/engine.go:243.24,244.15 1 14
purser/pkg/jobqueue/engine.go:245.21,246.12 1 9
purser/pkg/jobqueue/engine.go:249.2,249.9 1 13
purser/pkg/jobqueue/engine.go:250.19,251.25 1 7
purser/pkg/jobqueue/engine.go:252.22,253.22 1 3
purser/pkg/jobqueue/engine.go:254.10,255.23 1 3
purser/pkg/jobqueue/engine.go:268.32,274.2 1 12
purser/pkg/jobqueue/engine.go:277.40,278.26 1 12
purser/pkg/jobqueue/engine.go:278.26,278.42 1 12
purser/pkg/jobqueue/engine.go:282.57,283.26 1 0
purser/pkg/jobqueue/engine.go:283.26,283.51 1 0
purser/pkg/jobqueue/engine.go:287.56,288.26 1 0
purser/pkg/jobqueue/engine.go:288.26,288.50 1 0
purser/pkg/jobqueue/hub.go:54.39,56.2 1 19
purser/pkg/jobqueue/hub.go:66.96,71.26 5 12
purser/pkg/jobqueue/hub.go:71.26,73.3 1 10
purser/pkg/jobqueue/hub.go:74.2,77.34 3 12
purser/pkg/jobqueue/hub.go:77.34,77.61 1 3
purser/pkg/jobqueue/hub.go:77.70,77.93 1 12
purser/pkg/jobqueue/hub.go:86.55,90.9 4 3
purser/pkg/jobqueue/hub.go:90.9,92.3 1 0
purser/pkg/jobqueue/hub.go:93.2,94.9 2 3
purser/pkg/jobqueue/hub.go:94.9,96.3 1 0
purser/pkg/jobqueue/hub.go:97.2,97.9 1 3
purser/pkg/jobqueue/hub.go:98.19,98.19 0 3
purser/pkg/jobqueue/hub.go:99.10,99.10 0 0
purser/pkg/jobqueue/hub.go:107.44,111.9 4 17
purser/pkg/jobqueue/hub.go:111.9,113.3 1 5
purser/pkg/jobqueue/hub.go:114.2,114.27 1 12
purser/pkg/jobqueue/hub.go:114.27,117.3 2 12
purser/pkg/jobqueue/hub.go:118.2,118.20 1 12
purser/pkg/jobqueue/hub.go:118.20,120.3 1 10
purser/pkg/jobqueue/hub.go:129.35,133.28 4 156
purser/pkg/jobqueue/hub.go:133.28,135.3 1 54
purser/pkg/jobqueue/hub.go:136.2,139.25 3 156
purser/pkg/jobqueue/hub.go:139.25,140.10 1 54
purser/pkg/jobqueue/hub.go:141.20,141.20 0 49
purser/pkg/jobqueue/hub.go:142.11,143.107 1 5
purser/pkg/jobqueue/hub.go:145.3,145.15 1 54
purser/pkg/jobqueue/hub.go:145.15,147.4 1 4
purser/pkg/jobqueue/job.go:20.21,22.16 2 57
purser/pkg/jobqueue/job.go:22.16,25.55 1 0
purser/pkg/jobqueue/job.go:27.2,27.20 1 57
purser/pkg/jobqueue/job.go:46.33,47.11 1 182
purser/pkg/jobqueue/job.go:48.52,49.14 1 32
purser/pkg/jobqueue/job.go:50.10,51.15 1 150
purser/pkg/jobqueue/job.go:82.35,83.35 1 8
purser/pkg/jobqueue/job.go:83.35,85.3 1 2
purser/pkg/jobqueue/job.go:86.2,87.28 2 6
purser/pkg/jobqueue/job.go:87.28,88.26 1 15
purser/pkg/jobqueue/job.go:88.26,90.4 1 12
purser/pkg/jobqueue/job.go:92.2,92.46 1 6
purser/pkg/jobqueue/job.go:114.34,115.35 1 5
purser/pkg/jobqueue/job.go:115.35,117.3 1 2
purser/pkg/jobqueue/job.go:118.2,119.28 2 3
purser/pkg/jobqueue/job.go:119.28,120.26 1 8
purser/pkg/jobqueue/job.go:120.26,122.4 1 7
purser/pkg/jobqueue/job.go:124.2,124.46 1 3
purser/pkg/jobqueue/job.go:129.28,130.14 1 659
purser/pkg/jobqueue/job.go:130.14,132.3 1 1
purser/pkg/jobqueue/job.go:133.2,134.21 2 658
purser/pkg/jobqueue/job.go:134.21,136.30 2 260
purser/pkg/jobqueue/job.go:136.30,138.4 1 410
purser/pkg/jobqueue/job.go:140.2,141.28 2 658
purser/pkg/jobqueue/job.go:141.28,144.29 3 1475
purser/pkg/jobqueue/job.go:144.29,146.23 2 1905
purser/pkg/jobqueue/job.go:146.23,148.34 2 1560
purser/pkg/jobqueue/job.go:148.34,150.6 1 1560
purser/pkg/jobqueue/job.go:152.4,152.23 1 1905
purser/pkg/jobqueue/job.go:154.3,154.21 1 1475
purser/pkg/jobqueue/job.go:156.2,156.12 1 658
purser/pkg/jobqueue/job.go:163.62,164.34 1 2
purser/pkg/jobqueue/job.go:164.34,166.3 1 1
purser/pkg/jobqueue/job.go:167.2,167.40 1 1
purser/pkg/jobqueue/job.go:167.40,169.3 1 0
purser/pkg/jobqueue/job.go:170.2,170.13 1 1
purser/pkg/jobqueue/job.go:174.44,175.28 1 94
purser/pkg/jobqueue/job.go:175.28,176.21 1 154
purser/pkg/jobqueue/job.go:176.21,178.4 1 94
purser/pkg/jobqueue/job.go:180.2,180.12 1 0
purser/pkg/jobqueue/job.go:184.45,185.28 1 30
purser/pkg/jobqueue/job.go:185.28,186.21 1 55
purser/pkg/jobqueue/job.go:186.21,188.4 1 30
purser/pkg/jobqueue/job.go:190.2,190.12 1 0
purser/pkg/jobqueue/runner.go:25.57,27.2 1 10
purser/pkg/jobqueue/runner.go:32.95,34.16 2 94
purser/pkg/jobqueue/runner.go:34.16,36.3 1 0
purser/pkg/jobqueue/runner.go:37.2,38.14 2 94
purser/pkg/jobqueue/runner.go:38.14,40.3 1 0
purser/pkg/jobqueue/runner.go:41.2,42.59 2 94
purser/pkg/jobqueue/runner.go:42.59,44.3 1 0
purser/pkg/jobqueue/runner.go:45.2,45.17 1 94
purser/pkg/jobqueue/runner.go:49.70,50.54 1 17
purser/pkg/jobqueue/runner.go:50.54,53.3 2 17
purser/pkg/jobqueue/runner.go:54.2,54.16 1 17
purser/pkg/jobqueue/runner.go:54.16,56.3 1 0
purser/pkg/jobqueue/runner.go:57.2,58.12 2 17
purser/pkg/jobqueue/runner.go:62.86,63.54 1 17
purser/pkg/jobqueue/runner.go:63.54,66.3 2 17
purser/pkg/jobqueue/runner.go:67.2,67.16 1 17
purser/pkg/jobqueue/runner.go:67.16,69.3 1 0
purser/pkg/jobqueue/runner.go:70.2,71.12 2 17
purser/pkg/jobqueue/runner.go:87.91,90.54 3 30
purser/pkg/jobqueue/runner.go:90.54,92.3 1 30
purser/pkg/jobqueue/runner.go:93.2,93.16 1 30
purser/pkg/jobqueue/runner.go:93.16,95.3 1 0
purser/pkg/jobqueue/runner.go:96.2,109.113 4 30
purser/pkg/jobqueue/runner.go:119.118,121.64 2 30
purser/pkg/jobqueue/runner.go:121.64,123.15 2 30
purser/pkg/jobqueue/runner.go:123.15,125.4 1 0
purser/pkg/jobqueue/runner.go:126.3,129.20 4 30
purser/pkg/jobqueue/runner.go:131.2,131.22 1 30
purser/pkg/jobqueue/runner.go:131.22,133.3 1 30
purser/pkg/jobqueue/runner.go:135.2,152.16 8 30
purser/pkg/jobqueue/runner.go:152.16,154.3 1 5
purser/pkg/jobqueue/runner.go:154.8,156.3 1 25
purser/pkg/jobqueue/runner.go:158.2,158.18 1 30
purser/internal/adapters/store/composite.go:57.201,58.16 1 5
purser/internal/adapters/store/composite.go:58.16,60.3 1 1
purser/internal/adapters/store/composite.go:61.2,61.22 1 4
purser/internal/adapters/store/composite.go:61.22,63.3 1 0
purser/internal/adapters/store/composite.go:64.2,64.15 1 4
purser/internal/adapters/store/composite.go:64.15,66.3 1 0
purser/internal/adapters/store/composite.go:67.2,67.18 1 4
purser/internal/adapters/store/composite.go:67.18,69.3 1 1
purser/internal/adapters/store/composite.go:70.2,70.20 1 3
purser/internal/adapters/store/composite.go:70.20,72.3 1 1
purser/internal/adapters/store/composite.go:74.2,75.27 2 2
purser/internal/adapters/store/composite.go:75.27,77.3 1 0
purser/internal/adapters/store/composite.go:79.2,91.142 4 2
purser/internal/adapters/store/composite.go:91.142,93.3 1 0
purser/internal/adapters/store/composite.go:94.2,94.130 1 2
purser/internal/adapters/store/composite.go:94.130,96.3 1 0
purser/internal/adapters/store/composite.go:97.2,97.142 1 2
purser/internal/adapters/store/composite.go:97.142,99.3 1 0
purser/internal/adapters/store/composite.go:100.2,100.142 1 2
purser/internal/adapters/store/composite.go:100.142,102.3 1 0
purser/internal/adapters/store/composite.go:103.2,103.133 1 2
purser/internal/adapters/store/composite.go:103.133,105.3 1 0
purser/internal/adapters/store/composite.go:107.2,108.15 2 2
purser/internal/adapters/store/composite.go:114.74,121.16 5 5
purser/internal/adapters/store/composite.go:121.16,123.3 1 0
purser/internal/adapters/store/composite.go:125.2,125.128 1 5
purser/internal/adapters/store/composite.go:125.128,127.3 1 1
purser/internal/adapters/store/composite.go:129.2,131.12 3 4
purser/internal/adapters/store/composite.go:138.82,144.23 4 0
purser/internal/adapters/store/composite.go:144.23,146.17 2 0
purser/internal/adapters/store/composite.go:146.17,148.4 1 0
purser/internal/adapters/store/composite.go:149.3,149.114 1 0
purser/internal/adapters/store/composite.go:152.2,152.52 1 0
purser/internal/adapters/store/composite.go:152.52,154.3 1 0
purser/internal/adapters/store/composite.go:156.2,158.12 3 0
purser/internal/adapters/store/composite.go:163.90,172.16 6 3
purser/internal/adapters/store/composite.go:172.16,173.40 1 1
purser/internal/adapters/store/composite.go:173.40,175.4 1 1
purser/internal/adapters/store/composite.go:176.3,176.18 1 1
purser/internal/adapters/store/composite.go:179.2,180.53 2 2
purser/internal/adapters/store/composite.go:180.53,182.3 1 0
purser/internal/adapters/store/composite.go:183.2,183.16 1 2
purser/internal/adapters/store/composite.go:188.74,195.16 5 1
purser/internal/adapters/store/composite.go:195.16,197.3 1 0
purser/internal/adapters/store/composite.go:199.2,199.128 1 1
purser/internal/adapters/store/composite.go:199.128,201.3 1 0
purser/internal/adapters/store/composite.go:203.2,205.12 3 1
purser/internal/adapters/store/composite.go:210.87,216.59 4 1
purser/internal/adapters/store/composite.go:216.59,218.3 1 0
purser/internal/adapters/store/composite.go:220.2,222.12 3 1
purser/internal/adapters/store/composite.go:230.140,236.16 4 2
purser/internal/adapters/store/composite.go:236.16,238.3 1 0
purser/internal/adapters/store/composite.go:240.2,241.27 2 2
purser/internal/adapters/store/composite.go:241.27,243.54 2 5
purser/internal/adapters/store/composite.go:243.54,245.4 1 0
purser/internal/adapters/store/composite.go:246.3,246.32 1 5
purser/internal/adapters/store/composite.go:249.2,251.32 3 2
purser/internal/adapters/store/composite.go:254.50,257.2 2 6
purser/internal/adapters/store/composite.go:259.40,261.2 1 10
purser/internal/adapters/store/filtered.go:53.180,54.16 1 3
purser/internal/adapters/store/filtered.go:54.16,56.3 1 0
purser/internal/adapters/store/filtered.go:57.2,57.22 1 3
purser/internal/adapters/store/filtered.go:57.22,59.3 1 0
purser/internal/adapters/store/filtered.go:60.2,60.15 1 3
purser/internal/adapters/store/filtered.go:60.15,62.3 1 0
purser/internal/adapters/store/filtered.go:63.2,63.17 1 3
purser/internal/adapters/store/filtered.go:63.17,65.3 1 0
purser/internal/adapters/store/filtered.go:66.2,66.20 1 3
purser/internal/adapters/store/filtered.go:66.20,68.3 1 0
purser/internal/adapters/store/filtered.go:70.2,71.27 2 3
purser/internal/adapters/store/filtered.go:71.27,73.3 1 0
purser/internal/adapters/store/filtered.go:75.2,87.142 4 3
purser/internal/adapters/store/filtered.go:87.142,89.3 1 0
purser/internal/adapters/store/filtered.go:90.2,90.130 1 3
purser/internal/adapters/store/filtered.go:90.130,92.3 1 0
purser/internal/adapters/store/filtered.go:93.2,93.142 1 3
purser/internal/adapters/store/filtered.go:93.142,95.3 1 0
purser/internal/adapters/store/filtered.go:96.2,96.142 1 3
purser/internal/adapters/store/filtered.go:96.142,98.3 1 0
purser/internal/adapters/store/filtered.go:99.2,99.133 1 3
purser/internal/adapters/store/filtered.go:99.133,101.3 1 0
purser/internal/adapters/store/filtered.go:103.2,104.15 2 3
purser/internal/adapters/store/filtered.go:109.73,116.16 5 5
purser/internal/adapters/store/filtered.go:116.16,118.3 1 0
purser/internal/adapters/store/filtered.go:120.2,121.46 2 5
purser/internal/adapters/store/filtered.go:121.46,123.3 1 1
purser/internal/adapters/store/filtered.go:125.2,127.12 3 4
purser/internal/adapters/store/filtered.go:132.81,140.16 5 6
purser/internal/adapters/store/filtered.go:140.16,141.40 1 1
purser/internal/adapters/store/filtered.go:141.40,143.4 1 1
purser/internal/adapters/store/filtered.go:144.3,144.18 1 1
purser/internal/adapters/store/filtered.go:147.2,148.53 2 5
purser/internal/adapters/store/filtered.go:148.53,150.3 1 0
purser/internal/adapters/store/filtered.go:151.2,151.16 1 5
purser/internal/adapters/store/filtered.go:156.73,163.16 5 1
purser/internal/adapters/store/filtered.go:163.16,165.3 1 0
purser/internal/adapters/store/filtered.go:167.2,168.46 2 1
purser/internal/adapters/store/filtered.go:168.46,170.3 1 0
purser/internal/adapters/store/filtered.go:172.2,174.12 3 1
purser/internal/adapters/store/filtered.go:179.78,184.59 3 1
purser/internal/adapters/store/filtered.go:184.59,186.3 1 0
purser/internal/adapters/store/filtered.go:188.2,190.12 3 1
purser/internal/adapters/store/filtered.go:197.86,202.65 3 0
purser/internal/adapters/store/filtered.go:202.65,204.3 1 0
purser/internal/adapters/store/filtered.go:206.2,208.12 3 0
purser/internal/adapters/store/filtered.go:215.81,221.23 4 2
purser/internal/adapters/store/filtered.go:221.23,224.17 3 4
purser/internal/adapters/store/filtered.go:224.17,226.4 1 0
purser/internal/adapters/store/filtered.go:227.3,227.109 1 4
purser/internal/adapters/store/filtered.go:230.2,230.52 1 2
purser/internal/adapters/store/filtered.go:230.52,232.3 1 1
purser/internal/adapters/store/filtered.go:234.2,236.12 3 1
purser/internal/adapters/store/filtered.go:242.139,248.16 4 2
purser/internal/adapters/store/filtered.go:248.16,250.3 1 0
purser/internal/adapters/store/filtered.go:252.2,253.27 2 2
purser/internal/adapters/store/filtered.go:253.27,255.54 2 1
purser/internal/adapters/store/filtered.go:255.54,257.4 1 0
purser/internal/adapters/store/filtered.go:258.3,258.32 1 1
purser/internal/adapters/store/filtered.go:261.2,263.32 3 2
purser/internal/adapters/store/store.go:55.128,56.16 1 5
purser/internal/adapters/store/store.go:56.16,58.3 1 1
purser/internal/adapters/store/store.go:59.2,59.22 1 4
purser/internal/adapters/store/store.go:59.22,61.3 1 1
purser/internal/adapters/store/store.go:62.2,62.15 1 3
purser/internal/adapters/store/store.go:62.15,64.3 1 1
purser/internal/adapters/store/store.go:65.2,65.17 1 2
purser/internal/adapters/store/store.go:65.17,67.3 1 1
purser/internal/adapters/store/store.go:69.2,70.27 2 1
purser/internal/adapters/store/store.go:70.27,72.3 1 0
purser/internal/adapters/store/store.go:74.2,86.142 4 1
purser/internal/adapters/store/store.go:86.142,88.3 1 0
purser/internal/adapters/store/store.go:89.2,89.130 1 1
purser/internal/adapters/store/store.go:89.130,91.3 1 0
purser/internal/adapters/store/store.go:92.2,92.142 1 1
purser/internal/adapters/store/store.go:92.142,94.3 1 0
purser/internal/adapters/store/store.go:95.2,95.142 1 1
purser/internal/adapters/store/store.go:95.142,97.3 1 0
purser/internal/adapters/store/store.go:98.2,98.133 1 1
purser/internal/adapters/store/store.go:98.133,100.3 1 0
purser/internal/adapters/store/store.go:102.2,103.15 2 1
purser/internal/adapters/store/store.go:108.65,115.16 5 2
purser/internal/adapters/store/store.go:115.16,117.3 1 0
purser/internal/adapters/store/store.go:119.2,119.107 1 2
purser/internal/adapters/store/store.go:119.107,121.3 1 1
purser/internal/adapters/store/store.go:123.2,125.12 3 1
purser/internal/adapters/store/store.go:130.73,138.16 5 3
purser/internal/adapters/store/store.go:138.16,139.40 1 1
purser/internal/adapters/store/store.go:139.40,141.4 1 1
purser/internal/adapters/store/store.go:142.3,142.18 1 1
purser/internal/adapters/store/store.go:145.2,146.53 2 2
purser/internal/adapters/store/store.go:146.53,148.3 1 0
purser/internal/adapters/store/store.go:149.2,149.16 1 2
purser/internal/adapters/store/store.go:154.65,161.16 5 1
purser/internal/adapters/store/store.go:161.16,163.3 1 0
purser/internal/adapters/store/store.go:165.2,165.107 1 1
purser/internal/adapters/store/store.go:165.107,167.3 1 0
purser/internal/adapters/store/store.go:169.2,171.12 3 1
purser/internal/adapters/store/store.go:176.70,181.59 3 1
purser/internal/adapters/store/store.go:181.59,183.3 1 0
purser/internal/adapters/store/store.go:185.2,187.12 3 1
purser/internal/adapters/store/store.go:194.78,199.65 3 0
purser/internal/adapters/store/store.go:199.65,201.3 1 0
purser/internal/adapters/store/store.go:203.2,205.12 3 0
purser/internal/adapters/store/store.go:211.105,217.16 4 1
purser/internal/adapters/store/store.go:217.16,219.3 1 0
purser/internal/adapters/store/store.go:221.2,222.27 2 1
purser/internal/adapters/store/store.go:222.27,224.54 2 1
purser/internal/adapters/store/store.go:224.54,226.4 1 0
purser/internal/adapters/store/store.go:227.3,227.32 1 1
purser/internal/adapters/store/store.go:230.2,232.32 3 1
purser/internal/adapters/store/store.go:240.47,240.66 1 0
purser/internal/adapters/store/store.go:244.47,244.66 1 0
purser/internal/adapters/store/store.go:248.62,248.88 1 0
purser/internal/adapters/store/store.go:259.32,265.2 1 6
purser/internal/adapters/store/store.go:268.40,269.26 1 0
purser/internal/adapters/store/store.go:269.26,269.42 1 0
purser/internal/adapters/store/store.go:273.57,274.26 1 0
purser/internal/adapters/store/store.go:274.26,274.51 1 0
purser/internal/adapters/store/store.go:278.56,279.26 1 0
purser/internal/adapters/store/store.go:279.26,279.50 1 0
purser/internal/adapters/datastore/sql/dialect.go:29.51,30.32 1 161
purser/internal/adapters/datastore/sql/dialect.go:30.32,32.3 1 161
purser/internal/adapters/datastore/sql/dialect.go:33.2,36.26 4 0
purser/internal/adapters/datastore/sql/dialect.go:36.26,37.15 1 0
purser/internal/adapters/datastore/sql/dialect.go:37.15,39.12 2 0
purser/internal/adapters/datastore/sql/dialect.go:41.3,43.33 3 0
purser/internal/adapters/datastore/sql/dialect.go:45.2,45.19 1 0
purser/internal/adapters/datastore/sql/dialect.go:53.50,54.16 1 2
purser/internal/adapters/datastore/sql/dialect.go:54.16,56.3 1 0
purser/internal/adapters/datastore/sql/dialect.go:57.2,57.17 1 2
purser/internal/adapters/datastore/sql/dialect.go:58.23,60.29 2 0
purser/internal/adapters/datastore/sql/dialect.go:60.29,62.4 1 0
purser/internal/adapters/datastore/sql/dialect.go:63.20,65.29 2 0
purser/internal/adapters/datastore/sql/dialect.go:65.29,67.4 1 0
purser/internal/adapters/datastore/sql/dialect.go:68.21,69.67 1 2
purser/internal/adapters/datastore/sql/dialect.go:71.2,71.14 1 0
purser/internal/adapters/datastore/sql/sql.go:40.42,42.16 2 19
purser/internal/adapters/datastore/sql/sql.go:42.16,44.3 1 0
purser/internal/adapters/datastore/sql/sql.go:46.2,47.16 2 19
purser/internal/adapters/datastore/sql/sql.go:47.16,49.3 1 0
purser/internal/adapters/datastore/sql/sql.go:51.2,51.35 1 19
purser/internal/adapters/datastore/sql/sql.go:51.35,57.88 2 19
purser/internal/adapters/datastore/sql/sql.go:57.88,60.4 2 0
purser/internal/adapters/datastore/sql/sql.go:63.2,63.56 1 19
purser/internal/adapters/datastore/sql/sql.go:63.56,66.3 2 0
purser/internal/adapters/datastore/sql/sql.go:68.2,68.16 1 19
purser/internal/adapters/datastore/sql/sql.go:71.44,72.11 1 19
purser/internal/adapters/datastore/sql/sql.go:73.23,74.20 1 0
purser/internal/adapters/datastore/sql/sql.go:75.20,76.22 1 0
purser/internal/adapters/datastore/sql/sql.go:77.21,78.23 1 19
purser/internal/adapters/datastore/sql/sql.go:79.10,80.64 1 0
purser/internal/adapters/datastore/sql/sql.go:84.55,89.48 2 19
purser/internal/adapters/datastore/sql/sql.go:89.48,91.3 1 0
purser/internal/adapters/datastore/sql/sql.go:93.2,94.16 2 19
purser/internal/adapters/datastore/sql/sql.go:94.16,96.3 1 0
purser/internal/adapters/datastore/sql/sql.go:97.2,98.18 2 19
purser/internal/adapters/datastore/sql/sql.go:98.18,100.39 2 0
purser/internal/adapters/datastore/sql/sql.go:100.39,103.4 2 0
purser/internal/adapters/datastore/sql/sql.go:104.3,104.20 1 0
purser/internal/adapters/datastore/sql/sql.go:106.2,107.35 2 19
purser/internal/adapters/datastore/sql/sql.go:107.35,109.3 1 0
purser/internal/adapters/datastore/sql/sql.go:111.2,112.16 2 19
purser/internal/adapters/datastore/sql/sql.go:112.16,114.3 1 0
purser/internal/adapters/datastore/sql/sql.go:116.2,117.28 2 19
purser/internal/adapters/datastore/sql/sql.go:117.28,118.56 1 38
purser/internal/adapters/datastore/sql/sql.go:118.56,120.4 1 38
purser/internal/adapters/datastore/sql/sql.go:122.2,124.26 2 19
purser/internal/adapters/datastore/sql/sql.go:124.26,125.17 1 38
purser/internal/adapters/datastore/sql/sql.go:125.17,126.12 1 0
purser/internal/adapters/datastore/sql/sql.go:128.3,129.17 2 38
purser/internal/adapters/datastore/sql/sql.go:129.17,131.4 1 0
purser/internal/adapters/datastore/sql/sql.go:132.3,132.70 1 38
purser/internal/adapters/datastore/sql/sql.go:132.70,134.4 1 0
purser/internal/adapters/datastore/sql/sql.go:137.2,137.12 1 19
purser/internal/adapters/datastore/sql/sql.go:140.78,142.16 2 38
purser/internal/adapters/datastore/sql/sql.go:142.16,144.3 1 0
purser/internal/adapters/datastore/sql/sql.go:146.2,146.40 1 38
purser/internal/adapters/datastore/sql/sql.go:146.40,149.3 2 0
purser/internal/adapters/datastore/sql/sql.go:151.2,152.92 2 38
purser/internal/adapters/datastore/sql/sql.go:152.92,155.3 2 0
purser/internal/adapters/datastore/sql/sql.go:157.2,157.36 1 38
purser/internal/adapters/datastore/sql/sql.go:157.36,159.3 1 0
purser/internal/adapters/datastore/sql/sql.go:160.2,160.12 1 38
purser/internal/adapters/datastore/sql/store.go:44.84,45.16 1 19
purser/internal/adapters/datastore/sql/store.go:45.16,47.3 1 0
purser/internal/adapters/datastore/sql/store.go:48.2,48.15 1 19
purser/internal/adapters/datastore/sql/store.go:48.15,50.3 1 0
purser/internal/adapters/datastore/sql/store.go:52.2,53.27 2 19
purser/internal/adapters/datastore/sql/store.go:53.27,55.3 1 0
purser/internal/adapters/datastore/sql/store.go:57.2,67.123 4 19
purser/internal/adapters/datastore/sql/store.go:67.123,69.3 1 0
purser/internal/adapters/datastore/sql/store.go:70.2,70.109 1 19
purser/internal/adapters/datastore/sql/store.go:70.109,72.3 1 0
purser/internal/adapters/datastore/sql/store.go:73.2,73.123 1 19
purser/internal/adapters/datastore/sql/store.go:73.123,75.3 1 0
purser/internal/adapters/datastore/sql/store.go:76.2,76.123 1 19
purser/internal/adapters/datastore/sql/store.go:76.123,78.3 1 0
purser/internal/adapters/datastore/sql/store.go:79.2,79.112 1 19
purser/internal/adapters/datastore/sql/store.go:79.112,81.3 1 0
purser/internal/adapters/datastore/sql/store.go:83.2,84.15 2 19
purser/internal/adapters/datastore/sql/store.go:88.75,97.16 4 29
purser/internal/adapters/datastore/sql/store.go:97.16,99.3 1 0
purser/internal/adapters/datastore/sql/store.go:101.2,101.49 1 29
purser/internal/adapters/datastore/sql/store.go:101.49,103.109 2 29
purser/internal/adapters/datastore/sql/store.go:103.109,104.34 1 1
purser/internal/adapters/datastore/sql/store.go:104.34,106.5 1 1
purser/internal/adapters/datastore/sql/store.go:107.4,107.14 1 0
purser/internal/adapters/datastore/sql/store.go:109.3,109.80 1 28
purser/internal/adapters/datastore/sql/store.go:111.2,111.16 1 29
purser/internal/adapters/datastore/sql/store.go:111.16,112.40 1 1
purser/internal/adapters/datastore/sql/store.go:112.40,114.4 1 1
purser/internal/adapters/datastore/sql/store.go:115.3,115.84 1 0
purser/internal/adapters/datastore/sql/store.go:118.2,120.12 3 28
purser/internal/adapters/datastore/sql/store.go:124.93,137.35 7 17
purser/internal/adapters/datastore/sql/store.go:137.35,140.3 2 6
purser/internal/adapters/datastore/sql/store.go:141.2,141.16 1 11
purser/internal/adapters/datastore/sql/store.go:141.16,143.3 1 0
purser/internal/adapters/datastore/sql/store.go:145.2,146.16 2 11
purser/internal/adapters/datastore/sql/store.go:146.16,148.3 1 0
purser/internal/adapters/datastore/sql/store.go:149.2,149.98 1 11
purser/internal/adapters/datastore/sql/store.go:153.75,162.16 4 3
purser/internal/adapters/datastore/sql/store.go:162.16,164.3 1 0
purser/internal/adapters/datastore/sql/store.go:166.2,166.49 1 3
purser/internal/adapters/datastore/sql/store.go:166.49,169.17 3 3
purser/internal/adapters/datastore/sql/store.go:169.17,171.4 1 0
purser/internal/adapters/datastore/sql/store.go:172.3,173.17 2 3
purser/internal/adapters/datastore/sql/store.go:173.17,175.4 1 0
purser/internal/adapters/datastore/sql/store.go:176.3,176.16 1 3
purser/internal/adapters/datastore/sql/store.go:176.16,178.4 1 1
purser/internal/adapters/datastore/sql/store.go:180.3,181.77 2 2
purser/internal/adapters/datastore/sql/store.go:181.77,183.4 1 0
purser/internal/adapters/datastore/sql/store.go:184.3,184.80 1 2
purser/internal/adapters/datastore/sql/store.go:186.2,186.16 1 3
purser/internal/adapters/datastore/sql/store.go:186.16,187.40 1 1
purser/internal/adapters/datastore/sql/store.go:187.40,189.4 1 1
purser/internal/adapters/datastore/sql/store.go:190.3,190.84 1 0
purser/internal/adapters/datastore/sql/store.go:193.2,195.12 3 2
purser/internal/adapters/datastore/sql/store.go:199.74,207.50 3 2
purser/internal/adapters/datastore/sql/store.go:207.50,210.17 3 2
purser/internal/adapters/datastore/sql/store.go:210.17,212.4 1 0
purser/internal/adapters/datastore/sql/store.go:213.3,214.17 2 2
purser/internal/adapters/datastore/sql/store.go:214.17,216.4 1 0
purser/internal/adapters/datastore/sql/store.go:217.3,217.16 1 2
purser/internal/adapters/datastore/sql/store.go:217.16,219.4 1 1
purser/internal/adapters/datastore/sql/store.go:221.3,223.13 3 1
purser/internal/adapters/datastore/sql/store.go:225.2,225.16 1 2
purser/internal/adapters/datastore/sql/store.go:225.16,226.40 1 1
purser/internal/adapters/datastore/sql/store.go:226.40,228.4 1 1
purser/internal/adapters/datastore/sql/store.go:229.3,229.76 1 0
purser/internal/adapters/datastore/sql/store.go:232.2,234.12 3 1
purser/internal/adapters/datastore/sql/store.go:242.158,249.19 3 8
purser/internal/adapters/datastore/sql/store.go:249.19,251.3 1 0
purser/internal/adapters/datastore/sql/store.go:256.2,258.22 3 8
purser/internal/adapters/datastore/sql/store.go:258.22,260.3 1 3
purser/internal/adapters/datastore/sql/store.go:260.8,262.3 1 5
purser/internal/adapters/datastore/sql/store.go:263.2,263.16 1 8
purser/internal/adapters/datastore/sql/store.go:263.16,265.3 1 0
purser/internal/adapters/datastore/sql/store.go:267.2,268.26 2 8
purser/internal/adapters/datastore/sql/store.go:268.26,271.3 2 2
purser/internal/adapters/datastore/sql/store.go:273.2,275.29 3 8
purser/internal/adapters/datastore/sql/store.go:279.83,286.50 3 2
purser/internal/adapters/datastore/sql/store.go:286.50,288.26 2 2
purser/internal/adapters/datastore/sql/store.go:288.26,290.18 2 5
purser/internal/adapters/datastore/sql/store.go:290.18,292.5 1 0
purser/internal/adapters/datastore/sql/store.go:293.4,293.104 1 5
purser/internal/adapters/datastore/sql/store.go:293.104,294.35 1 1
purser/internal/adapters/datastore/sql/store.go:294.35,296.6 1 1
purser/internal/adapters/datastore/sql/store.go:297.5,297.15 1 0
purser/internal/adapters/datastore/sql/store.go:299.4,299.91 1 4
purser/internal/adapters/datastore/sql/store.go:299.91,301.5 1 0
purser/internal/adapters/datastore/sql/store.go:303.3,303.13 1 1
purser/internal/adapters/datastore/sql/store.go:305.2,305.16 1 2
purser/internal/adapters/datastore/sql/store.go:305.16,306.40 1 1
purser/internal/adapters/datastore/sql/store.go:306.40,308.4 1 1
purser/internal/adapters/datastore/sql/store.go:309.3,309.60 1 0
purser/internal/adapters/datastore/sql/store.go:312.2,314.12 3 1
purser/internal/adapters/datastore/sql/store.go:318.89,326.50 3 2
purser/internal/adapters/datastore/sql/store.go:326.50,329.26 3 2
purser/internal/adapters/datastore/sql/store.go:329.26,331.18 2 4
purser/internal/adapters/datastore/sql/store.go:331.18,333.5 1 0
purser/internal/adapters/datastore/sql/store.go:334.4,335.18 2 4
purser/internal/adapters/datastore/sql/store.go:335.18,337.5 1 0
purser/internal/adapters/datastore/sql/store.go:338.4,338.17 1 4
purser/internal/adapters/datastore/sql/store.go:338.17,340.5 1 1
purser/internal/adapters/datastore/sql/store.go:341.4,341.73 1 3
purser/internal/adapters/datastore/sql/store.go:341.73,343.5 1 0
purser/internal/adapters/datastore/sql/store.go:345.3,345.13 1 1
purser/internal/adapters/datastore/sql/store.go:347.2,347.16 1 2
purser/internal/adapters/datastore/sql/store.go:347.16,348.40 1 1
purser/internal/adapters/datastore/sql/store.go:348.40,350.4 1 1
purser/internal/adapters/datastore/sql/store.go:351.3,351.75 1 0
purser/internal/adapters/datastore/sql/store.go:354.2,356.12 3 1
purser/internal/adapters/datastore/sql/store.go:360.83,367.50 3 2
purser/internal/adapters/datastore/sql/store.go:367.50,370.26 3 2
purser/internal/adapters/datastore/sql/store.go:370.26,372.18 2 4
purser/internal/adapters/datastore/sql/store.go:372.18,374.5 1 0
purser/internal/adapters/datastore/sql/store.go:375.4,376.18 2 4
purser/internal/adapters/datastore/sql/store.go:376.18,378.5 1 0
purser/internal/adapters/datastore/sql/store.go:379.4,380.18 2 4
purser/internal/adapters/datastore/sql/store.go:380.18,382.5 1 0
purser/internal/adapters/datastore/sql/store.go:383.4,383.17 1 4
purser/internal/adapters/datastore/sql/store.go:383.17,385.5 1 1
purser/internal/adapters/datastore/sql/store.go:386.4,386.77 1 3
purser/internal/adapters/datastore/sql/store.go:386.77,388.5 1 0
purser/internal/adapters/datastore/sql/store.go:389.4,389.91 1 3
purser/internal/adapters/datastore/sql/store.go:389.91,391.5 1 0
purser/internal/adapters/datastore/sql/store.go:393.3,393.13 1 1
purser/internal/adapters/datastore/sql/store.go:395.2,395.16 1 2
purser/internal/adapters/datastore/sql/store.go:395.16,396.40 1 1
purser/internal/adapters/datastore/sql/store.go:396.40,398.4 1 1
purser/internal/adapters/datastore/sql/store.go:399.3,399.60 1 0
purser/internal/adapters/datastore/sql/store.go:402.2,404.12 3 1
purser/internal/adapters/datastore/sql/store.go:407.124,410.16 3 3
purser/internal/adapters/datastore/sql/store.go:410.16,412.3 1 0
purser/internal/adapters/datastore/sql/store.go:413.2,413.15 1 3
purser/internal/adapters/datastore/sql/store.go:413.15,413.35 1 3
purser/internal/adapters/datastore/sql/store.go:415.2,416.18 2 3
purser/internal/adapters/datastore/sql/store.go:416.18,418.59 2 7
purser/internal/adapters/datastore/sql/store.go:418.59,420.4 1 0
purser/internal/adapters/datastore/sql/store.go:421.3,422.17 2 7
purser/internal/adapters/datastore/sql/store.go:422.17,424.4 1 0
purser/internal/adapters/datastore/sql/store.go:425.3,425.108 1 7
purser/internal/adapters/datastore/sql/store.go:427.2,427.25 1 3
purser/internal/adapters/datastore/sql/store.go:430.155,432.16 2 5
purser/internal/adapters/datastore/sql/store.go:432.16,434.3 1 0
purser/internal/adapters/datastore/sql/store.go:436.2,437.19 2 5
purser/internal/adapters/datastore/sql/store.go:437.19,439.3 1 2
purser/internal/adapters/datastore/sql/store.go:441.2,441.47 1 3
purser/internal/adapters/datastore/sql/store.go:447.124,449.33 2 5
purser/internal/adapters/datastore/sql/store.go:449.33,451.17 2 6
purser/internal/adapters/datastore/sql/store.go:451.17,453.4 1 0
purser/internal/adapters/datastore/sql/store.go:454.3,454.21 1 6
purser/internal/adapters/datastore/sql/store.go:454.21,456.12 2 5
purser/internal/adapters/datastore/sql/store.go:458.3,458.36 1 1
purser/internal/adapters/datastore/sql/store.go:460.2,460.21 1 5
purser/internal/adapters/datastore/sql/store.go:463.110,466.16 3 6
purser/internal/adapters/datastore/sql/store.go:466.16,468.3 1 0
purser/internal/adapters/datastore/sql/store.go:469.2,469.15 1 6
purser/internal/adapters/datastore/sql/store.go:469.15,469.35 1 6
purser/internal/adapters/datastore/sql/store.go:471.2,472.18 2 6
purser/internal/adapters/datastore/sql/store.go:472.18,474.40 2 8
purser/internal/adapters/datastore/sql/store.go:474.40,476.4 1 0
purser/internal/adapters/datastore/sql/store.go:477.3,477.23 1 8
purser/internal/adapters/datastore/sql/store.go:479.2,479.24 1 6
purser/internal/adapters/datastore/sql/store.go:484.85,486.26 2 5
purser/internal/adapters/datastore/sql/store.go:486.26,487.21 1 5
purser/internal/adapters/datastore/sql/store.go:487.21,489.4 1 5
purser/internal/adapters/datastore/sql/store.go:491.2,492.22 2 5
purser/internal/adapters/datastore/sql/store.go:492.22,494.3 1 0
purser/internal/adapters/datastore/sql/store.go:495.2,495.12 1 5
purser/internal/adapters/datastore/sql/store.go:500.116,504.25 4 3
purser/internal/adapters/datastore/sql/store.go:504.25,507.3 2 5
purser/internal/adapters/datastore/sql/store.go:508.2,510.16 3 3
purser/internal/adapters/datastore/sql/store.go:510.16,512.3 1 0
purser/internal/adapters/datastore/sql/store.go:513.2,513.15 1 3
purser/internal/adapters/datastore/sql/store.go:513.15,513.35 1 3
purser/internal/adapters/datastore/sql/store.go:515.2,516.18 2 3
purser/internal/adapters/datastore/sql/store.go:516.18,518.59 2 5
purser/internal/adapters/datastore/sql/store.go:518.59,520.4 1 0
purser/internal/adapters/datastore/sql/store.go:521.3,522.17 2 5
purser/internal/adapters/datastore/sql/store.go:522.17,524.4 1 0
purser/internal/adapters/datastore/sql/store.go:525.3,525.98 1 5
purser/internal/adapters/datastore/sql/store.go:527.2,527.35 1 3
purser/internal/adapters/datastore/sql/store.go:527.35,529.3 1 0
purser/internal/adapters/datastore/sql/store.go:531.2,532.25 2 3
purser/internal/adapters/datastore/sql/store.go:532.25,534.3 1 5
purser/internal/adapters/datastore/sql/store.go:535.2,535.18 1 3
purser/internal/adapters/datastore/sql/store.go:538.79,540.16 2 40
purser/internal/adapters/datastore/sql/store.go:540.16,542.3 1 0
purser/internal/adapters/datastore/sql/store.go:543.2,543.31 1 40
purser/internal/adapters/datastore/sql/store.go:543.31,546.3 2 6
purser/internal/adapters/datastore/sql/store.go:547.2,547.20 1 34
purser/internal/adapters/datastore/sql/store.go:550.126,551.21 1 37
purser/internal/adapters/datastore/sql/store.go:551.21,553.3 1 28
purser/internal/adapters/datastore/sql/store.go:554.2,555.32 2 9
purser/internal/adapters/datastore/sql/store.go:555.32,556.84 1 12
purser/internal/adapters/datastore/sql/store.go:556.84,558.4 1 0
purser/internal/adapters/datastore/sql/store.go:560.2,560.12 1 9
purser/internal/adapters/datastore/sql/store.go:563.60,564.21 1 41
purser/internal/adapters/datastore/sql/store.go:564.21,566.3 1 32
purser/internal/adapters/datastore/sql/store.go:567.2,568.16 2 9
purser/internal/adapters/datastore/sql/store.go:568.16,570.3 1 0
purser/internal/adapters/datastore/sql/store.go:571.2,571.23 1 9
purser/internal/adapters/datastore/sql/store.go:574.66,575.42 1 23
purser/internal/adapters/datastore/sql/store.go:575.42,577.3 1 18
purser/internal/adapters/datastore/sql/store.go:578.2,579.66 2 5
purser/internal/adapters/datastore/sql/store.go:579.66,581.3 1 0
purser/internal/adapters/datastore/sql/store.go:582.2,582.19 1 5
purser/internal/adapters/datastore/sql/store.go:585.62,587.20 2 1
purser/internal/adapters/datastore/sql/store.go:587.20,588.25 1 3
purser/internal/adapters/datastore/sql/store.go:588.25,590.4 1 2
purser/internal/adapters/datastore/sql/store.go:592.2,592.12 1 1
purser/internal/adapters/datastore/sql/store.go:604.32,610.2 1 19
purser/internal/adapters/datastore/sql/store.go:613.40,613.66 1 0
purser/internal/adapters/datastore/sql/store.go:613.66,613.82 1 0
purser/internal/adapters/datastore/sql/store.go:616.57,617.26 1 0
purser/internal/adapters/datastore/sql/store.go:617.26,617.51 1 0
purser/internal/adapters/datastore/sql/store.go:621.56,622.26 1 0
purser/internal/adapters/datastore/sql/store.go:622.26,622.50 1 0
purser/cmd/purser/jobs.go:13.34,24.52 2 1
purser/cmd/purser/jobs.go:24.52,35.4 8 0
purser/cmd/purser/jobs.go:37.2,38.12 2 1
purser/cmd/purser/jobs_format.go:19.52,20.16 1 51
purser/cmd/purser/jobs_format.go:21.42,22.31 1 1
purser/cmd/purser/jobs_format.go:23.42,24.38 1 7
purser/cmd/purser/jobs_format.go:25.44,26.39 1 4
purser/cmd/purser/jobs_format.go:27.41,28.34 1 1
purser/cmd/purser/jobs_format.go:29.42,30.33 1 1
purser/cmd/purser/jobs_format.go:31.10,32.31 1 37
purser/cmd/purser/jobs_format.go:37.46,39.2 1 46
purser/cmd/purser/jobs_format.go:44.66,45.18 1 5
purser/cmd/purser/jobs_format.go:45.18,47.3 1 3
purser/cmd/purser/jobs_format.go:48.2,49.19 2 2
purser/cmd/purser/jobs_format.go:49.19,51.3 1 1
purser/cmd/purser/jobs_format.go:52.2,52.60 1 2
purser/cmd/purser/jobs_format.go:83.64,85.13 2 14
purser/cmd/purser/jobs_format.go:85.13,87.3 1 7
purser/cmd/purser/jobs_format.go:88.2,92.17 1 14
purser/cmd/purser/jobs_format.go:97.84,101.2 3 14
purser/cmd/purser/jobs_format.go:104.54,106.20 2 9
purser/cmd/purser/jobs_format.go:106.20,108.3 1 2
purser/cmd/purser/jobs_format.go:109.2,109.13 1 7
purser/cmd/purser/jobs_format.go:113.72,115.15 2 11
purser/cmd/purser/jobs_format.go:116.18,117.81 1 4
purser/cmd/purser/jobs_format.go:118.10,119.75 1 7
purser/cmd/purser/jobs_format.go:121.2,121.9 1 11
purser/cmd/purser/jobs_format.go:122.24,123.114 1 2
purser/cmd/purser/jobs_format.go:124.18,125.90 1 3
purser/cmd/purser/jobs_format.go:126.10,127.38 1 6
purser/cmd/purser/jobs_format.go:134.44,135.14 1 32
purser/cmd/purser/jobs_format.go:135.14,137.3 1 15
purser/cmd/purser/jobs_format.go:138.2,138.13 1 17
purser/cmd/purser/jobs_format.go:142.57,144.14 2 23
purser/cmd/purser/jobs_format.go:144.14,146.3 1 10
purser/cmd/purser/jobs_format.go:147.2,147.12 1 13
purser/cmd/purser/jobs_format.go:151.38,153.2 1 11
purser/cmd/purser/jobs_format.go:156.60,158.14 2 9
purser/cmd/purser/jobs_format.go:158.14,160.3 1 5
purser/cmd/purser/jobs_format.go:161.2,161.12 1 4
purser/cmd/purser/jobs_format.go:165.45,167.2 1 2
purser/cmd/purser/jobs_format.go:173.69,174.21 1 4
purser/cmd/purser/jobs_format.go:174.21,176.3 1 1
purser/cmd/purser/jobs_format.go:177.2,179.26 3 3
purser/cmd/purser/jobs_format.go:179.26,181.3 1 0
purser/cmd/purser/jobs_format.go:182.2,182.31 1 3
purser/cmd/purser/jobs_format.go:182.31,184.3 1 0
purser/cmd/purser/jobs_format.go:185.2,186.31 2 3
purser/cmd/purser/jobs_format.go:192.40,194.11 2 6
purser/cmd/purser/jobs_format.go:194.11,196.3 1 1
purser/cmd/purser/jobs_format.go:197.2,197.10 1 5
purser/cmd/purser/jobs_model.go:82.88,90.2 1 17
purser/cmd/purser/jobs_model.go:92.35,94.2 1 1
purser/cmd/purser/jobs_model.go:123.86,124.24 1 5
purser/cmd/purser/jobs_model.go:124.24,126.17 2 2
purser/cmd/purser/jobs_model.go:126.17,128.4 1 1
purser/cmd/purser/jobs_model.go:129.3,129.49 1 1
purser/cmd/purser/jobs_model.go:133.24,134.63 1 2
purser/cmd/purser/jobs_model.go:134.63,134.83 1 0
purser/cmd/purser/jobs_model.go:137.109,138.24 1 8
purser/cmd/purser/jobs_model.go:138.24,140.17 2 2
purser/cmd/purser/jobs_model.go:140.17,142.4 1 0
purser/cmd/purser/jobs_model.go:143.3,143.51 1 2
purser/cmd/purser/jobs_model.go:152.65,153.24 1 7
purser/cmd/purser/jobs_model.go:153.24,154.23 1 5
purser/cmd/purser/jobs_model.go:154.23,156.4 1 2
purser/cmd/purser/jobs_model.go:157.3,157.38 1 3
purser/cmd/purser/jobs_model.go:157.38,159.4 1 2
purser/cmd/purser/jobs_model.go:160.3,160.35 1 1
purser/cmd/purser/jobs_model.go:164.61,165.27 1 26
purser/cmd/purser/jobs_model.go:166.25,171.16 5 1
purser/cmd/purser/jobs_model.go:172.18,173.26 1 14
purser/cmd/purser/jobs_model.go:174.21,175.33 1 3
purser/cmd/purser/jobs_model.go:176.15,177.64 1 1
purser/cmd/purser/jobs_model.go:178.23,179.29 1 3
purser/cmd/purser/jobs_model.go:179.29,181.4 1 1
purser/cmd/purser/jobs_model.go:182.3,184.21 3 2
purser/cmd/purser/jobs_model.go:184.21,186.4 1 1
purser/cmd/purser/jobs_model.go:187.3,187.54 1 1
purser/cmd/purser/jobs_model.go:188.19,189.29 1 2
purser/cmd/purser/jobs_model.go:189.29,191.4 1 1
purser/cmd/purser/jobs_model.go:192.3,192.44 1 1
purser/cmd/purser/jobs_model.go:192.44,196.4 3 1
purser/cmd/purser/jobs_model.go:197.3,197.54 1 1
purser/cmd/purser/jobs_model.go:198.20,199.29 1 1
purser/cmd/purser/jobs_model.go:199.29,201.4 1 1
purser/cmd/purser/jobs_model.go:202.3,203.16 2 0
purser/cmd/purser/jobs_model.go:204.23,205.29 1 1
purser/cmd/purser/jobs_model.go:205.29,207.4 1 1
purser/cmd/purser/jobs_model.go:208.3,209.16 2 0
purser/cmd/purser/jobs_model.go:211.2,211.15 1 0
purser/cmd/purser/jobs_model.go:214.67,215.22 1 14
purser/cmd/purser/jobs_model.go:216.21,217.22 1 2
purser/cmd/purser/jobs_model.go:217.22,219.4 1 2
purser/cmd/purser/jobs_model.go:220.3,220.21 1 2
purser/cmd/purser/jobs_model.go:221.13,222.26 1 2
purser/cmd/purser/jobs_model.go:222.26,224.4 1 1
purser/cmd/purser/jobs_model.go:224.9,226.4 1 1
purser/cmd/purser/jobs_model.go:227.3,227.16 1 2
purser/cmd/purser/jobs_model.go:230.2,230.17 1 10
purser/cmd/purser/jobs_model.go:231.18,232.32 1 3
purser/cmd/purser/jobs_model.go:233.10,234.30 1 7
purser/cmd/purser/jobs_model.go:238.71,239.22 1 7
purser/cmd/purser/jobs_model.go:240.17,241.19 1 2
purser/cmd/purser/jobs_model.go:241.19,243.4 1 1
purser/cmd/purser/jobs_model.go:244.19,245.31 1 4
purser/cmd/purser/jobs_model.go:245.31,247.4 1 3
purser/cmd/purser/jobs_model.go:248.11,249.42 1 1
purser/cmd/purser/jobs_model.go:250.10,253.16 3 0
purser/cmd/purser/jobs_model.go:255.2,256.26 2 6
purser/cmd/purser/jobs_model.go:259.73,260.22 1 3
purser/cmd/purser/jobs_model.go:261.17,262.23 1 1
purser/cmd/purser/jobs_model.go:262.23,264.4 1 1
purser/cmd/purser/jobs_model.go:265.3,266.16 2 1
purser/cmd/purser/jobs_model.go:267.19,268.71 1 2
purser/cmd/purser/jobs_model.go:268.71,270.4 1 1
purser/cmd/purser/jobs_model.go:271.3,272.16 2 2
purser/cmd/purser/jobs_model.go:273.10,276.16 3 0
purser/cmd/purser/jobs_model.go:280.77,282.20 2 3
purser/cmd/purser/jobs_model.go:282.20,284.3 1 1
purser/cmd/purser/jobs_model.go:285.2,286.77 2 2
purser/cmd/purser/jobs_model.go:286.77,288.3 1 1
purser/cmd/purser/jobs_model.go:288.8,290.3 1 1
purser/cmd/purser/jobs_model.go:291.2,292.26 2 2
purser/cmd/purser/jobs_model.go:297.57,298.22 1 8
purser/cmd/purser/jobs_model.go:298.22,300.3 1 0
purser/cmd/purser/jobs_model.go:301.2,302.33 2 8
purser/cmd/purser/jobs_model.go:302.33,304.3 1 2
purser/cmd/purser/jobs_model.go:305.2,305.25 1 6
purser/cmd/purser/jobs_model.go:311.67,312.21 1 6
purser/cmd/purser/jobs_model.go:312.21,314.3 1 1
purser/cmd/purser/jobs_model.go:315.2,323.67 9 6
purser/cmd/purser/jobs_model.go:326.51,327.25 1 5
purser/cmd/purser/jobs_model.go:327.25,328.22 1 8
purser/cmd/purser/jobs_model.go:328.22,330.4 1 2
purser/cmd/purser/jobs_model.go:332.2,332.11 1 3
purser/cmd/purser/jobs_model.go:335.42,336.9 1 10
purser/cmd/purser/jobs_model.go:337.19,338.11 1 2
purser/cmd/purser/jobs_model.go:339.24,340.20 1 1
purser/cmd/purser/jobs_model.go:341.18,342.11 1 1
purser/cmd/purser/jobs_model.go:343.10,344.16 1 6
purser/cmd/purser/jobs_model.go:352.33,354.11 2 2
purser/cmd/purser/jobs_model.go:354.11,356.3 1 0
purser/cmd/purser/jobs_model.go:357.2,366.33 8 2
purser/cmd/purser/jobs_model.go:371.49,374.22 3 11
purser/cmd/purser/jobs_model.go:374.22,376.3 1 2
purser/cmd/purser/jobs_model.go:377.2,377.29 1 11
purser/cmd/purser/jobs_model.go:377.29,379.3 1 21
purser/cmd/purser/jobs_model.go:380.2,381.47 2 11
purser/cmd/purser/jobs_model.go:387.51,388.23 1 13
purser/cmd/purser/jobs_model.go:388.23,391.3 2 2
purser/cmd/purser/jobs_model.go:392.2,400.21 5 11
purser/cmd/purser/jobs_model.go:400.21,402.3 1 7
purser/cmd/purser/jobs_model.go:402.8,404.30 2 4
purser/cmd/purser/jobs_model.go:404.30,405.25 1 7
purser/cmd/purser/jobs_model.go:405.25,407.5 1 4
purser/cmd/purser/jobs_model.go:408.4,408.63 1 7
purser/cmd/purser/jobs_model.go:410.3,413.48 4 4
purser/cmd/purser/jobs_model.go:413.48,415.4 1 1
purser/cmd/purser/jobs_model.go:417.2,418.24 2 11
purser/cmd/purser/jobs_model.go:418.24,420.3 1 4
purser/cmd/purser/jobs_model.go:424.52,425.20 1 18
purser/cmd/purser/jobs_model.go:425.20,427.3 1 11
purser/cmd/purser/jobs_model.go:428.2,428.9 1 7
purser/cmd/purser/jobs_model.go:429.24,430.21 1 1
purser/cmd/purser/jobs_model.go:431.35,432.37 1 1
purser/cmd/purser/jobs_model.go:436.34,437.14 1 8
purser/cmd/purser/jobs_model.go:437.14,439.3 1 1
purser/cmd/purser/jobs_model.go:441.2,446.23 5 7
purser/cmd/purser/jobs_model.go:446.23,448.3 1 4
purser/cmd/purser/jobs_model.go:450.2,456.83 5 7
purser/cmd/purser/main.go:13.13,14.47 1 0
purser/cmd/purser/main.go:14.47,17.3 2 0
purser/cmd/purser/root.go:9.34,19.2 5 0
purser/cmd/purser/seed_various_artists.go:26.48,37.52 2 0
purser/cmd/purser/seed_various_artists.go:37.52,42.4 4 0
purser/cmd/purser/seed_various_artists.go:44.2,45.12 2 0
purser/cmd/purser/seed_various_artists.go:50.160,52.16 2 5
purser/cmd/purser/seed_various_artists.go:52.16,54.3 1 0
purser/cmd/purser/seed_various_artists.go:56.2,57.16 2 5
purser/cmd/purser/seed_various_artists.go:57.16,59.3 1 1
purser/cmd/purser/seed_various_artists.go:61.2,61.31 1 4
purser/cmd/purser/seed_various_artists.go:61.31,63.3 1 3
purser/cmd/purser/seed_various_artists.go:63.8,65.3 1 1
purser/cmd/purser/seed_various_artists.go:66.2,66.12 1 4
purser/cmd/purser/seed_various_artists.go:72.146,74.6 2 5
purser/cmd/purser/seed_various_artists.go:74.6,79.17 2 5
purser/cmd/purser/seed_various_artists.go:79.17,81.4 1 0
purser/cmd/purser/seed_various_artists.go:82.3,82.50 1 5
purser/cmd/purser/seed_various_artists.go:82.50,83.41 1 3
purser/cmd/purser/seed_various_artists.go:83.41,85.5 1 3
purser/cmd/purser/seed_various_artists.go:87.3,88.22 2 2
purser/cmd/purser/seed_various_artists.go:88.22,89.9 1 2
purser/cmd/purser/seed_various_artists.go:93.2,101.16 2 2
purser/cmd/purser/seed_various_artists.go:101.16,103.3 1 0
purser/cmd/purser/seed_various_artists.go:104.2,104.54 1 2
purser/cmd/purser/seed_various_artists.go:111.154,117.9 2 5
purser/cmd/purser/seed_various_artists.go:118.18,119.79 1 2
purser/cmd/purser/seed_various_artists.go:119.79,121.4 1 1
purser/cmd/purser/seed_various_artists.go:122.3,122.20 1 1
purser/cmd/purser/seed_various_artists.go:123.51,124.75 1 0
purser/cmd/purser/seed_various_artists.go:127.2,135.16 2 3
purser/cmd/purser/seed_various_artists.go:135.16,137.3 1 0
purser/cmd/purser/seed_various_artists.go:138.2,138.18 1 3
purser/cmd/purser/serve.go:57.35,63.52 2 0
purser/cmd/purser/serve.go:63.52,65.4 1 0
purser/cmd/purser/serve.go:67.2,68.12 2 0
purser/cmd/purser/serve.go:75.61,80.16 4 0
purser/cmd/purser/serve.go:80.16,82.3 1 0
purser/cmd/purser/serve.go:83.2,83.39 1 0
purser/cmd/purser/serve.go:83.39,85.3 1 0
purser/cmd/purser/serve.go:87.2,88.16 2 0
purser/cmd/purser/serve.go:88.16,90.3 1 0
purser/cmd/purser/serve.go:91.2,91.15 1 0
purser/cmd/purser/serve.go:91.15,94.66 3 0
purser/cmd/purser/serve.go:94.66,96.4 1 0
purser/cmd/purser/serve.go:103.2,107.16 4 0
purser/cmd/purser/serve.go:107.16,109.3 1 0
purser/cmd/purser/serve.go:110.2,110.15 1 0
purser/cmd/purser/serve.go:110.15,111.52 1 0
purser/cmd/purser/serve.go:111.52,113.4 1 0
purser/cmd/purser/serve.go:116.2,117.16 2 0
purser/cmd/purser/serve.go:117.16,119.3 1 0
purser/cmd/purser/serve.go:120.2,120.26 1 0
purser/cmd/purser/serve.go:120.26,121.16 1 0
purser/cmd/purser/serve.go:121.16,122.58 1 0
purser/cmd/purser/serve.go:122.58,124.5 1 0
purser/cmd/purser/serve.go:133.2,145.12 6 0
purser/cmd/purser/serve.go:145.12,147.102 2 0
purser/cmd/purser/serve.go:147.102,149.4 1 0
purser/cmd/purser/serve.go:152.2,152.9 1 0
purser/cmd/purser/serve.go:153.23,160.35 4 0
purser/cmd/purser/serve.go:161.27,162.18 1 0
purser/cmd/purser/serve.go:172.81,173.20 1 0
purser/cmd/purser/serve.go:174.16,180.17 2 0
purser/cmd/purser/serve.go:180.17,182.4 1 0
purser/cmd/purser/serve.go:183.3,184.17 2 0
purser/cmd/purser/serve.go:184.17,186.4 1 0
purser/cmd/purser/serve.go:187.3,187.24 1 0
purser/cmd/purser/serve.go:188.37,191.17 3 0
purser/cmd/purser/serve.go:191.17,193.4 1 0
purser/cmd/purser/serve.go:194.3,195.17 2 0
purser/cmd/purser/serve.go:195.17,197.4 1 0
purser/cmd/purser/serve.go:198.3,198.24 1 0
purser/cmd/purser/serve.go:199.10,204.84 1 0
purser/cmd/purser/serve.go:219.148,229.16 4 0
purser/cmd/purser/serve.go:229.16,231.3 1 0
purser/cmd/purser/serve.go:238.2,239.16 2 0
purser/cmd/purser/serve.go:239.16,241.3 1 0
purser/cmd/purser/serve.go:247.2,248.16 2 0
purser/cmd/purser/serve.go:248.16,250.3 1 0
purser/cmd/purser/serve.go:256.2,257.16 2 0
purser/cmd/purser/serve.go:257.16,259.3 1 0
purser/cmd/purser/serve.go:261.2,262.16 2 0
purser/cmd/purser/serve.go:262.16,264.3 1 0
purser/cmd/purser/serve.go:265.2,270.16 5 0
purser/cmd/purser/serve.go:270.16,272.3 1 0
purser/cmd/purser/serve.go:273.2,278.16 5 0
purser/cmd/purser/serve.go:278.16,280.3 1 0
purser/cmd/purser/serve.go:282.2,283.16 2 0
purser/cmd/purser/serve.go:283.16,285.3 1 0
purser/cmd/purser/serve.go:286.2,299.16 9 0
purser/cmd/purser/serve.go:299.16,301.3 1 0
purser/cmd/purser/serve.go:302.2,307.16 5 0
purser/cmd/purser/serve.go:307.16,309.3 1 0
purser/cmd/purser/serve.go:310.2,315.16 5 0
purser/cmd/purser/serve.go:315.16,317.3 1 0
purser/cmd/purser/serve.go:318.2,337.16 9 0
purser/cmd/purser/serve.go:337.16,339.3 1 0
purser/cmd/purser/serve.go:343.2,374.16 11 0
purser/cmd/purser/serve.go:374.16,376.3 1 0
purser/cmd/purser/serve.go:377.2,422.16 21 0
purser/cmd/purser/serve.go:422.16,424.3 1 0
purser/cmd/purser/serve.go:426.2,448.32 4 0
purser/cmd/purser/serve.go:466.333,468.16 2 0
purser/cmd/purser/serve.go:468.16,470.3 1 0
purser/cmd/purser/serve.go:471.2,474.16 3 0
purser/cmd/purser/serve.go:474.16,476.3 1 0
purser/cmd/purser/serve.go:478.2,489.16 10 0
purser/cmd/purser/serve.go:489.16,491.3 1 0
purser/cmd/purser/serve.go:492.2,492.27 1 0
purser/cmd/purser/serve.go:504.130,505.21 1 0
purser/cmd/purser/serve.go:505.21,507.3 1 0
purser/cmd/purser/serve.go:509.2,510.16 2 0
purser/cmd/purser/serve.go:510.16,512.3 1 0
purser/cmd/purser/serve.go:514.2,515.16 2 0
purser/cmd/purser/serve.go:515.16,517.3 1 0
purser/cmd/purser/serve.go:518.2,518.43 1 0
purser/cmd/purser/serve.go:518.43,520.3 1 0
purser/cmd/purser/serve.go:522.2,525.21 3 0
purser/cmd/purser/telemetry.go:34.122,35.38 1 0
purser/cmd/purser/telemetry.go:35.38,35.52 1 0
purser/cmd/purser/telemetry.go:36.2,36.18 1 0
purser/cmd/purser/telemetry.go:36.18,38.3 1 0
purser/cmd/purser/telemetry.go:40.2,44.16 2 0
purser/cmd/purser/telemetry.go:44.16,46.3 1 0
purser/cmd/purser/telemetry.go:48.2,49.22 2 0
purser/cmd/purser/telemetry.go:49.22,51.3 1 0
purser/cmd/purser/telemetry.go:52.2,53.16 2 0
purser/cmd/purser/telemetry.go:53.16,55.3 1 0
purser/cmd/purser/telemetry.go:56.2,63.16 4 0
purser/cmd/purser/telemetry.go:63.16,65.3 1 0
purser/cmd/purser/telemetry.go:66.2,77.12 4 0
purser/cmd/purser/telemetry.go:77.12,79.109 2 0
purser/cmd/purser/telemetry.go:79.109,81.4 1 0
purser/cmd/purser/telemetry.go:84.2,84.49 1 0
purser/cmd/purser/telemetry.go:84.49,85.74 1 0
purser/cmd/purser/telemetry.go:85.74,87.4 1 0
purser/cmd/purser/telemetry.go:88.3,88.78 1 0
purser/cmd/purser/telemetry.go:88.78,90.4 1 0
purser/cmd/purser/telemetry.go:91.3,91.77 1 0
purser/cmd/purser/telemetry.go:91.77,93.4 1 0
purser/cmd/purser/telemetry.go:94.3,94.13 1 0
purser/internal/adapters/store/externalid/external_id.go:40.99,42.16 2 18
purser/internal/adapters/store/externalid/external_id.go:42.16,44.3 1 0
purser/internal/adapters/store/externalid/external_id.go:45.2,45.39 1 18
purser/internal/adapters/store/externalid/external_id.go:48.59,50.2 1 30
purser/internal/adapters/store/externalid/external_id.go:52.54,54.2 1 30
purser/internal/adapters/store/externalid/external_id.go:57.78,59.2 1 26
purser/internal/adapters/store/externalid/external_id.go:62.130,64.2 1 8
purser/internal/adapters/store/externalid/external_id.go:67.78,69.2 1 4
purser/internal/adapters/store/externalid/external_id.go:72.111,74.2 1 4
purser/internal/adapters/store/externalid/external_id.go:77.165,79.22 2 10
purser/internal/adapters/store/externalid/external_id.go:79.22,81.3 1 2
purser/internal/adapters/store/externalid/external_id.go:82.2,82.20 1 10
purser/internal/adapters/store/externalid/external_id.go:82.20,84.3 1 2
purser/internal/adapters/store/externalid/external_id.go:85.2,85.22 1 10
purser/internal/adapters/store/externalid/external_id.go:85.22,87.3 1 6
purser/internal/adapters/store/externalid/external_id.go:88.2,88.55 1 10
purser/internal/adapters/store/itemperson/item_person.go:38.99,40.16 2 18
purser/internal/adapters/store/itemperson/item_person.go:40.16,42.3 1 0
purser/internal/adapters/store/itemperson/item_person.go:43.2,43.39 1 18
purser/internal/adapters/store/itemperson/item_person.go:46.59,48.2 1 30
purser/internal/adapters/store/itemperson/item_person.go:50.54,52.2 1 30
purser/internal/adapters/store/itemperson/item_person.go:55.78,57.2 1 26
purser/internal/adapters/store/itemperson/item_person.go:60.106,62.2 1 8
purser/internal/adapters/store/itemperson/item_person.go:65.78,67.2 1 4
purser/internal/adapters/store/itemperson/item_person.go:70.87,72.2 1 4
purser/internal/adapters/store/itemperson/item_person.go:77.143,79.18 2 10
purser/internal/adapters/store/itemperson/item_person.go:79.18,81.3 1 2
purser/internal/adapters/store/itemperson/item_person.go:82.2,82.20 1 10
purser/internal/adapters/store/itemperson/item_person.go:82.20,84.3 1 2
purser/internal/adapters/store/itemperson/item_person.go:85.2,85.22 1 10
purser/internal/adapters/store/itemperson/item_person.go:85.22,87.3 1 6
purser/internal/adapters/store/itemperson/item_person.go:88.2,88.55 1 10
purser/internal/adapters/datastore/badger/badger.go:31.47,33.28 2 19
purser/internal/adapters/datastore/badger/badger.go:33.28,35.3 1 0
purser/internal/adapters/datastore/badger/badger.go:36.2,44.16 5 19
purser/internal/adapters/datastore/badger/badger.go:44.16,46.3 1 0
purser/internal/adapters/datastore/badger/badger.go:48.2,48.41 1 19
purser/internal/adapters/datastore/badger/badger.go:48.41,51.3 2 0
purser/internal/adapters/datastore/badger/badger.go:53.2,53.16 1 19
purser/internal/adapters/datastore/badger/badger.go:60.42,61.49 1 19
purser/internal/adapters/datastore/badger/badger.go:61.49,63.46 2 19
purser/internal/adapters/datastore/badger/badger.go:63.46,65.4 1 19
purser/internal/adapters/datastore/badger/badger.go:66.3,66.17 1 0
purser/internal/adapters/datastore/badger/badger.go:66.17,68.4 1 0
purser/internal/adapters/datastore/badger/badger.go:69.3,70.47 2 0
purser/internal/adapters/datastore/badger/badger.go:70.47,73.4 2 0
purser/internal/adapters/datastore/badger/badger.go:73.18,75.4 1 0
purser/internal/adapters/datastore/badger/badger.go:76.3,76.37 1 0
purser/internal/adapters/datastore/badger/badger.go:76.37,78.4 1 0
purser/internal/adapters/datastore/badger/badger.go:80.3,80.58 1 0
purser/internal/adapters/datastore/badger/keys.go:9.23,9.51 1 38
purser/internal/adapters/datastore/badger/keys.go:12.45,14.2 1 115
purser/internal/adapters/datastore/badger/keys.go:19.43,21.2 1 3
purser/internal/adapters/datastore/badger/keys.go:25.55,27.2 1 13
purser/internal/adapters/datastore/badger/keys.go:31.53,33.2 1 6
purser/internal/adapters/datastore/badger/store.go:50.72,51.16 1 19
purser/internal/adapters/datastore/badger/store.go:51.16,53.3 1 0
purser/internal/adapters/datastore/badger/store.go:54.2,54.15 1 19
purser/internal/adapters/datastore/badger/store.go:54.15,56.3 1 0
purser/internal/adapters/datastore/badger/store.go:58.2,59.27 2 19
purser/internal/adapters/datastore/badger/store.go:59.27,61.3 1 0
purser/internal/adapters/datastore/badger/store.go:63.2,72.126 4 19
purser/internal/adapters/datastore/badger/store.go:72.126,74.3 1 0
purser/internal/adapters/datastore/badger/store.go:75.2,75.112 1 19
purser/internal/adapters/datastore/badger/store.go:75.112,77.3 1 0
purser/internal/adapters/datastore/badger/store.go:78.2,78.126 1 19
purser/internal/adapters/datastore/badger/store.go:78.126,80.3 1 0
purser/internal/adapters/datastore/badger/store.go:81.2,81.126 1 19
purser/internal/adapters/datastore/badger/store.go:81.126,83.3 1 0
purser/internal/adapters/datastore/badger/store.go:84.2,84.115 1 19
purser/internal/adapters/datastore/badger/store.go:84.115,86.3 1 0
purser/internal/adapters/datastore/badger/store.go:88.2,89.15 2 19
purser/internal/adapters/datastore/badger/store.go:93.75,101.51 3 29
purser/internal/adapters/datastore/badger/store.go:101.51,103.20 2 29
purser/internal/adapters/datastore/badger/store.go:103.20,105.4 1 1
purser/internal/adapters/datastore/badger/store.go:106.3,106.50 1 28
purser/internal/adapters/datastore/badger/store.go:106.50,108.4 1 0
purser/internal/adapters/datastore/badger/store.go:109.3,109.28 1 28
purser/internal/adapters/datastore/badger/store.go:111.2,111.16 1 29
purser/internal/adapters/datastore/badger/store.go:111.16,112.40 1 1
purser/internal/adapters/datastore/badger/store.go:112.40,114.4 1 1
purser/internal/adapters/datastore/badger/store.go:115.3,115.87 1 0
purser/internal/adapters/datastore/badger/store.go:118.2,120.12 3 28
purser/internal/adapters/datastore/badger/store.go:124.93,135.49 5 17
purser/internal/adapters/datastore/badger/store.go:135.49,137.21 2 17
purser/internal/adapters/datastore/badger/store.go:137.21,139.4 1 6
purser/internal/adapters/datastore/badger/store.go:140.3,141.13 2 11
purser/internal/adapters/datastore/badger/store.go:143.2,143.16 1 17
purser/internal/adapters/datastore/badger/store.go:143.16,144.40 1 6
purser/internal/adapters/datastore/badger/store.go:144.40,147.4 2 6
purser/internal/adapters/datastore/badger/store.go:148.3,148.98 1 0
purser/internal/adapters/datastore/badger/store.go:150.2,150.17 1 11
purser/internal/adapters/datastore/badger/store.go:154.75,162.51 3 3
purser/internal/adapters/datastore/badger/store.go:162.51,164.21 2 3
purser/internal/adapters/datastore/badger/store.go:164.21,166.4 1 1
purser/internal/adapters/datastore/badger/store.go:167.3,167.90 1 2
purser/internal/adapters/datastore/badger/store.go:167.90,169.4 1 0
purser/internal/adapters/datastore/badger/store.go:170.3,170.28 1 2
purser/internal/adapters/datastore/badger/store.go:172.2,172.16 1 3
purser/internal/adapters/datastore/badger/store.go:172.16,173.40 1 1
purser/internal/adapters/datastore/badger/store.go:173.40,175.4 1 1
purser/internal/adapters/datastore/badger/store.go:176.3,176.87 1 0
purser/internal/adapters/datastore/badger/store.go:179.2,181.12 3 2
purser/internal/adapters/datastore/badger/store.go:185.74,193.51 3 2
purser/internal/adapters/datastore/badger/store.go:193.51,195.21 2 2
purser/internal/adapters/datastore/badger/store.go:195.21,197.4 1 1
purser/internal/adapters/datastore/badger/store.go:198.3,198.82 1 1
purser/internal/adapters/datastore/badger/store.go:198.82,200.4 1 0
purser/internal/adapters/datastore/badger/store.go:201.3,201.46 1 1
purser/internal/adapters/datastore/badger/store.go:203.2,203.16 1 2
purser/internal/adapters/datastore/badger/store.go:203.16,204.40 1 1
purser/internal/adapters/datastore/badger/store.go:204.40,206.4 1 1
purser/internal/adapters/datastore/badger/store.go:207.3,207.79 1 0
purser/internal/adapters/datastore/badger/store.go:210.2,212.12 3 1
purser/internal/adapters/datastore/badger/store.go:219.158,226.19 3 8
purser/internal/adapters/datastore/badger/store.go:226.19,228.3 1 0
purser/internal/adapters/datastore/badger/store.go:230.2,231.49 2 8
purser/internal/adapters/datastore/badger/store.go:231.49,235.3 3 8
purser/internal/adapters/datastore/badger/store.go:236.2,236.16 1 8
purser/internal/adapters/datastore/badger/store.go:236.16,238.3 1 0
purser/internal/adapters/datastore/badger/store.go:239.2,242.21 3 8
purser/internal/adapters/datastore/badger/store.go:242.21,244.50 2 2
purser/internal/adapters/datastore/badger/store.go:244.50,246.4 1 2
purser/internal/adapters/datastore/badger/store.go:248.2,251.48 3 8
purser/internal/adapters/datastore/badger/store.go:251.48,252.37 1 8
purser/internal/adapters/datastore/badger/store.go:252.37,254.22 2 10
purser/internal/adapters/datastore/badger/store.go:254.22,256.5 1 0
purser/internal/adapters/datastore/badger/store.go:257.4,257.117 1 10
purser/internal/adapters/datastore/badger/store.go:259.3,259.13 1 8
purser/internal/adapters/datastore/badger/store.go:261.2,261.16 1 8
purser/internal/adapters/datastore/badger/store.go:261.16,263.3 1 0
purser/internal/adapters/datastore/badger/store.go:265.2,266.20 2 8
purser/internal/adapters/datastore/badger/store.go:266.20,268.3 1 2
purser/internal/adapters/datastore/badger/store.go:270.2,272.29 3 8
purser/internal/adapters/datastore/badger/store.go:276.83,283.51 3 2
purser/internal/adapters/datastore/badger/store.go:283.51,284.28 1 2
purser/internal/adapters/datastore/badger/store.go:284.28,286.21 2 5
purser/internal/adapters/datastore/badger/store.go:286.21,288.5 1 1
purser/internal/adapters/datastore/badger/store.go:289.4,289.51 1 4
purser/internal/adapters/datastore/badger/store.go:289.51,291.5 1 0
purser/internal/adapters/datastore/badger/store.go:292.4,292.45 1 4
purser/internal/adapters/datastore/badger/store.go:292.45,294.5 1 0
purser/internal/adapters/datastore/badger/store.go:296.3,296.13 1 1
purser/internal/adapters/datastore/badger/store.go:298.2,298.16 1 2
purser/internal/adapters/datastore/badger/store.go:298.16,299.40 1 1
purser/internal/adapters/datastore/badger/store.go:299.40,301.4 1 1
purser/internal/adapters/datastore/badger/store.go:302.3,302.63 1 0
purser/internal/adapters/datastore/badger/store.go:305.2,307.12 3 1
purser/internal/adapters/datastore/badger/store.go:311.89,319.51 3 2
purser/internal/adapters/datastore/badger/store.go:319.51,320.26 1 2
purser/internal/adapters/datastore/badger/store.go:320.26,322.22 2 4
purser/internal/adapters/datastore/badger/store.go:322.22,324.5 1 1
purser/internal/adapters/datastore/badger/store.go:325.4,325.83 1 3
purser/internal/adapters/datastore/badger/store.go:325.83,327.5 1 0
purser/internal/adapters/datastore/badger/store.go:328.4,328.63 1 3
purser/internal/adapters/datastore/badger/store.go:328.63,330.5 1 0
purser/internal/adapters/datastore/badger/store.go:332.3,332.13 1 1
purser/internal/adapters/datastore/badger/store.go:334.2,334.16 1 2
purser/internal/adapters/datastore/badger/store.go:334.16,335.40 1 1
purser/internal/adapters/datastore/badger/store.go:335.40,337.4 1 1
purser/internal/adapters/datastore/badger/store.go:338.3,338.78 1 0
purser/internal/adapters/datastore/badger/store.go:341.2,343.12 3 1
purser/internal/adapters/datastore/badger/store.go:347.83,354.51 3 2
purser/internal/adapters/datastore/badger/store.go:354.51,355.28 1 2
purser/internal/adapters/datastore/badger/store.go:355.28,357.22 2 4
purser/internal/adapters/datastore/badger/store.go:357.22,359.5 1 1
purser/internal/adapters/datastore/badger/store.go:360.4,360.91 1 3
purser/internal/adapters/datastore/badger/store.go:360.91,362.5 1 0
purser/internal/adapters/datastore/badger/store.go:363.4,363.45 1 3
purser/internal/adapters/datastore/badger/store.go:363.45,365.5 1 0
purser/internal/adapters/datastore/badger/store.go:367.3,367.13 1 1
purser/internal/adapters/datastore/badger/store.go:369.2,369.16 1 2
purser/internal/adapters/datastore/badger/store.go:369.16,370.40 1 1
purser/internal/adapters/datastore/badger/store.go:370.40,372.4 1 1
purser/internal/adapters/datastore/badger/store.go:373.3,373.63 1 0
purser/internal/adapters/datastore/badger/store.go:376.2,378.12 3 1
purser/internal/adapters/datastore/badger/store.go:381.62,384.16 3 37
purser/internal/adapters/datastore/badger/store.go:384.16,386.3 1 0
purser/internal/adapters/datastore/badger/store.go:387.2,387.65 1 37
purser/internal/adapters/datastore/badger/store.go:387.65,389.3 1 0
purser/internal/adapters/datastore/badger/store.go:390.2,390.28 1 37
purser/internal/adapters/datastore/badger/store.go:390.28,391.77 1 12
purser/internal/adapters/datastore/badger/store.go:391.77,393.4 1 0
purser/internal/adapters/datastore/badger/store.go:395.2,395.12 1 37
purser/internal/adapters/datastore/badger/store.go:398.98,399.26 1 9
purser/internal/adapters/datastore/badger/store.go:399.26,400.66 1 1
purser/internal/adapters/datastore/badger/store.go:400.66,402.4 1 0
purser/internal/adapters/datastore/badger/store.go:404.2,404.12 1 9
purser/internal/adapters/datastore/badger/store.go:407.79,409.45 2 40
purser/internal/adapters/datastore/badger/store.go:409.45,411.3 1 10
purser/internal/adapters/datastore/badger/store.go:412.2,412.16 1 30
purser/internal/adapters/datastore/badger/store.go:412.16,414.3 1 0
purser/internal/adapters/datastore/badger/store.go:415.2,416.46 2 30
purser/internal/adapters/datastore/badger/store.go:416.46,418.3 1 30
purser/internal/adapters/datastore/badger/store.go:418.17,420.3 1 0
purser/internal/adapters/datastore/badger/store.go:421.2,421.17 1 30
purser/internal/adapters/datastore/badger/store.go:426.100,427.22 1 8
purser/internal/adapters/datastore/badger/store.go:427.22,435.61 7 3
purser/internal/adapters/datastore/badger/store.go:435.61,438.4 2 15
purser/internal/adapters/datastore/badger/store.go:439.3,439.18 1 3
purser/internal/adapters/datastore/badger/store.go:442.2,443.33 2 5
purser/internal/adapters/datastore/badger/store.go:443.33,450.61 6 6
purser/internal/adapters/datastore/badger/store.go:450.61,453.4 2 8
purser/internal/adapters/datastore/badger/store.go:454.3,455.27 2 6
purser/internal/adapters/datastore/badger/store.go:458.2,459.31 2 5
purser/internal/adapters/datastore/badger/store.go:459.31,461.3 1 1
purser/internal/adapters/datastore/badger/store.go:463.2,464.26 2 5
purser/internal/adapters/datastore/badger/store.go:464.26,466.3 1 5
purser/internal/adapters/datastore/badger/store.go:467.2,467.17 1 5
purser/internal/adapters/datastore/badger/store.go:470.62,472.20 2 1
purser/internal/adapters/datastore/badger/store.go:472.20,473.25 1 3
purser/internal/adapters/datastore/badger/store.go:473.25,475.4 1 2
purser/internal/adapters/datastore/badger/store.go:477.2,477.12 1 1
purser/internal/adapters/datastore/badger/store.go:489.32,495.2 1 19
purser/internal/adapters/datastore/badger/store.go:498.40,498.66 1 0
purser/internal/adapters/datastore/badger/store.go:498.66,498.82 1 0
purser/internal/adapters/datastore/badger/store.go:501.57,502.26 1 0
purser/internal/adapters/datastore/badger/store.go:502.26,502.51 1 0
purser/internal/adapters/datastore/badger/store.go:506.56,507.26 1 0
purser/internal/adapters/datastore/badger/store.go:507.26,507.50 1 0
purser/internal/adapters/store/image/image.go:38.84,40.16 2 18
purser/internal/adapters/store/image/image.go:40.16,42.3 1 0
purser/internal/adapters/store/image/image.go:43.2,43.39 1 18
purser/internal/adapters/store/image/image.go:46.37,46.54 1 30
purser/internal/adapters/store/image/image.go:48.51,50.2 1 30
purser/internal/adapters/store/image/image.go:53.75,55.2 1 26
purser/internal/adapters/store/image/image.go:58.81,60.2 1 8
purser/internal/adapters/store/image/image.go:63.75,65.2 1 4
purser/internal/adapters/store/image/image.go:68.67,70.2 1 4
purser/internal/adapters/store/image/image.go:75.140,77.21 2 8
purser/internal/adapters/store/image/image.go:77.21,79.3 1 2
purser/internal/adapters/store/image/image.go:80.2,80.19 1 8
purser/internal/adapters/store/image/image.go:80.19,82.3 1 2
purser/internal/adapters/store/image/image.go:83.2,83.22 1 8
purser/internal/adapters/store/image/image.go:83.22,85.3 1 6
purser/internal/adapters/store/image/image.go:86.2,86.55 1 8
purser/internal/adapters/store/group/group.go:38.84,40.16 2 18
purser/internal/adapters/store/group/group.go:40.16,42.3 1 0
purser/internal/adapters/store/group/group.go:43.2,43.39 1 18
purser/internal/adapters/store/group/group.go:46.35,46.50 1 30
purser/internal/adapters/store/group/group.go:48.49,50.2 1 30
purser/internal/adapters/store/group/group.go:53.73,55.2 1 26
purser/internal/adapters/store/group/group.go:58.81,60.2 1 8
purser/internal/adapters/store/group/group.go:63.73,65.2 1 4
purser/internal/adapters/store/group/group.go:68.67,70.2 1 4
purser/internal/adapters/store/group/group.go:74.136,76.26 2 10
purser/internal/adapters/store/group/group.go:76.26,78.3 1 2
purser/internal/adapters/store/group/group.go:79.2,79.55 1 10
purser/internal/adapters/store/entryperson/entry_person.go:38.100,40.16 2 20
purser/internal/adapters/store/entryperson/entry_person.go:40.16,42.3 1 0
purser/internal/adapters/store/entryperson/entry_person.go:43.2,43.39 1 20
purser/internal/adapters/store/entryperson/entry_person.go:46.60,48.2 1 34
purser/internal/adapters/store/entryperson/entry_person.go:50.55,52.2 1 34
purser/internal/adapters/store/entryperson/entry_person.go:55.79,57.2 1 30
purser/internal/adapters/store/entryperson/entry_person.go:60.115,62.2 1 12
purser/internal/adapters/store/entryperson/entry_person.go:65.79,67.2 1 4
purser/internal/adapters/store/entryperson/entry_person.go:70.95,72.2 1 4
purser/internal/adapters/store/entryperson/entry_person.go:77.152,79.26 2 12
purser/internal/adapters/store/entryperson/entry_person.go:79.26,81.3 1 4
purser/internal/adapters/store/entryperson/entry_person.go:82.2,82.20 1 12
purser/internal/adapters/store/entryperson/entry_person.go:82.20,84.3 1 4
purser/internal/adapters/store/entryperson/entry_person.go:85.2,85.22 1 12
purser/internal/adapters/store/entryperson/entry_person.go:85.22,87.3 1 6
purser/internal/adapters/store/entryperson/entry_person.go:88.2,88.55 1 12
purser/internal/adapters/store/libraryentry/library_entry.go:38.84,40.16 2 18
purser/internal/adapters/store/libraryentry/library_entry.go:40.16,42.3 1 0
purser/internal/adapters/store/libraryentry/library_entry.go:43.2,43.39 1 18
purser/internal/adapters/store/libraryentry/library_entry.go:46.42,46.57 1 30
purser/internal/adapters/store/libraryentry/library_entry.go:48.56,50.2 1 30
purser/internal/adapters/store/libraryentry/library_entry.go:53.80,55.2 1 26
purser/internal/adapters/store/libraryentry/library_entry.go:58.88,60.2 1 8
purser/internal/adapters/store/libraryentry/library_entry.go:63.80,65.2 1 4
purser/internal/adapters/store/libraryentry/library_entry.go:68.67,70.2 1 4
purser/internal/adapters/store/libraryentry/library_entry.go:75.155,77.16 2 12
purser/internal/adapters/store/libraryentry/library_entry.go:77.16,79.3 1 4
purser/internal/adapters/store/libraryentry/library_entry.go:80.2,80.20 1 12
purser/internal/adapters/store/libraryentry/library_entry.go:80.20,82.3 1 2
purser/internal/adapters/store/libraryentry/library_entry.go:83.2,83.22 1 12
purser/internal/adapters/store/libraryentry/library_entry.go:83.22,85.3 1 6
purser/internal/adapters/store/libraryentry/library_entry.go:86.2,86.55 1 12
purser/internal/adapters/store/performerprofile/performer_profile.go:30.105,32.2 1 16
purser/internal/adapters/store/performerprofile/performer_profile.go:34.49,34.70 1 24
purser/internal/adapters/store/person/person.go:29.95,31.2 1 16
purser/internal/adapters/store/person/person.go:33.36,33.51 1 24
purser/internal/adapters/store/music/release.go:59.84,61.16 2 30
purser/internal/adapters/store/music/release.go:61.16,63.3 1 0
purser/internal/adapters/store/music/release.go:64.2,64.47 1 30
purser/internal/adapters/store/music/release.go:67.36,67.51 1 52
purser/internal/adapters/store/music/release.go:73.50,78.18 2 52
purser/internal/adapters/store/music/release.go:78.18,80.3 1 24
purser/internal/adapters/store/music/release.go:81.2,81.21 1 52
purser/internal/adapters/store/music/release.go:81.21,83.3 1 24
purser/internal/adapters/store/music/release.go:84.2,84.12 1 52
purser/internal/adapters/store/music/release.go:88.76,90.2 1 48
purser/internal/adapters/store/music/release.go:93.82,95.2 1 14
purser/internal/adapters/store/music/release.go:100.90,102.2 1 4
purser/internal/adapters/store/music/release.go:107.96,109.2 1 4
purser/internal/adapters/store/music/release.go:111.97,113.16 2 8
purser/internal/adapters/store/music/release.go:113.16,115.3 1 0
purser/internal/adapters/store/music/release.go:116.2,116.24 1 8
purser/internal/adapters/store/music/release.go:116.24,118.3 1 4
purser/internal/adapters/store/music/release.go:119.2,119.25 1 4
purser/internal/adapters/store/music/release.go:124.76,126.2 1 4
purser/internal/adapters/store/music/release.go:130.67,132.2 1 4
purser/internal/adapters/store/music/release.go:135.114,137.2 1 6
purser/internal/adapters/store/music/release.go:141.137,143.2 1 2
purser/internal/adapters/store/music/release.go:147.144,149.2 1 2
purser/internal/adapters/store/music/release.go:166.145,168.16 2 6
purser/internal/adapters/store/music/release.go:168.16,170.3 1 2
purser/internal/adapters/store/music/release.go:172.2,174.6 3 4
purser/internal/adapters/store/music/release.go:174.6,176.17 2 4
purser/internal/adapters/store/music/release.go:176.17,178.4 1 0
purser/internal/adapters/store/music/release.go:179.3,179.28 1 4
purser/internal/adapters/store/music/release.go:179.28,181.58 2 8
purser/internal/adapters/store/music/release.go:181.58,183.5 1 0
purser/internal/adapters/store/music/release.go:184.4,184.39 1 8
purser/internal/adapters/store/music/release.go:184.39,186.5 1 4
purser/internal/adapters/store/music/release.go:188.3,188.17 1 4
purser/internal/adapters/store/music/release.go:188.17,189.9 1 4
purser/internal/adapters/store/music/release.go:191.3,191.20 1 0
purser/internal/adapters/store/music/release.go:194.2,194.52 1 4
purser/internal/adapters/store/music/release.go:200.41,203.2 2 8
purser/internal/adapters/store/music/release.go:210.106,212.21 2 4
purser/internal/adapters/store/music/release.go:212.21,214.26 2 0
purser/internal/adapters/store/music/release.go:214.26,216.4 1 0
purser/internal/adapters/store/music/release.go:217.3,217.13 1 0
purser/internal/adapters/store/music/release.go:219.2,219.19 1 4
purser/internal/adapters/store/music/release.go:219.19,221.3 1 0
purser/internal/adapters/store/music/release.go:222.2,222.26 1 4
purser/internal/adapters/store/music/release.go:222.26,224.3 1 0
purser/internal/adapters/store/music/release.go:225.2,227.22 3 4
purser/internal/adapters/store/music/release.go:227.22,229.3 1 0
purser/internal/adapters/store/music/release.go:230.2,230.37 1 4
purser/internal/adapters/store/mediafile/media_file.go:38.84,40.16 2 30
purser/internal/adapters/store/mediafile/media_file.go:40.16,42.3 1 0
purser/internal/adapters/store/mediafile/media_file.go:43.2,43.39 1 30
purser/internal/adapters/store/mediafile/media_file.go:46.39,46.54 1 42
purser/internal/adapters/store/mediafile/media_file.go:52.53,60.2 1 42
purser/internal/adapters/store/mediafile/media_file.go:64.82,71.2 1 12
purser/internal/adapters/store/mediafile/media_file.go:74.77,76.2 1 38
purser/internal/adapters/store/mediafile/media_file.go:79.85,81.2 1 8
purser/internal/adapters/store/mediafile/media_file.go:84.77,86.2 1 4
purser/internal/adapters/store/mediafile/media_file.go:89.67,91.2 1 4
purser/internal/adapters/store/mediafile/media_file.go:95.132,97.18 2 10
purser/internal/adapters/store/mediafile/media_file.go:97.18,99.3 1 2
purser/internal/adapters/store/mediafile/media_file.go:100.2,100.55 1 10
purser/internal/adapters/store/mediafile/media_file.go:104.114,105.64 1 12
purser/internal/adapters/store/mediafile/media_file.go:105.64,106.25 1 36
purser/internal/adapters/store/mediafile/media_file.go:106.25,107.12 1 20
purser/internal/adapters/store/mediafile/media_file.go:109.3,110.17 2 16
purser/internal/adapters/store/mediafile/media_file.go:110.17,112.4 1 0
purser/internal/adapters/store/mediafile/media_file.go:113.3,113.23 1 16
purser/internal/adapters/store/mediafile/media_file.go:113.23,115.4 1 8
purser/internal/adapters/store/mediafile/media_file.go:117.2,117.31 1 4
purser/internal/adapters/store/tagassignment/tag_assignment.go:44.102,46.16 2 22
purser/internal/adapters/store/tagassignment/tag_assignment.go:46.16,48.3 1 0
purser/internal/adapters/store/tagassignment/tag_assignment.go:49.2,49.39 1 22
purser/internal/adapters/store/tagassignment/tag_assignment.go:52.63,54.2 1 50
purser/internal/adapters/store/tagassignment/tag_assignment.go:56.58,62.2 1 50
purser/internal/adapters/store/tagassignment/tag_assignment.go:65.82,67.2 1 38
purser/internal/adapters/store/tagassignment/tag_assignment.go:70.90,72.2 1 4
purser/internal/adapters/store/tagassignment/tag_assignment.go:75.139,77.2 1 16
purser/internal/adapters/store/tagassignment/tag_assignment.go:80.117,82.2 1 4
purser/internal/adapters/store/tagassignment/tag_assignment.go:86.182,88.17 2 12
purser/internal/adapters/store/tagassignment/tag_assignment.go:88.17,90.3 1 4
purser/internal/adapters/store/tagassignment/tag_assignment.go:91.2,91.22 1 12
purser/internal/adapters/store/tagassignment/tag_assignment.go:91.22,93.3 1 4
purser/internal/adapters/store/tagassignment/tag_assignment.go:94.2,94.20 1 12
purser/internal/adapters/store/tagassignment/tag_assignment.go:94.20,96.3 1 4
purser/internal/adapters/store/tagassignment/tag_assignment.go:97.2,97.22 1 12
purser/internal/adapters/store/tagassignment/tag_assignment.go:97.22,99.3 1 6
purser/internal/adapters/store/tagassignment/tag_assignment.go:100.2,100.55 1 12
purser/internal/adapters/store/tag/tag.go:75.84,77.16 2 37
purser/internal/adapters/store/tag/tag.go:77.16,79.3 1 0
purser/internal/adapters/store/tag/tag.go:81.2,89.142 3 37
purser/internal/adapters/store/tag/tag.go:89.142,91.3 1 0
purser/internal/adapters/store/tag/tag.go:92.2,92.142 1 37
purser/internal/adapters/store/tag/tag.go:92.142,94.3 1 0
purser/internal/adapters/store/tag/tag.go:95.2,95.142 1 37
purser/internal/adapters/store/tag/tag.go:95.142,97.3 1 0
purser/internal/adapters/store/tag/tag.go:99.2,99.15 1 37
purser/internal/adapters/store/tag/tag.go:102.33,102.48 1 4
purser/internal/adapters/store/tag/tag.go:104.69,106.2 1 104
purser/internal/adapters/store/tag/tag.go:110.79,112.2 1 22
purser/internal/adapters/store/tag/tag.go:115.111,117.2 1 6
purser/internal/adapters/store/tag/tag.go:125.71,131.45 3 60
purser/internal/adapters/store/tag/tag.go:131.45,135.3 3 52
purser/internal/adapters/store/tag/tag.go:135.8,135.47 1 8
purser/internal/adapters/store/tag/tag.go:135.47,137.3 1 0
purser/internal/adapters/store/tag/tag.go:139.2,140.16 2 8
purser/internal/adapters/store/tag/tag.go:140.16,142.3 1 0
purser/internal/adapters/store/tag/tag.go:143.2,143.11 1 8
purser/internal/adapters/store/tag/tag.go:143.11,147.3 3 4
purser/internal/adapters/store/tag/tag.go:152.2,152.45 1 4
purser/internal/adapters/store/tag/tag.go:152.45,154.3 1 2
purser/internal/adapters/store/tag/tag.go:155.2,157.12 3 2
purser/internal/adapters/store/tag/tag.go:164.75,166.16 2 64
purser/internal/adapters/store/tag/tag.go:166.16,168.3 1 0
purser/internal/adapters/store/tag/tag.go:169.2,170.16 2 64
purser/internal/adapters/store/tag/tag.go:170.16,172.3 1 0
purser/internal/adapters/store/tag/tag.go:174.2,177.4 1 64
purser/internal/adapters/store/tag/tag.go:188.128,191.16 3 11
purser/internal/adapters/store/tag/tag.go:191.16,192.40 1 2
purser/internal/adapters/store/tag/tag.go:192.40,194.4 1 2
purser/internal/adapters/store/tag/tag.go:195.3,195.25 1 0
purser/internal/adapters/store/tag/tag.go:198.2,199.55 2 9
purser/internal/adapters/store/tag/tag.go:199.55,201.3 1 0
purser/internal/adapters/store/tag/tag.go:203.2,204.16 2 9
purser/internal/adapters/store/tag/tag.go:204.16,205.40 1 1
purser/internal/adapters/store/tag/tag.go:205.40,208.4 2 1
purser/internal/adapters/store/tag/tag.go:209.3,209.25 1 0
purser/internal/adapters/store/tag/tag.go:212.2,212.79 1 8
purser/internal/adapters/store/tag/tag.go:212.79,215.3 2 1
purser/internal/adapters/store/tag/tag.go:217.2,217.28 1 7
purser/internal/adapters/store/tag/tag.go:220.77,221.106 1 16
purser/internal/adapters/store/tag/tag.go:221.106,223.3 1 0
purser/internal/adapters/store/tag/tag.go:231.71,236.16 4 8
purser/internal/adapters/store/tag/tag.go:236.16,238.3 1 2
purser/internal/adapters/store/tag/tag.go:240.2,243.20 3 6
purser/internal/adapters/store/tag/tag.go:243.20,244.47 1 0
purser/internal/adapters/store/tag/tag.go:244.47,246.4 1 0
purser/internal/adapters/store/tag/tag.go:247.3,248.13 2 0
purser/internal/adapters/store/tag/tag.go:251.2,251.77 1 6
purser/internal/adapters/store/tag/tag.go:251.77,253.3 1 2
purser/internal/adapters/store/tag/tag.go:255.2,255.46 1 4
purser/internal/adapters/store/tag/tag.go:255.46,257.3 1 0
purser/internal/adapters/store/tag/tag.go:262.2,265.12 4 4
purser/internal/adapters/store/tag/tag.go:272.117,274.16 2 7
purser/internal/adapters/store/tag/tag.go:274.16,276.3 1 0
purser/internal/adapters/store/tag/tag.go:277.2,279.46 2 7
purser/internal/adapters/store/tag/tag.go:279.46,281.3 1 4
purser/internal/adapters/store/tag/tag.go:281.8,281.47 1 3
purser/internal/adapters/store/tag/tag.go:281.47,283.3 1 0
purser/internal/adapters/store/tag/tag.go:285.2,285.76 1 3
purser/internal/adapters/store/tag/tag.go:285.76,287.3 1 0
purser/internal/adapters/store/tag/tag.go:287.8,287.18 1 3
purser/internal/adapters/store/tag/tag.go:287.18,289.3 1 3
purser/internal/adapters/store/tag/tag.go:291.2,291.30 1 0
purser/internal/adapters/store/tag/tag.go:297.67,302.16 4 6
purser/internal/adapters/store/tag/tag.go:302.16,304.3 1 2
purser/internal/adapters/store/tag/tag.go:306.2,306.47 1 4
purser/internal/adapters/store/tag/tag.go:306.47,308.3 1 0
purser/internal/adapters/store/tag/tag.go:310.2,313.12 4 4
purser/internal/adapters/store/tag/tag.go:319.75,324.25 4 6
purser/internal/adapters/store/tag/tag.go:324.25,326.17 2 10
purser/internal/adapters/store/tag/tag.go:326.17,328.4 1 2
purser/internal/adapters/store/tag/tag.go:329.3,329.99 1 8
purser/internal/adapters/store/tag/tag.go:332.2,332.53 1 4
purser/internal/adapters/store/tag/tag.go:332.53,334.3 1 0
purser/internal/adapters/store/tag/tag.go:336.2,336.37 1 4
purser/internal/adapters/store/tag/tag.go:336.37,338.3 1 6
purser/internal/adapters/store/tag/tag.go:339.2,341.12 3 4
purser/internal/service/afterdark_browse.go:65.27,73.2 1 10
purser/internal/service/afterdark_browse.go:77.157,79.16 2 6
purser/internal/service/afterdark_browse.go:79.16,81.3 1 0
purser/internal/service/afterdark_browse.go:83.2,84.33 2 6
purser/internal/service/afterdark_browse.go:84.33,86.17 2 9
purser/internal/service/afterdark_browse.go:86.17,88.4 1 0
purser/internal/service/afterdark_browse.go:89.3,89.36 1 9
purser/internal/service/afterdark_browse.go:91.2,91.51 1 6
purser/internal/service/afterdark_browse.go:97.159,99.16 2 3
purser/internal/service/afterdark_browse.go:99.16,101.3 1 0
purser/internal/service/afterdark_browse.go:103.2,105.27 3 3
purser/internal/service/afterdark_browse.go:105.27,106.23 1 3
purser/internal/service/afterdark_browse.go:106.23,107.12 1 0
purser/internal/service/afterdark_browse.go:109.3,111.17 3 3
purser/internal/service/afterdark_browse.go:111.17,112.41 1 0
purser/internal/service/afterdark_browse.go:112.41,113.13 1 0
purser/internal/service/afterdark_browse.go:115.4,115.23 1 0
purser/internal/service/afterdark_browse.go:117.3,117.32 1 3
purser/internal/service/afterdark_browse.go:119.2,119.51 1 3
purser/internal/service/afterdark_browse.go:124.169,126.16 2 1
purser/internal/service/afterdark_browse.go:126.16,128.3 1 0
purser/internal/service/afterdark_browse.go:129.2,130.16 2 1
purser/internal/service/afterdark_browse.go:130.16,132.3 1 0
purser/internal/service/afterdark_browse.go:133.2,133.50 1 1
purser/internal/service/afterdark_browse.go:139.178,141.16 2 1
purser/internal/service/afterdark_browse.go:141.16,143.3 1 0
purser/internal/service/afterdark_browse.go:145.2,146.31 2 1
purser/internal/service/afterdark_browse.go:146.31,148.17 2 2
purser/internal/service/afterdark_browse.go:148.17,150.4 1 0
purser/internal/service/afterdark_browse.go:151.3,151.54 1 2
purser/internal/service/afterdark_browse.go:154.2,155.16 2 1
purser/internal/service/afterdark_browse.go:155.16,157.3 1 0
purser/internal/service/afterdark_browse.go:158.2,158.50 1 1
purser/internal/service/afterdark_browse.go:163.174,165.16 2 1
purser/internal/service/afterdark_browse.go:165.16,167.3 1 0
purser/internal/service/afterdark_browse.go:169.2,170.33 2 1
purser/internal/service/afterdark_browse.go:170.33,172.17 2 2
purser/internal/service/afterdark_browse.go:172.17,174.4 1 0
purser/internal/service/afterdark_browse.go:175.3,175.32 1 2
purser/internal/service/afterdark_browse.go:175.32,177.18 2 3
purser/internal/service/afterdark_browse.go:177.18,179.5 1 0
purser/internal/service/afterdark_browse.go:180.4,180.55 1 3
purser/internal/service/afterdark_browse.go:184.2,185.16 2 1
purser/internal/service/afterdark_browse.go:185.16,187.3 1 0
purser/internal/service/afterdark_browse.go:188.2,188.50 1 1
purser/internal/service/afterdark_browse.go:196.146,198.16 2 1
purser/internal/service/afterdark_browse.go:198.16,200.3 1 0
purser/internal/service/afterdark_browse.go:202.2,203.35 2 1
purser/internal/service/afterdark_browse.go:203.35,205.17 2 4
purser/internal/service/afterdark_browse.go:205.17,206.41 1 0
purser/internal/service/afterdark_browse.go:206.41,207.13 1 0
purser/internal/service/afterdark_browse.go:209.4,209.23 1 0
purser/internal/service/afterdark_browse.go:211.3,211.84 1 4
purser/internal/service/afterdark_browse.go:213.2,213.25 1 1
purser/internal/service/afterdark_browse.go:218.128,221.6 3 7
purser/internal/service/afterdark_browse.go:221.6,223.17 2 7
purser/internal/service/afterdark_browse.go:223.17,225.4 1 0
purser/internal/service/afterdark_browse.go:226.3,227.17 2 7
purser/internal/service/afterdark_browse.go:227.17,228.9 1 7
purser/internal/service/afterdark_browse.go:230.3,230.19 1 0
purser/internal/service/afterdark_browse.go:232.2,232.17 1 7
purser/internal/service/afterdark_browse.go:238.127,241.6 3 12
purser/internal/service/afterdark_browse.go:241.6,243.17 2 12
purser/internal/service/afterdark_browse.go:243.17,245.4 1 0
purser/internal/service/afterdark_browse.go:246.3,247.17 2 12
purser/internal/service/afterdark_browse.go:247.17,248.9 1 12
purser/internal/service/afterdark_browse.go:250.3,250.19 1 0
purser/internal/service/afterdark_browse.go:252.2,252.17 1 12
purser/internal/service/afterdark_browse.go:257.121,259.2 1 6
purser/internal/service/afterdark_browse.go:264.125,266.2 1 3
purser/internal/service/afterdark_browse.go:268.124,271.6 3 9
purser/internal/service/afterdark_browse.go:271.6,273.17 2 9
purser/internal/service/afterdark_browse.go:273.17,275.4 1 0
purser/internal/service/afterdark_browse.go:276.3,277.17 2 9
purser/internal/service/afterdark_browse.go:277.17,278.9 1 9
purser/internal/service/afterdark_browse.go:280.3,280.19 1 0
purser/internal/service/afterdark_browse.go:282.2,282.17 1 9
purser/internal/service/afterdark_browse.go:294.138,297.37 3 3
purser/internal/service/afterdark_browse.go:297.37,298.21 1 12
purser/internal/service/afterdark_browse.go:298.21,299.12 1 2
purser/internal/service/afterdark_browse.go:301.3,303.17 3 10
purser/internal/service/afterdark_browse.go:303.17,304.41 1 3
purser/internal/service/afterdark_browse.go:304.41,305.13 1 3
purser/internal/service/afterdark_browse.go:307.4,307.19 1 0
purser/internal/service/afterdark_browse.go:309.3,310.17 2 7
purser/internal/service/afterdark_browse.go:310.17,311.41 1 0
purser/internal/service/afterdark_browse.go:311.41,312.13 1 0
purser/internal/service/afterdark_browse.go:314.4,314.19 1 0
purser/internal/service/afterdark_browse.go:316.3,316.84 1 7
purser/internal/service/afterdark_browse.go:318.2,318.19 1 3
purser/internal/service/afterdark_browse.go:323.54,326.27 3 6
purser/internal/service/afterdark_browse.go:326.27,327.25 1 12
purser/internal/service/afterdark_browse.go:327.25,328.12 1 0
purser/internal/service/afterdark_browse.go:330.3,331.34 2 12
purser/internal/service/afterdark_browse.go:333.2,333.12 1 6
purser/internal/service/afterdark_browse.go:341.91,343.21 2 12
purser/internal/service/afterdark_browse.go:343.21,345.26 2 2
purser/internal/service/afterdark_browse.go:345.26,347.4 1 0
purser/internal/service/afterdark_browse.go:348.3,348.13 1 2
purser/internal/service/afterdark_browse.go:350.2,350.19 1 12
purser/internal/service/afterdark_browse.go:350.19,352.3 1 0
purser/internal/service/afterdark_browse.go:353.2,353.26 1 12
purser/internal/service/afterdark_browse.go:353.26,355.3 1 4
purser/internal/service/afterdark_browse.go:356.2,358.22 3 8
purser/internal/service/afterdark_browse.go:358.22,360.3 1 2
purser/internal/service/afterdark_browse.go:361.2,361.37 1 8
purser/internal/service/entry_person.go:18.82,20.2 1 7
purser/internal/service/entry_person.go:23.111,24.38 1 8
purser/internal/service/entry_person.go:24.38,26.3 1 1
purser/internal/service/entry_person.go:27.2,27.47 1 7
purser/internal/service/entry_person.go:27.47,29.3 1 1
purser/internal/service/entry_person.go:30.2,30.16 1 6
purser/internal/service/entry_person.go:34.123,36.2 1 4
purser/internal/service/entry_person.go:39.111,40.38 1 3
purser/internal/service/entry_person.go:40.38,42.3 1 1
purser/internal/service/entry_person.go:43.2,43.47 1 2
purser/internal/service/entry_person.go:43.47,45.3 1 1
purser/internal/service/entry_person.go:46.2,46.16 1 1
purser/internal/service/entry_person.go:50.103,52.2 1 1
purser/internal/service/entry_person.go:56.160,58.2 1 1
purser/internal/service/external_id.go:17.79,19.2 1 7
purser/internal/service/external_id.go:22.107,23.37 1 8
purser/internal/service/external_id.go:23.37,25.3 1 1
purser/internal/service/external_id.go:26.2,26.46 1 7
purser/internal/service/external_id.go:26.46,28.3 1 1
purser/internal/service/external_id.go:29.2,29.15 1 6
purser/internal/service/external_id.go:33.137,35.2 1 4
purser/internal/service/external_id.go:38.107,39.37 1 3
purser/internal/service/external_id.go:39.37,41.3 1 1
purser/internal/service/external_id.go:42.2,42.46 1 2
purser/internal/service/external_id.go:42.46,44.3 1 1
purser/internal/service/external_id.go:45.2,45.15 1 1
purser/internal/service/external_id.go:49.118,51.2 1 1
purser/internal/service/external_id.go:55.172,57.2 1 1
purser/internal/service/group.go:16.64,18.2 1 9
purser/internal/service/group.go:23.92,25.37 2 9
purser/internal/service/group.go:25.37,27.3 1 1
purser/internal/service/group.go:28.2,28.46 1 8
purser/internal/service/group.go:28.46,30.3 1 1
purser/internal/service/group.go:31.2,31.15 1 7
purser/internal/service/group.go:35.83,37.2 1 4
purser/internal/service/group.go:40.92,41.37 1 3
purser/internal/service/group.go:41.37,43.3 1 1
purser/internal/service/group.go:44.2,44.46 1 2
purser/internal/service/group.go:44.46,46.3 1 1
purser/internal/service/group.go:47.2,47.15 1 1
purser/internal/service/group.go:51.69,53.2 1 1
purser/internal/service/group.go:57.138,59.2 1 1
purser/internal/service/group_deletion.go:57.25,67.2 1 49
purser/internal/service/group_deletion.go:71.114,72.49 1 4
purser/internal/service/group_deletion.go:72.49,74.3 1 1
purser/internal/service/group_deletion.go:76.2,77.16 2 3
purser/internal/service/group_deletion.go:77.16,79.3 1 1
purser/internal/service/group_deletion.go:80.2,81.16 2 2
purser/internal/service/group_deletion.go:81.16,83.3 1 0
purser/internal/service/group_deletion.go:84.2,85.16 2 2
purser/internal/service/group_deletion.go:85.16,87.3 1 0
purser/internal/service/group_deletion.go:88.2,89.16 2 2
purser/internal/service/group_deletion.go:89.16,91.3 1 0
purser/internal/service/group_deletion.go:92.2,93.16 2 2
purser/internal/service/group_deletion.go:93.16,95.3 1 1
purser/internal/service/group_deletion.go:97.2,105.8 1 1
purser/internal/service/group_deletion.go:112.85,113.49 1 18
purser/internal/service/group_deletion.go:113.49,115.3 1 1
purser/internal/service/group_deletion.go:123.2,123.55 1 17
purser/internal/service/group_deletion.go:123.55,125.3 1 3
purser/internal/service/group_deletion.go:126.2,126.47 1 14
purser/internal/service/group_deletion.go:126.47,128.3 1 1
purser/internal/service/group_deletion.go:129.2,129.53 1 13
purser/internal/service/group_deletion.go:129.53,131.3 1 2
purser/internal/service/group_deletion.go:132.2,132.48 1 11
purser/internal/service/group_deletion.go:132.48,134.3 1 2
purser/internal/service/group_deletion.go:135.2,135.56 1 9
purser/internal/service/group_deletion.go:135.56,137.3 1 2
purser/internal/service/group_deletion.go:138.2,138.33 1 7
purser/internal/service/group_deletion.go:141.87,143.16 2 14
purser/internal/service/group_deletion.go:143.16,145.3 1 1
purser/internal/service/group_deletion.go:146.2,146.26 1 13
purser/internal/service/group_deletion.go:146.26,148.48 2 35
purser/internal/service/group_deletion.go:148.48,150.4 1 0
purser/internal/service/group_deletion.go:152.2,152.12 1 13
purser/internal/service/group_deletion.go:155.93,157.16 2 13
purser/internal/service/group_deletion.go:157.16,159.3 1 1
purser/internal/service/group_deletion.go:160.2,160.25 1 12
purser/internal/service/group_deletion.go:160.25,161.95 1 8
purser/internal/service/group_deletion.go:161.95,163.4 1 1
purser/internal/service/group_deletion.go:165.2,165.12 1 11
purser/internal/service/group_deletion.go:168.88,170.16 2 11
purser/internal/service/group_deletion.go:170.16,172.3 1 1
purser/internal/service/group_deletion.go:173.2,173.27 1 10
purser/internal/service/group_deletion.go:173.27,174.54 1 6
purser/internal/service/group_deletion.go:174.54,176.4 1 1
purser/internal/service/group_deletion.go:178.2,178.12 1 9
purser/internal/service/group_deletion.go:181.96,183.16 2 9
purser/internal/service/group_deletion.go:183.16,185.3 1 1
purser/internal/service/group_deletion.go:186.2,186.26 1 8
purser/internal/service/group_deletion.go:186.26,187.92 1 4
purser/internal/service/group_deletion.go:187.92,189.4 1 1
purser/internal/service/group_deletion.go:191.2,191.12 1 7
purser/internal/service/group_deletion.go:198.95,200.16 2 17
purser/internal/service/group_deletion.go:200.16,202.3 1 1
purser/internal/service/group_deletion.go:203.2,203.29 1 16
purser/internal/service/group_deletion.go:203.29,204.73 1 16
purser/internal/service/group_deletion.go:204.73,206.4 1 2
purser/internal/service/group_deletion.go:208.2,208.12 1 14
purser/internal/service/group_deletion.go:211.114,214.6 3 19
purser/internal/service/group_deletion.go:214.6,216.17 2 19
purser/internal/service/group_deletion.go:216.17,218.4 1 2
purser/internal/service/group_deletion.go:219.3,220.17 2 17
purser/internal/service/group_deletion.go:220.17,221.9 1 17
purser/internal/service/group_deletion.go:223.3,223.19 1 0
purser/internal/service/group_deletion.go:225.2,225.17 1 17
purser/internal/service/group_deletion.go:228.104,231.6 3 17
purser/internal/service/group_deletion.go:231.6,233.17 2 17
purser/internal/service/group_deletion.go:233.17,235.4 1 2
purser/internal/service/group_deletion.go:236.3,237.17 2 15
purser/internal/service/group_deletion.go:237.17,238.9 1 15
purser/internal/service/group_deletion.go:240.3,240.19 1 0
purser/internal/service/group_deletion.go:242.2,242.17 1 15
purser/internal/service/group_deletion.go:245.116,248.6 3 15
purser/internal/service/group_deletion.go:248.6,250.17 2 15
purser/internal/service/group_deletion.go:250.17,252.4 1 1
purser/internal/service/group_deletion.go:253.3,254.17 2 14
purser/internal/service/group_deletion.go:254.17,255.9 1 14
purser/internal/service/group_deletion.go:257.3,257.19 1 0
purser/internal/service/group_deletion.go:259.2,259.17 1 14
purser/internal/service/group_deletion.go:262.106,265.6 3 13
purser/internal/service/group_deletion.go:265.6,267.17 2 13
purser/internal/service/group_deletion.go:267.17,269.4 1 1
purser/internal/service/group_deletion.go:270.3,271.17 2 12
purser/internal/service/group_deletion.go:271.17,272.9 1 12
purser/internal/service/group_deletion.go:274.3,274.19 1 0
purser/internal/service/group_deletion.go:276.2,276.17 1 12
purser/internal/service/group_deletion.go:279.122,282.6 3 11
purser/internal/service/group_deletion.go:282.6,284.17 2 11
purser/internal/service/group_deletion.go:284.17,286.4 1 1
purser/internal/service/group_deletion.go:287.3,288.17 2 10
purser/internal/service/group_deletion.go:288.17,289.9 1 10
purser/internal/service/group_deletion.go:291.3,291.19 1 0
purser/internal/service/group_deletion.go:293.2,293.17 1 10
purser/internal/service/image.go:16.64,18.2 1 9
purser/internal/service/image.go:23.94,25.39 2 9
purser/internal/service/image.go:25.39,27.3 1 1
purser/internal/service/image.go:28.2,28.48 1 8
purser/internal/service/image.go:28.48,30.3 1 1
purser/internal/service/image.go:31.2,31.17 1 7
purser/internal/service/image.go:35.83,37.2 1 4
purser/internal/service/image.go:40.94,41.39 1 3
purser/internal/service/image.go:41.39,43.3 1 1
purser/internal/service/image.go:44.2,44.48 1 2
purser/internal/service/image.go:44.48,46.3 1 1
purser/internal/service/image.go:47.2,47.17 1 1
purser/internal/service/image.go:51.69,53.2 1 1
purser/internal/service/image.go:57.142,59.2 1 1
purser/internal/service/item.go:16.61,18.2 1 9
purser/internal/service/item.go:23.89,25.37 2 9
purser/internal/service/item.go:25.37,27.3 1 1
purser/internal/service/item.go:28.2,28.46 1 8
purser/internal/service/item.go:28.46,30.3 1 1
purser/internal/service/item.go:31.2,31.15 1 7
purser/internal/service/item.go:35.81,37.2 1 4
purser/internal/service/item.go:40.89,41.37 1 3
purser/internal/service/item.go:41.37,43.3 1 1
purser/internal/service/item.go:44.2,44.46 1 2
purser/internal/service/item.go:44.46,46.3 1 1
purser/internal/service/item.go:47.2,47.15 1 1
purser/internal/service/item.go:51.68,53.2 1 1
purser/internal/service/item.go:57.158,59.2 1 1
purser/internal/service/item_deletion.go:37.24,46.2 1 51
purser/internal/service/item_deletion.go:50.113,51.48 1 3
purser/internal/service/item_deletion.go:51.48,53.3 1 1
purser/internal/service/item_deletion.go:55.2,56.16 2 2
purser/internal/service/item_deletion.go:56.16,58.3 1 0
purser/internal/service/item_deletion.go:59.2,60.16 2 2
purser/internal/service/item_deletion.go:60.16,62.3 1 0
purser/internal/service/item_deletion.go:63.2,64.16 2 2
purser/internal/service/item_deletion.go:64.16,66.3 1 0
purser/internal/service/item_deletion.go:67.2,68.16 2 2
purser/internal/service/item_deletion.go:68.16,70.3 1 1
purser/internal/service/item_deletion.go:71.2,72.16 2 1
purser/internal/service/item_deletion.go:72.16,74.3 1 0
purser/internal/service/item_deletion.go:76.2,84.8 1 1
purser/internal/service/item_deletion.go:89.84,90.48 1 17
purser/internal/service/item_deletion.go:90.48,92.3 1 1
purser/internal/service/item_deletion.go:93.2,93.53 1 16
purser/internal/service/item_deletion.go:93.53,95.3 1 10
purser/internal/service/item_deletion.go:96.2,96.32 1 6
purser/internal/service/item_deletion.go:105.92,106.25 1 4
purser/internal/service/item_deletion.go:106.25,107.49 1 8
purser/internal/service/item_deletion.go:107.49,109.4 1 1
purser/internal/service/item_deletion.go:111.2,111.25 1 3
purser/internal/service/item_deletion.go:111.25,112.54 1 5
purser/internal/service/item_deletion.go:112.54,114.4 1 1
purser/internal/service/item_deletion.go:116.2,116.38 1 2
purser/internal/service/item_deletion.go:119.87,120.52 1 21
purser/internal/service/item_deletion.go:120.52,122.3 1 2
purser/internal/service/item_deletion.go:123.2,123.52 1 19
purser/internal/service/item_deletion.go:123.52,125.3 1 2
purser/internal/service/item_deletion.go:126.2,126.53 1 17
purser/internal/service/item_deletion.go:126.53,128.3 1 2
purser/internal/service/item_deletion.go:129.2,129.48 1 15
purser/internal/service/item_deletion.go:129.48,131.3 1 2
purser/internal/service/item_deletion.go:132.2,132.40 1 13
purser/internal/service/item_deletion.go:135.90,137.16 2 21
purser/internal/service/item_deletion.go:137.16,139.3 1 1
purser/internal/service/item_deletion.go:140.2,140.26 1 20
purser/internal/service/item_deletion.go:140.26,141.83 1 16
purser/internal/service/item_deletion.go:141.83,143.4 1 1
purser/internal/service/item_deletion.go:145.2,145.12 1 19
purser/internal/service/item_deletion.go:148.90,150.16 2 19
purser/internal/service/item_deletion.go:150.16,152.3 1 1
purser/internal/service/item_deletion.go:153.2,153.25 1 18
purser/internal/service/item_deletion.go:153.25,154.56 1 9
purser/internal/service/item_deletion.go:154.56,156.4 1 1
purser/internal/service/item_deletion.go:158.2,158.12 1 17
purser/internal/service/item_deletion.go:161.91,163.16 2 17
purser/internal/service/item_deletion.go:163.16,165.3 1 1
purser/internal/service/item_deletion.go:166.2,166.25 1 16
purser/internal/service/item_deletion.go:166.25,167.95 1 7
purser/internal/service/item_deletion.go:167.95,169.4 1 1
purser/internal/service/item_deletion.go:171.2,171.12 1 15
purser/internal/service/item_deletion.go:174.86,176.16 2 15
purser/internal/service/item_deletion.go:176.16,178.3 1 1
purser/internal/service/item_deletion.go:179.2,179.27 1 14
purser/internal/service/item_deletion.go:179.27,180.54 1 5
purser/internal/service/item_deletion.go:180.54,182.4 1 1
purser/internal/service/item_deletion.go:184.2,184.12 1 13
purser/internal/service/item_deletion.go:187.94,189.16 2 13
purser/internal/service/item_deletion.go:189.16,191.3 1 1
purser/internal/service/item_deletion.go:192.2,192.26 1 12
purser/internal/service/item_deletion.go:192.26,193.92 1 8
purser/internal/service/item_deletion.go:193.92,195.4 1 2
purser/internal/service/item_deletion.go:197.2,197.12 1 10
purser/internal/service/item_deletion.go:200.113,203.6 3 23
purser/internal/service/item_deletion.go:203.6,205.17 2 23
purser/internal/service/item_deletion.go:205.17,207.4 1 1
purser/internal/service/item_deletion.go:208.3,209.17 2 22
purser/internal/service/item_deletion.go:209.17,210.9 1 22
purser/internal/service/item_deletion.go:212.3,212.19 1 0
purser/internal/service/item_deletion.go:214.2,214.17 1 22
purser/internal/service/item_deletion.go:217.112,220.6 3 21
purser/internal/service/item_deletion.go:220.6,222.17 2 21
purser/internal/service/item_deletion.go:222.17,224.4 1 1
purser/internal/service/item_deletion.go:225.3,226.17 2 20
purser/internal/service/item_deletion.go:226.17,227.9 1 20
purser/internal/service/item_deletion.go:229.3,229.19 1 0
purser/internal/service/item_deletion.go:231.2,231.17 1 20
purser/internal/service/item_deletion.go:234.114,237.6 3 19
purser/internal/service/item_deletion.go:237.6,239.17 2 19
purser/internal/service/item_deletion.go:239.17,241.4 1 1
purser/internal/service/item_deletion.go:242.3,243.17 2 18
purser/internal/service/item_deletion.go:243.17,244.9 1 18
purser/internal/service/item_deletion.go:246.3,246.19 1 0
purser/internal/service/item_deletion.go:248.2,248.17 1 18
purser/internal/service/item_deletion.go:251.104,254.6 3 17
purser/internal/service/item_deletion.go:254.6,256.17 2 17
purser/internal/service/item_deletion.go:256.17,258.4 1 2
purser/internal/service/item_deletion.go:259.3,260.17 2 15
purser/internal/service/item_deletion.go:260.17,261.9 1 15
purser/internal/service/item_deletion.go:263.3,263.19 1 0
purser/internal/service/item_deletion.go:265.2,265.17 1 15
purser/internal/service/item_deletion.go:268.120,271.6 3 14
purser/internal/service/item_deletion.go:271.6,273.17 2 14
purser/internal/service/item_deletion.go:273.17,275.4 1 1
purser/internal/service/item_deletion.go:276.3,277.17 2 13
purser/internal/service/item_deletion.go:277.17,278.9 1 13
purser/internal/service/item_deletion.go:280.3,280.19 1 0
purser/internal/service/item_deletion.go:282.2,282.17 1 13
purser/internal/service/item_person.go:17.79,19.2 1 7
purser/internal/service/item_person.go:22.108,23.38 1 8
purser/internal/service/item_person.go:23.38,25.3 1 1
purser/internal/service/item_person.go:26.2,26.47 1 7
purser/internal/service/item_person.go:26.47,28.3 1 1
purser/internal/service/item_person.go:29.2,29.16 1 6
purser/internal/service/item_person.go:33.113,35.2 1 4
purser/internal/service/item_person.go:38.108,39.38 1 3
purser/internal/service/item_person.go:39.38,41.3 1 1
purser/internal/service/item_person.go:42.2,42.47 1 2
purser/internal/service/item_person.go:42.47,44.3 1 1
purser/internal/service/item_person.go:45.2,45.16 1 1
purser/internal/service/item_person.go:49.94,51.2 1 1
purser/internal/service/item_person.go:55.150,57.2 1 1
purser/internal/service/job.go:19.80,21.2 1 8
purser/internal/service/job.go:26.127,28.2 1 2
purser/internal/service/job.go:32.81,34.2 1 2
purser/internal/service/job.go:39.150,41.2 1 2
purser/internal/service/job.go:45.100,47.2 1 2
purser/internal/service/library_entry.go:17.85,19.2 1 9
purser/internal/service/library_entry.go:24.113,26.37 2 9
purser/internal/service/library_entry.go:26.37,28.3 1 1
purser/internal/service/library_entry.go:29.2,29.46 1 8
purser/internal/service/library_entry.go:29.46,31.3 1 1
purser/internal/service/library_entry.go:32.2,32.15 1 7
purser/internal/service/library_entry.go:36.97,38.2 1 4
purser/internal/service/library_entry.go:41.113,42.37 1 3
purser/internal/service/library_entry.go:42.37,44.3 1 1
purser/internal/service/library_entry.go:45.2,45.46 1 2
purser/internal/service/library_entry.go:45.46,47.3 1 1
purser/internal/service/library_entry.go:48.2,48.15 1 1
purser/internal/service/library_entry.go:52.76,54.2 1 1
purser/internal/service/library_entry.go:58.164,60.2 1 1
purser/internal/service/library_entry_deletion.go:74.32,87.2 1 32
purser/internal/service/library_entry_deletion.go:93.121,94.57 1 11
purser/internal/service/library_entry_deletion.go:94.57,96.3 1 1
purser/internal/service/library_entry_deletion.go:98.2,99.16 2 10
purser/internal/service/library_entry_deletion.go:99.16,101.3 1 1
purser/internal/service/library_entry_deletion.go:102.2,103.16 2 9
purser/internal/service/library_entry_deletion.go:103.16,105.3 1 1
purser/internal/service/library_entry_deletion.go:106.2,107.16 2 8
purser/internal/service/library_entry_deletion.go:107.16,109.3 1 1
purser/internal/service/library_entry_deletion.go:110.2,111.16 2 7
purser/internal/service/library_entry_deletion.go:111.16,113.3 1 1
purser/internal/service/library_entry_deletion.go:114.2,115.16 2 6
purser/internal/service/library_entry_deletion.go:115.16,117.3 1 1
purser/internal/service/library_entry_deletion.go:118.2,119.16 2 5
purser/internal/service/library_entry_deletion.go:119.16,121.3 1 1
purser/internal/service/library_entry_deletion.go:122.2,123.16 2 4
purser/internal/service/library_entry_deletion.go:123.16,125.3 1 1
purser/internal/service/library_entry_deletion.go:126.2,127.16 2 3
purser/internal/service/library_entry_deletion.go:127.16,129.3 1 1
purser/internal/service/library_entry_deletion.go:131.2,142.8 1 2
purser/internal/service/library_entry_deletion.go:150.98,151.57 1 25
purser/internal/service/library_entry_deletion.go:151.57,153.3 1 1
purser/internal/service/library_entry_deletion.go:155.2,155.13 1 24
purser/internal/service/library_entry_deletion.go:155.13,156.61 1 9
purser/internal/service/library_entry_deletion.go:156.61,158.4 1 5
purser/internal/service/library_entry_deletion.go:159.8,159.60 1 15
purser/internal/service/library_entry_deletion.go:159.60,161.3 1 5
purser/internal/service/library_entry_deletion.go:163.2,163.53 1 14
purser/internal/service/library_entry_deletion.go:163.53,165.3 1 8
purser/internal/service/library_entry_deletion.go:167.2,167.41 1 6
purser/internal/service/library_entry_deletion.go:172.95,174.16 2 15
purser/internal/service/library_entry_deletion.go:174.16,176.3 1 1
purser/internal/service/library_entry_deletion.go:177.2,178.16 2 14
purser/internal/service/library_entry_deletion.go:178.16,180.3 1 1
purser/internal/service/library_entry_deletion.go:181.2,181.39 1 13
purser/internal/service/library_entry_deletion.go:181.39,183.3 1 1
purser/internal/service/library_entry_deletion.go:184.2,184.34 1 12
purser/internal/service/library_entry_deletion.go:189.102,191.16 2 9
purser/internal/service/library_entry_deletion.go:191.16,193.3 1 1
purser/internal/service/library_entry_deletion.go:194.2,194.29 1 8
purser/internal/service/library_entry_deletion.go:194.29,195.51 1 3
purser/internal/service/library_entry_deletion.go:195.51,197.4 1 1
purser/internal/service/library_entry_deletion.go:200.2,201.16 2 7
purser/internal/service/library_entry_deletion.go:201.16,203.3 1 0
purser/internal/service/library_entry_deletion.go:204.2,204.27 1 7
purser/internal/service/library_entry_deletion.go:204.27,205.65 1 4
purser/internal/service/library_entry_deletion.go:205.65,207.4 1 2
purser/internal/service/library_entry_deletion.go:210.2,211.16 2 5
purser/internal/service/library_entry_deletion.go:211.16,213.3 1 0
purser/internal/service/library_entry_deletion.go:214.2,214.26 1 5
purser/internal/service/library_entry_deletion.go:214.26,215.64 1 4
purser/internal/service/library_entry_deletion.go:215.64,217.4 1 1
purser/internal/service/library_entry_deletion.go:219.2,219.12 1 4
purser/internal/service/library_entry_deletion.go:222.92,224.16 2 12
purser/internal/service/library_entry_deletion.go:224.16,226.3 1 1
purser/internal/service/library_entry_deletion.go:227.2,227.29 1 11
purser/internal/service/library_entry_deletion.go:227.29,229.57 2 19
purser/internal/service/library_entry_deletion.go:229.57,231.4 1 1
purser/internal/service/library_entry_deletion.go:233.2,233.12 1 10
purser/internal/service/library_entry_deletion.go:236.95,237.53 1 14
purser/internal/service/library_entry_deletion.go:237.53,239.3 1 2
purser/internal/service/library_entry_deletion.go:240.2,240.53 1 12
purser/internal/service/library_entry_deletion.go:240.53,242.3 1 2
purser/internal/service/library_entry_deletion.go:243.2,243.48 1 10
purser/internal/service/library_entry_deletion.go:243.48,245.3 1 2
purser/internal/service/library_entry_deletion.go:246.2,246.40 1 8
purser/internal/service/library_entry_deletion.go:249.95,251.16 2 14
purser/internal/service/library_entry_deletion.go:251.16,253.3 1 1
purser/internal/service/library_entry_deletion.go:254.2,254.26 1 13
purser/internal/service/library_entry_deletion.go:254.26,255.92 1 9
purser/internal/service/library_entry_deletion.go:255.92,257.4 1 1
purser/internal/service/library_entry_deletion.go:259.2,259.12 1 12
purser/internal/service/library_entry_deletion.go:262.95,264.16 2 12
purser/internal/service/library_entry_deletion.go:264.16,266.3 1 1
purser/internal/service/library_entry_deletion.go:267.2,267.25 1 11
purser/internal/service/library_entry_deletion.go:267.25,268.95 1 7
purser/internal/service/library_entry_deletion.go:268.95,270.4 1 1
purser/internal/service/library_entry_deletion.go:272.2,272.12 1 10
purser/internal/service/library_entry_deletion.go:275.90,277.16 2 10
purser/internal/service/library_entry_deletion.go:277.16,279.3 1 1
purser/internal/service/library_entry_deletion.go:280.2,280.27 1 9
purser/internal/service/library_entry_deletion.go:280.27,281.54 1 5
purser/internal/service/library_entry_deletion.go:281.54,283.4 1 1
purser/internal/service/library_entry_deletion.go:285.2,285.12 1 8
purser/internal/service/library_entry_deletion.go:288.98,290.16 2 8
purser/internal/service/library_entry_deletion.go:290.16,292.3 1 1
purser/internal/service/library_entry_deletion.go:293.2,293.26 1 7
purser/internal/service/library_entry_deletion.go:293.26,294.92 1 3
purser/internal/service/library_entry_deletion.go:294.92,296.4 1 1
purser/internal/service/library_entry_deletion.go:298.2,298.12 1 6
purser/internal/service/library_entry_deletion.go:301.123,304.6 3 31
purser/internal/service/library_entry_deletion.go:304.6,306.17 2 31
purser/internal/service/library_entry_deletion.go:306.17,308.4 1 3
purser/internal/service/library_entry_deletion.go:309.3,310.17 2 28
purser/internal/service/library_entry_deletion.go:310.17,311.9 1 28
purser/internal/service/library_entry_deletion.go:313.3,313.19 1 0
purser/internal/service/library_entry_deletion.go:315.2,315.17 1 28
purser/internal/service/library_entry_deletion.go:318.120,321.6 3 31
purser/internal/service/library_entry_deletion.go:321.6,323.17 2 31
purser/internal/service/library_entry_deletion.go:323.17,325.4 1 2
purser/internal/service/library_entry_deletion.go:326.3,327.17 2 29
purser/internal/service/library_entry_deletion.go:327.17,328.9 1 29
purser/internal/service/library_entry_deletion.go:330.3,330.19 1 0
purser/internal/service/library_entry_deletion.go:332.2,332.17 1 29
purser/internal/service/library_entry_deletion.go:335.118,338.6 3 27
purser/internal/service/library_entry_deletion.go:338.6,340.17 2 27
purser/internal/service/library_entry_deletion.go:340.17,342.4 1 2
purser/internal/service/library_entry_deletion.go:343.3,344.17 2 25
purser/internal/service/library_entry_deletion.go:344.17,345.9 1 25
purser/internal/service/library_entry_deletion.go:347.3,347.19 1 0
purser/internal/service/library_entry_deletion.go:349.2,349.17 1 25
purser/internal/service/library_entry_deletion.go:352.131,355.6 3 21
purser/internal/service/library_entry_deletion.go:355.6,357.17 2 21
purser/internal/service/library_entry_deletion.go:357.17,359.4 1 2
purser/internal/service/library_entry_deletion.go:360.3,361.17 2 19
purser/internal/service/library_entry_deletion.go:361.17,362.9 1 19
purser/internal/service/library_entry_deletion.go:364.3,364.19 1 0
purser/internal/service/library_entry_deletion.go:366.2,366.17 1 19
purser/internal/service/library_entry_deletion.go:369.130,372.6 3 18
purser/internal/service/library_entry_deletion.go:372.6,374.17 2 18
purser/internal/service/library_entry_deletion.go:374.17,376.4 1 2
purser/internal/service/library_entry_deletion.go:377.3,378.17 2 16
purser/internal/service/library_entry_deletion.go:378.17,379.9 1 16
purser/internal/service/library_entry_deletion.go:381.3,381.19 1 0
purser/internal/service/library_entry_deletion.go:383.2,383.17 1 16
purser/internal/service/library_entry_deletion.go:386.120,389.6 3 15
purser/internal/service/library_entry_deletion.go:389.6,391.17 2 15
purser/internal/service/library_entry_deletion.go:391.17,393.4 1 2
purser/internal/service/library_entry_deletion.go:394.3,395.17 2 13
purser/internal/service/library_entry_deletion.go:395.17,396.9 1 13
purser/internal/service/library_entry_deletion.go:398.3,398.19 1 0
purser/internal/service/library_entry_deletion.go:400.2,400.17 1 13
purser/internal/service/library_entry_deletion.go:403.136,406.6 3 12
purser/internal/service/library_entry_deletion.go:406.6,408.17 2 12
purser/internal/service/library_entry_deletion.go:408.17,410.4 1 2
purser/internal/service/library_entry_deletion.go:411.3,412.17 2 10
purser/internal/service/library_entry_deletion.go:412.17,413.9 1 10
purser/internal/service/library_entry_deletion.go:415.3,415.19 1 0
purser/internal/service/library_entry_deletion.go:417.2,417.17 1 10
purser/internal/service/library_entry_deletion.go:420.128,423.6 3 3
purser/internal/service/library_entry_deletion.go:423.6,425.17 2 3
purser/internal/service/library_entry_deletion.go:425.17,427.4 1 1
purser/internal/service/library_entry_deletion.go:428.3,429.17 2 2
purser/internal/service/library_entry_deletion.go:429.17,430.9 1 2
purser/internal/service/library_entry_deletion.go:432.3,432.19 1 0
purser/internal/service/library_entry_deletion.go:434.2,434.17 1 2
purser/internal/service/media_file.go:17.76,19.2 1 8
purser/internal/service/media_file.go:24.104,26.37 2 8
purser/internal/service/media_file.go:26.37,28.3 1 1
purser/internal/service/media_file.go:29.2,29.46 1 7
purser/internal/service/media_file.go:29.46,31.3 1 1
purser/internal/service/media_file.go:32.2,32.15 1 6
purser/internal/service/media_file.go:36.91,38.2 1 4
purser/internal/service/media_file.go:41.104,42.37 1 2
purser/internal/service/media_file.go:42.37,44.3 1 0
purser/internal/service/media_file.go:45.2,45.46 1 2
purser/internal/service/media_file.go:45.46,47.3 1 1
purser/internal/service/media_file.go:48.2,48.15 1 1
purser/internal/service/media_file.go:52.73,54.2 1 1
purser/internal/service/media_file.go:57.138,59.2 1 1
purser/internal/service/music_release.go:19.85,21.2 1 14
purser/internal/service/music_release.go:26.101,28.37 2 16
purser/internal/service/music_release.go:28.37,30.3 1 1
purser/internal/service/music_release.go:31.2,31.46 1 15
purser/internal/service/music_release.go:31.46,33.3 1 1
purser/internal/service/music_release.go:34.2,34.15 1 14
purser/internal/service/music_release.go:38.91,40.2 1 4
purser/internal/service/music_release.go:43.99,45.2 1 2
purser/internal/service/music_release.go:49.105,51.2 1 2
purser/internal/service/music_release.go:54.101,55.37 1 3
purser/internal/service/music_release.go:55.37,57.3 1 1
purser/internal/service/music_release.go:58.2,58.46 1 2
purser/internal/service/music_release.go:58.46,60.3 1 1
purser/internal/service/music_release.go:61.2,61.15 1 1
purser/internal/service/music_release.go:69.76,71.2 1 1
purser/internal/service/music_release.go:74.123,76.2 1 1
purser/internal/service/music_release.go:79.146,81.2 1 1
purser/internal/service/music_release.go:85.153,87.2 1 1
purser/internal/service/music_release.go:92.154,94.2 1 2
purser/internal/service/music_release_deletion.go:29.133,31.2 1 55
purser/internal/service/music_release_deletion.go:35.121,36.51 1 3
purser/internal/service/music_release_deletion.go:36.51,38.3 1 2
purser/internal/service/music_release_deletion.go:40.2,41.16 2 1
purser/internal/service/music_release_deletion.go:41.16,43.3 1 0
purser/internal/service/music_release_deletion.go:45.2,49.8 1 1
purser/internal/service/music_release_deletion.go:56.92,57.51 1 20
purser/internal/service/music_release_deletion.go:57.51,59.3 1 1
purser/internal/service/music_release_deletion.go:60.2,60.48 1 19
purser/internal/service/music_release_deletion.go:60.48,62.3 1 2
purser/internal/service/music_release_deletion.go:63.2,63.35 1 17
purser/internal/service/music_release_deletion.go:66.97,68.16 2 19
purser/internal/service/music_release_deletion.go:68.16,70.3 1 0
purser/internal/service/music_release_deletion.go:71.2,71.27 1 19
purser/internal/service/music_release_deletion.go:71.27,73.48 2 21
purser/internal/service/music_release_deletion.go:73.48,75.4 1 2
purser/internal/service/music_release_deletion.go:77.2,77.12 1 17
purser/internal/service/music_release_deletion.go:80.114,83.6 3 20
purser/internal/service/music_release_deletion.go:83.6,85.17 2 20
purser/internal/service/music_release_deletion.go:85.17,87.4 1 0
purser/internal/service/music_release_deletion.go:88.3,89.17 2 20
purser/internal/service/music_release_deletion.go:89.17,90.9 1 20
purser/internal/service/music_release_deletion.go:92.3,92.19 1 0
purser/internal/service/music_release_deletion.go:94.2,94.17 1 20
purser/internal/service/performer_profile.go:19.97,21.2 1 9
purser/internal/service/performer_profile.go:24.131,25.37 1 10
purser/internal/service/performer_profile.go:25.37,27.3 1 1
purser/internal/service/performer_profile.go:28.2,28.46 1 9
purser/internal/service/performer_profile.go:28.46,30.3 1 1
purser/internal/service/performer_profile.go:31.2,31.15 1 8
purser/internal/service/performer_profile.go:35.114,37.2 1 4
purser/internal/service/performer_profile.go:40.131,41.37 1 3
purser/internal/service/performer_profile.go:41.37,43.3 1 1
purser/internal/service/performer_profile.go:44.2,44.46 1 2
purser/internal/service/performer_profile.go:44.46,46.3 1 1
purser/internal/service/performer_profile.go:47.2,47.15 1 1
purser/internal/service/performer_profile.go:51.86,53.2 1 1
purser/internal/service/performer_profile.go:56.140,58.2 1 1
purser/internal/service/person.go:30.67,32.2 1 9
purser/internal/service/person.go:37.95,39.37 2 9
purser/internal/service/person.go:39.37,41.3 1 1
purser/internal/service/person.go:42.2,42.46 1 8
purser/internal/service/person.go:42.46,44.3 1 1
purser/internal/service/person.go:45.2,45.15 1 7
purser/internal/service/person.go:49.85,51.2 1 4
purser/internal/service/person.go:56.95,57.37 1 3
purser/internal/service/person.go:57.37,59.3 1 1
purser/internal/service/person.go:60.2,60.46 1 2
purser/internal/service/person.go:60.46,62.3 1 1
purser/internal/service/person.go:63.2,63.15 1 1
purser/internal/service/person.go:67.70,69.2 1 1
purser/internal/service/person.go:73.117,75.2 1 1
purser/internal/service/person_deletion.go:51.26,61.2 1 19
purser/internal/service/person_deletion.go:65.115,66.49 1 4
purser/internal/service/person_deletion.go:66.49,68.3 1 1
purser/internal/service/person_deletion.go:70.2,71.16 2 3
purser/internal/service/person_deletion.go:71.16,73.3 1 0
purser/internal/service/person_deletion.go:74.2,75.16 2 3
purser/internal/service/person_deletion.go:75.16,77.3 1 0
purser/internal/service/person_deletion.go:78.2,79.16 2 3
purser/internal/service/person_deletion.go:79.16,81.3 1 0
purser/internal/service/person_deletion.go:82.2,83.16 2 3
purser/internal/service/person_deletion.go:83.16,85.3 1 0
purser/internal/service/person_deletion.go:86.2,87.16 2 3
purser/internal/service/person_deletion.go:87.16,89.3 1 0
purser/internal/service/person_deletion.go:90.2,91.16 2 3
purser/internal/service/person_deletion.go:91.16,93.3 1 1
purser/internal/service/person_deletion.go:94.2,95.16 2 2
purser/internal/service/person_deletion.go:95.16,97.3 1 1
purser/internal/service/person_deletion.go:99.2,108.8 1 2
purser/internal/service/person_deletion.go:113.86,114.49 1 16
purser/internal/service/person_deletion.go:114.49,116.3 1 1
purser/internal/service/person_deletion.go:117.2,117.53 1 15
purser/internal/service/person_deletion.go:117.53,119.3 1 2
purser/internal/service/person_deletion.go:120.2,120.52 1 13
purser/internal/service/person_deletion.go:120.52,122.3 1 2
purser/internal/service/person_deletion.go:123.2,123.53 1 11
purser/internal/service/person_deletion.go:123.53,125.3 1 2
purser/internal/service/person_deletion.go:126.2,126.48 1 9
purser/internal/service/person_deletion.go:126.48,128.3 1 2
purser/internal/service/person_deletion.go:129.2,129.56 1 7
purser/internal/service/person_deletion.go:129.56,131.3 1 2
purser/internal/service/person_deletion.go:132.2,132.58 1 5
purser/internal/service/person_deletion.go:132.58,134.3 1 2
purser/internal/service/person_deletion.go:135.2,135.33 1 3
purser/internal/service/person_deletion.go:138.95,140.16 2 15
purser/internal/service/person_deletion.go:140.16,142.3 1 1
purser/internal/service/person_deletion.go:143.2,143.26 1 14
purser/internal/service/person_deletion.go:143.26,144.92 1 14
purser/internal/service/person_deletion.go:144.92,146.4 1 1
purser/internal/service/person_deletion.go:148.2,148.12 1 13
purser/internal/service/person_deletion.go:151.94,153.16 2 13
purser/internal/service/person_deletion.go:153.16,155.3 1 1
purser/internal/service/person_deletion.go:156.2,156.26 1 12
purser/internal/service/person_deletion.go:156.26,157.83 1 12
purser/internal/service/person_deletion.go:157.83,159.4 1 1
purser/internal/service/person_deletion.go:161.2,161.12 1 11
purser/internal/service/person_deletion.go:164.95,166.16 2 11
purser/internal/service/person_deletion.go:166.16,168.3 1 1
purser/internal/service/person_deletion.go:169.2,169.25 1 10
purser/internal/service/person_deletion.go:169.25,170.95 1 10
purser/internal/service/person_deletion.go:170.95,172.4 1 1
purser/internal/service/person_deletion.go:174.2,174.12 1 9
purser/internal/service/person_deletion.go:177.90,179.16 2 9
purser/internal/service/person_deletion.go:179.16,181.3 1 1
purser/internal/service/person_deletion.go:182.2,182.27 1 8
purser/internal/service/person_deletion.go:182.27,183.54 1 8
purser/internal/service/person_deletion.go:183.54,185.4 1 1
purser/internal/service/person_deletion.go:187.2,187.12 1 7
purser/internal/service/person_deletion.go:190.98,192.16 2 7
purser/internal/service/person_deletion.go:192.16,194.3 1 1
purser/internal/service/person_deletion.go:195.2,195.26 1 6
purser/internal/service/person_deletion.go:195.26,196.92 1 6
purser/internal/service/person_deletion.go:196.92,198.4 1 1
purser/internal/service/person_deletion.go:200.2,200.12 1 5
purser/internal/service/person_deletion.go:203.100,205.16 2 5
purser/internal/service/person_deletion.go:205.16,207.3 1 1
purser/internal/service/person_deletion.go:208.2,208.10 1 4
purser/internal/service/person_deletion.go:208.10,210.3 1 1
purser/internal/service/person_deletion.go:211.2,211.41 1 3
purser/internal/service/person_deletion.go:214.105,216.16 2 8
purser/internal/service/person_deletion.go:216.16,218.3 1 4
purser/internal/service/person_deletion.go:219.2,219.39 1 4
purser/internal/service/person_deletion.go:219.39,221.3 1 2
purser/internal/service/person_deletion.go:222.2,222.19 1 2
purser/internal/service/person_deletion.go:225.119,228.6 3 18
purser/internal/service/person_deletion.go:228.6,230.17 2 18
purser/internal/service/person_deletion.go:230.17,232.4 1 1
purser/internal/service/person_deletion.go:233.3,234.17 2 17
purser/internal/service/person_deletion.go:234.17,235.9 1 17
purser/internal/service/person_deletion.go:237.3,237.19 1 0
purser/internal/service/person_deletion.go:239.2,239.17 1 17
purser/internal/service/person_deletion.go:242.117,245.6 3 16
purser/internal/service/person_deletion.go:245.6,247.17 2 16
purser/internal/service/person_deletion.go:247.17,249.4 1 1
purser/internal/service/person_deletion.go:250.3,251.17 2 15
purser/internal/service/person_deletion.go:251.17,252.9 1 15
purser/internal/service/person_deletion.go:254.3,254.19 1 0
purser/internal/service/person_deletion.go:256.2,256.17 1 15
purser/internal/service/person_deletion.go:259.118,262.6 3 14
purser/internal/service/person_deletion.go:262.6,264.17 2 14
purser/internal/service/person_deletion.go:264.17,266.4 1 1
purser/internal/service/person_deletion.go:267.3,268.17 2 13
purser/internal/service/person_deletion.go:268.17,269.9 1 13
purser/internal/service/person_deletion.go:271.3,271.19 1 0
purser/internal/service/person_deletion.go:273.2,273.17 1 13
purser/internal/service/person_deletion.go:276.108,279.6 3 12
purser/internal/service/person_deletion.go:279.6,281.17 2 12
purser/internal/service/person_deletion.go:281.17,283.4 1 1
purser/internal/service/person_deletion.go:284.3,285.17 2 11
purser/internal/service/person_deletion.go:285.17,286.9 1 11
purser/internal/service/person_deletion.go:288.3,288.19 1 0
purser/internal/service/person_deletion.go:290.2,290.17 1 11
purser/internal/service/person_deletion.go:293.124,296.6 3 10
purser/internal/service/person_deletion.go:296.6,298.17 2 10
purser/internal/service/person_deletion.go:298.17,300.4 1 1
purser/internal/service/person_deletion.go:301.3,302.17 2 9
purser/internal/service/person_deletion.go:302.17,303.9 1 9
purser/internal/service/person_deletion.go:305.3,305.19 1 0
purser/internal/service/person_deletion.go:307.2,307.17 1 9
purser/internal/service/scan.go:29.113,31.2 1 8
purser/internal/service/scan.go:38.81,40.16 2 7
purser/internal/service/scan.go:40.16,42.3 1 1
purser/internal/service/scan.go:44.2,45.26 2 6
purser/internal/service/scan.go:45.26,47.3 1 3
purser/internal/service/scan.go:49.2,54.60 2 6
purser/internal/service/scan_watch_consumer.go:25.116,26.19 1 4
purser/internal/service/scan_watch_consumer.go:26.19,28.3 1 0
purser/internal/service/scan_watch_consumer.go:29.2,33.3 1 4
purser/internal/service/scan_watch_consumer.go:43.54,47.35 3 4
purser/internal/service/scan_watch_consumer.go:47.35,48.10 1 9
purser/internal/service/scan_watch_consumer.go:49.21,50.10 1 4
purser/internal/service/scan_watch_consumer.go:51.27,52.11 1 4
purser/internal/service/scan_watch_consumer.go:52.11,54.13 2 0
purser/internal/service/scan_watch_consumer.go:56.4,56.26 1 4
purser/internal/service/scan_watch_consumer.go:57.26,58.11 1 1
purser/internal/service/scan_watch_consumer.go:58.11,60.13 2 0
purser/internal/service/scan_watch_consumer.go:62.4,62.70 1 1
purser/internal/service/scan_watch_consumer.go:67.80,68.32 1 4
purser/internal/service/scan_watch_consumer.go:68.32,70.3 1 1
purser/internal/service/scan_watch_consumer.go:72.2,73.16 2 3
purser/internal/service/scan_watch_consumer.go:73.16,77.3 2 0
purser/internal/service/scan_watch_consumer.go:78.2,79.79 1 3
purser/internal/service/tag.go:16.58,18.2 1 9
purser/internal/service/tag.go:27.86,29.37 2 9
purser/internal/service/tag.go:29.37,31.3 1 1
purser/internal/service/tag.go:32.2,32.46 1 8
purser/internal/service/tag.go:32.46,34.3 1 1
purser/internal/service/tag.go:35.2,35.15 1 7
purser/internal/service/tag.go:39.79,41.2 1 4
purser/internal/service/tag.go:48.86,49.37 1 3
purser/internal/service/tag.go:49.37,51.3 1 1
purser/internal/service/tag.go:52.2,52.46 1 2
purser/internal/service/tag.go:52.46,54.3 1 1
purser/internal/service/tag.go:55.2,55.15 1 1
purser/internal/service/tag.go:59.67,61.2 1 1
purser/internal/service/tag.go:64.111,66.2 1 1
purser/internal/service/tag_assignment.go:18.88,20.2 1 9
purser/internal/service/tag_assignment.go:23.117,24.38 1 7
purser/internal/service/tag_assignment.go:24.38,26.3 1 1
purser/internal/service/tag_assignment.go:27.2,27.47 1 6
purser/internal/service/tag_assignment.go:27.47,29.3 1 1
purser/internal/service/tag_assignment.go:30.2,30.16 1 5
purser/internal/service/tag_assignment.go:39.175,41.37 2 3
purser/internal/service/tag_assignment.go:41.37,43.39 2 6
purser/internal/service/tag_assignment.go:43.39,45.4 1 1
purser/internal/service/tag_assignment.go:46.3,46.24 1 5
purser/internal/service/tag_assignment.go:49.2,49.53 1 2
purser/internal/service/tag_assignment.go:49.53,51.3 1 1
purser/internal/service/tag_assignment.go:52.2,52.17 1 1
purser/internal/service/tag_assignment.go:56.149,58.2 1 7
purser/internal/service/tag_assignment.go:61.127,63.2 1 1
purser/internal/service/tag_assignment.go:67.192,69.2 1 1
purser/internal/service/tag_deletion.go:25.120,27.2 1 11
purser/internal/service/tag_deletion.go:31.112,32.47 1 3
purser/internal/service/tag_deletion.go:32.47,34.3 1 1
purser/internal/service/tag_deletion.go:36.2,37.16 2 2
purser/internal/service/tag_deletion.go:37.16,39.3 1 1
purser/internal/service/tag_deletion.go:41.2,45.8 1 1
purser/internal/service/tag_deletion.go:51.83,52.47 1 5
purser/internal/service/tag_deletion.go:52.47,54.3 1 1
purser/internal/service/tag_deletion.go:55.2,55.53 1 4
purser/internal/service/tag_deletion.go:55.53,57.3 1 2
purser/internal/service/tag_deletion.go:58.2,58.31 1 2
purser/internal/service/tag_deletion.go:67.91,68.25 1 4
purser/internal/service/tag_deletion.go:68.25,69.48 1 8
purser/internal/service/tag_deletion.go:69.48,71.4 1 1
purser/internal/service/tag_deletion.go:73.2,73.25 1 3
purser/internal/service/tag_deletion.go:73.25,74.54 1 5
purser/internal/service/tag_deletion.go:74.54,76.4 1 1
purser/internal/service/tag_deletion.go:78.2,78.37 1 2
purser/internal/service/tag_deletion.go:81.89,83.16 2 9
purser/internal/service/tag_deletion.go:83.16,85.3 1 1
purser/internal/service/tag_deletion.go:86.2,86.33 1 8
purser/internal/service/tag_deletion.go:86.33,87.92 1 8
purser/internal/service/tag_deletion.go:87.92,89.4 1 2
purser/internal/service/tag_deletion.go:91.2,91.12 1 6
purser/internal/service/tag_deletion.go:94.115,97.6 3 11
purser/internal/service/tag_deletion.go:97.6,99.17 2 11
purser/internal/service/tag_deletion.go:99.17,101.4 1 2
purser/internal/service/tag_deletion.go:102.3,103.17 2 9
purser/internal/service/tag_deletion.go:103.17,104.9 1 9
purser/internal/service/tag_deletion.go:106.3,106.19 1 0
purser/internal/service/tag_deletion.go:108.2,108.17 1 9
purser/internal/service/unmatched_file.go:27.154,29.2 1 14
purser/internal/service/unmatched_file.go:32.99,34.2 1 2
purser/internal/service/unmatched_file.go:38.166,40.2 1 2
purser/internal/service/unmatched_file.go:46.113,48.2 1 2
purser/internal/service/unmatched_file.go:55.113,57.25 2 3
purser/internal/service/unmatched_file.go:57.25,59.17 2 4
purser/internal/service/unmatched_file.go:59.17,61.4 1 1
purser/internal/service/unmatched_file.go:62.3,63.21 2 3
purser/internal/service/unmatched_file.go:65.2,65.52 1 2
purser/internal/service/unmatched_file.go:65.52,67.3 1 1
purser/internal/service/unmatched_file.go:68.2,68.16 1 1
purser/internal/service/unmatched_file.go:91.144,93.16 2 5
purser/internal/service/unmatched_file.go:93.16,95.3 1 1
purser/internal/service/unmatched_file.go:97.2,97.13 1 4
purser/internal/service/unmatched_file.go:97.13,99.48 2 1
purser/internal/service/unmatched_file.go:99.48,101.4 1 0
purser/internal/service/unmatched_file.go:102.3,102.22 1 1
purser/internal/service/unmatched_file.go:105.2,105.18 1 3
purser/internal/service/unmatched_file.go:105.18,109.3 1 1
purser/internal/service/unmatched_file.go:111.2,111.52 1 2
purser/internal/service/unmatched_file.go:111.52,113.3 1 1
purser/internal/service/unmatched_file.go:115.2,125.38 2 1
purser/internal/service/unmatched_file.go:125.38,127.3 1 0
purser/internal/service/unmatched_file.go:128.2,128.53 1 1
purser/internal/service/unmatched_file.go:128.53,130.3 1 0
purser/internal/service/unmatched_file.go:131.2,131.47 1 1
purser/internal/service/unmatched_file.go:131.47,133.3 1 0
purser/internal/service/unmatched_file.go:134.2,134.21 1 1
purser/internal/adapters/store/item/item.go:38.84,40.16 2 22
purser/internal/adapters/store/item/item.go:40.16,42.3 1 0
purser/internal/adapters/store/item/item.go:43.2,43.39 1 22
purser/internal/adapters/store/item/item.go:46.34,46.49 1 38
purser/internal/adapters/store/item/item.go:48.48,54.2 1 38
purser/internal/adapters/store/item/item.go:57.72,59.2 1 34
purser/internal/adapters/store/item/item.go:62.80,64.2 1 16
purser/internal/adapters/store/item/item.go:67.72,69.2 1 4
purser/internal/adapters/store/item/item.go:72.67,74.2 1 4
purser/internal/adapters/store/item/item.go:77.75,79.2 1 4
purser/internal/adapters/store/item/item.go:84.157,86.26 2 14
purser/internal/adapters/store/item/item.go:86.26,88.3 1 4
purser/internal/adapters/store/item/item.go:89.2,89.23 1 14
purser/internal/adapters/store/item/item.go:89.23,91.3 1 2
purser/internal/adapters/store/item/item.go:92.2,92.19 1 14
purser/internal/adapters/store/item/item.go:92.19,94.3 1 4
purser/internal/adapters/store/item/item.go:95.2,95.22 1 14
purser/internal/adapters/store/item/item.go:95.22,97.3 1 6
purser/internal/adapters/store/item/item.go:98.2,98.55 1 14
purser/internal/api/connect/afterdark_browse.go:40.78,41.19 1 7
purser/internal/api/connect/afterdark_browse.go:41.19,43.3 1 7
purser/internal/api/connect/afterdark_browse.go:44.2,44.110 1 7
purser/internal/api/connect/afterdark_browse.go:48.196,50.16 2 1
purser/internal/api/connect/afterdark_browse.go:50.16,52.3 1 0
purser/internal/api/connect/afterdark_browse.go:53.2,53.126 1 1
purser/internal/api/connect/afterdark_browse.go:57.205,59.16 2 1
purser/internal/api/connect/afterdark_browse.go:59.16,61.3 1 0
purser/internal/api/connect/afterdark_browse.go:62.2,62.129 1 1
purser/internal/api/connect/afterdark_browse.go:66.205,68.16 2 1
purser/internal/api/connect/afterdark_browse.go:68.16,70.3 1 0
purser/internal/api/connect/afterdark_browse.go:71.2,71.141 1 1
purser/internal/api/connect/afterdark_browse.go:75.208,77.16 2 1
purser/internal/api/connect/afterdark_browse.go:77.16,79.3 1 0
purser/internal/api/connect/afterdark_browse.go:80.2,80.142 1 1
purser/internal/api/connect/afterdark_browse.go:84.211,86.16 2 1
purser/internal/api/connect/afterdark_browse.go:86.16,88.3 1 0
purser/internal/api/connect/afterdark_browse.go:89.2,89.143 1 1
purser/internal/api/connect/afterdark_browse.go:93.181,95.16 2 2
purser/internal/api/connect/afterdark_browse.go:95.16,97.3 1 1
purser/internal/api/connect/afterdark_browse.go:98.2,98.133 1 1
purser/internal/api/connect/afterdark_browse_convert.go:16.52,18.26 2 3
purser/internal/api/connect/afterdark_browse_convert.go:18.26,20.3 1 3
purser/internal/api/connect/afterdark_browse_convert.go:21.2,21.11 1 3
purser/internal/api/connect/afterdark_browse_convert.go:24.82,25.14 1 5
purser/internal/api/connect/afterdark_browse_convert.go:25.14,27.3 1 0
purser/internal/api/connect/afterdark_browse_convert.go:28.2,31.3 1 5
purser/internal/api/connect/afterdark_browse_convert.go:34.91,36.26 2 4
purser/internal/api/connect/afterdark_browse_convert.go:36.26,38.3 1 5
purser/internal/api/connect/afterdark_browse_convert.go:39.2,39.11 1 4
purser/internal/api/connect/convert.go:15.27,16.9 1 91
purser/internal/api/connect/convert.go:17.25,18.23 1 0
purser/internal/api/connect/convert.go:19.25,20.23 1 0
purser/internal/api/connect/convert.go:21.10,22.18 1 91
purser/internal/api/connect/convert.go:29.89,31.25 2 6
purser/internal/api/connect/convert.go:31.25,33.3 1 6
purser/internal/api/connect/convert.go:34.2,34.11 1 6
purser/internal/api/connect/entry_person.go:32.93,33.19 1 9
purser/internal/api/connect/entry_person.go:33.19,35.3 1 9
purser/internal/api/connect/entry_person.go:36.2,36.120 1 9
purser/internal/api/connect/entry_person.go:40.177,43.16 3 2
purser/internal/api/connect/entry_person.go:43.16,45.3 1 1
purser/internal/api/connect/entry_person.go:46.2,46.106 1 1
purser/internal/api/connect/entry_person.go:50.168,52.16 2 2
purser/internal/api/connect/entry_person.go:52.16,54.3 1 1
purser/internal/api/connect/entry_person.go:55.2,55.98 1 1
purser/internal/api/connect/entry_person.go:59.177,62.16 3 2
purser/internal/api/connect/entry_person.go:62.16,64.3 1 1
purser/internal/api/connect/entry_person.go:66.2,69.16 3 1
purser/internal/api/connect/entry_person.go:69.16,71.3 1 0
purser/internal/api/connect/entry_person.go:72.2,72.106 1 1
purser/internal/api/connect/entry_person.go:76.177,77.113 1 2
purser/internal/api/connect/entry_person.go:77.113,79.3 1 1
purser/internal/api/connect/entry_person.go:80.2,80.66 1 1
purser/internal/api/connect/entry_person.go:84.171,86.16 2 2
purser/internal/api/connect/entry_person.go:86.16,88.3 1 1
purser/internal/api/connect/entry_person.go:89.2,90.26 2 1
purser/internal/api/connect/entry_person.go:90.26,92.3 1 2
purser/internal/api/connect/entry_person.go:93.2,93.104 1 1
purser/internal/api/connect/entry_person_convert.go:12.65,13.15 1 9
purser/internal/api/connect/entry_person_convert.go:13.15,15.3 1 1
purser/internal/api/connect/entry_person_convert.go:16.2,23.25 2 8
purser/internal/api/connect/entry_person_convert.go:23.25,25.3 1 2
purser/internal/api/connect/entry_person_convert.go:26.2,26.23 1 8
purser/internal/api/connect/entry_person_convert.go:26.23,28.3 1 1
purser/internal/api/connect/entry_person_convert.go:29.2,29.11 1 8
purser/internal/api/connect/entry_person_convert.go:32.67,33.15 1 9
purser/internal/api/connect/entry_person_convert.go:33.15,35.3 1 1
purser/internal/api/connect/entry_person_convert.go:36.2,43.30 2 8
purser/internal/api/connect/entry_person_convert.go:43.30,46.3 2 2
purser/internal/api/connect/entry_person_convert.go:47.2,47.28 1 8
purser/internal/api/connect/entry_person_convert.go:47.28,50.3 2 1
purser/internal/api/connect/entry_person_convert.go:51.2,51.11 1 8
purser/internal/api/connect/entry_person_convert.go:58.137,64.46 5 4
purser/internal/api/connect/entry_person_convert.go:64.46,66.3 1 1
purser/internal/api/connect/entry_person_convert.go:68.2,69.39 2 3
purser/internal/api/connect/entry_person_convert.go:69.39,70.15 1 4
purser/internal/api/connect/entry_person_convert.go:71.22,72.39 1 2
purser/internal/api/connect/entry_person_convert.go:73.20,74.37 1 0
purser/internal/api/connect/entry_person_convert.go:75.21,76.37 1 1
purser/internal/api/connect/entry_person_convert.go:77.19,78.33 1 1
purser/internal/api/connect/entry_person_convert.go:81.2,81.16 1 3
purser/internal/api/connect/errors.go:26.74,27.16 1 99
purser/internal/api/connect/errors.go:27.16,29.3 1 1
purser/internal/api/connect/errors.go:31.2,32.27 2 98
purser/internal/api/connect/errors.go:32.27,35.34 3 15
purser/internal/api/connect/errors.go:35.34,40.4 1 15
purser/internal/api/connect/errors.go:41.3,41.111 1 15
purser/internal/api/connect/errors.go:41.111,43.4 1 15
purser/internal/api/connect/errors.go:44.3,44.17 1 15
purser/internal/api/connect/errors.go:47.2,47.9 1 83
purser/internal/api/connect/errors.go:48.41,49.53 1 57
purser/internal/api/connect/errors.go:50.41,51.58 1 6
purser/internal/api/connect/errors.go:52.48,53.63 1 2
purser/internal/api/connect/errors.go:54.47,55.60 1 1
purser/internal/api/connect/errors.go:56.10,58.78 2 17
purser/internal/api/connect/errors.go:66.71,70.2 3 17
purser/internal/api/connect/external_id.go:32.90,33.19 1 9
purser/internal/api/connect/external_id.go:33.19,35.3 1 9
purser/internal/api/connect/external_id.go:36.2,36.118 1 9
purser/internal/api/connect/external_id.go:40.173,43.16 3 2
purser/internal/api/connect/external_id.go:43.16,45.3 1 1
purser/internal/api/connect/external_id.go:46.2,46.103 1 1
purser/internal/api/connect/external_id.go:50.164,52.16 2 2
purser/internal/api/connect/external_id.go:52.16,54.3 1 1
purser/internal/api/connect/external_id.go:55.2,55.94 1 1
purser/internal/api/connect/external_id.go:61.173,64.16 3 2
purser/internal/api/connect/external_id.go:64.16,66.3 1 1
purser/internal/api/connect/external_id.go:68.2,72.16 4 1
purser/internal/api/connect/external_id.go:72.16,74.3 1 0
purser/internal/api/connect/external_id.go:75.2,75.103 1 1
purser/internal/api/connect/external_id.go:79.173,80.132 1 2
purser/internal/api/connect/external_id.go:80.132,82.3 1 1
purser/internal/api/connect/external_id.go:83.2,83.65 1 1
purser/internal/api/connect/external_id.go:87.170,89.16 2 2
purser/internal/api/connect/external_id.go:89.16,91.3 1 1
purser/internal/api/connect/external_id.go:92.2,93.25 2 1
purser/internal/api/connect/external_id.go:93.25,95.3 1 2
purser/internal/api/connect/external_id.go:96.2,96.104 1 1
purser/internal/api/connect/external_id_convert.go:8.59,9.11 1 17
purser/internal/api/connect/external_id_convert.go:10.37,11.49 1 1
purser/internal/api/connect/external_id_convert.go:12.30,13.41 1 1
purser/internal/api/connect/external_id_convert.go:14.29,15.40 1 3
purser/internal/api/connect/external_id_convert.go:16.31,17.42 1 11
purser/internal/api/connect/external_id_convert.go:18.10,19.47 1 1
purser/internal/api/connect/external_id_convert.go:23.61,24.11 1 26
purser/internal/api/connect/external_id_convert.go:25.47,26.39 1 1
purser/internal/api/connect/external_id_convert.go:27.39,28.32 1 1
purser/internal/api/connect/external_id_convert.go:29.38,30.31 1 3
purser/internal/api/connect/external_id_convert.go:31.40,32.33 1 16
purser/internal/api/connect/external_id_convert.go:33.10,34.31 1 5
purser/internal/api/connect/external_id_convert.go:38.61,39.14 1 7
purser/internal/api/connect/external_id_convert.go:39.14,41.3 1 1
purser/internal/api/connect/external_id_convert.go:42.2,47.3 1 6
purser/internal/api/connect/external_id_convert.go:50.64,51.15 1 4
purser/internal/api/connect/external_id_convert.go:51.15,53.3 1 1
purser/internal/api/connect/external_id_convert.go:54.2,59.3 1 3
purser/internal/api/connect/group.go:32.110,33.19 1 12
purser/internal/api/connect/group.go:33.19,35.3 1 12
purser/internal/api/connect/group.go:36.2,36.134 1 12
purser/internal/api/connect/group.go:40.153,43.16 3 2
purser/internal/api/connect/group.go:43.16,45.3 1 1
purser/internal/api/connect/group.go:46.2,46.88 1 1
purser/internal/api/connect/group.go:50.144,52.16 2 2
purser/internal/api/connect/group.go:52.16,54.3 1 1
purser/internal/api/connect/group.go:55.2,55.79 1 1
purser/internal/api/connect/group.go:59.153,61.16 2 3
purser/internal/api/connect/group.go:61.16,63.3 1 1
purser/internal/api/connect/group.go:65.2,68.16 3 2
purser/internal/api/connect/group.go:68.16,70.3 1 1
purser/internal/api/connect/group.go:71.2,71.88 1 1
purser/internal/api/connect/group.go:75.153,76.89 1 2
purser/internal/api/connect/group.go:76.89,78.3 1 1
purser/internal/api/connect/group.go:79.2,79.60 1 1
purser/internal/api/connect/group.go:83.186,85.16 2 2
purser/internal/api/connect/group.go:85.16,87.3 1 1
purser/internal/api/connect/group.go:88.2,88.121 1 1
purser/internal/api/connect/group.go:92.150,94.16 2 2
purser/internal/api/connect/group.go:94.16,96.3 1 1
purser/internal/api/connect/group.go:97.2,98.27 2 1
purser/internal/api/connect/group.go:98.27,100.3 1 2
purser/internal/api/connect/group.go:101.2,101.96 1 1
purser/internal/api/connect/group_convert.go:11.46,12.14 1 7
purser/internal/api/connect/group_convert.go:12.14,14.3 1 1
purser/internal/api/connect/group_convert.go:15.2,26.3 1 6
purser/internal/api/connect/group_convert.go:29.49,30.15 1 8
purser/internal/api/connect/group_convert.go:30.15,32.3 1 1
purser/internal/api/connect/group_convert.go:33.2,44.3 1 7
purser/internal/api/connect/group_convert.go:50.113,54.46 3 4
purser/internal/api/connect/group_convert.go:54.46,56.3 1 2
purser/internal/api/connect/group_convert.go:58.2,59.39 2 2
purser/internal/api/connect/group_convert.go:59.39,60.15 1 11
purser/internal/api/connect/group_convert.go:61.27,62.47 1 1
purser/internal/api/connect/group_convert.go:63.16,64.29 1 2
purser/internal/api/connect/group_convert.go:65.20,66.35 1 1
purser/internal/api/connect/group_convert.go:67.17,68.31 1 1
purser/internal/api/connect/group_convert.go:69.15,70.27 1 1
purser/internal/api/connect/group_convert.go:71.19,72.35 1 1
purser/internal/api/connect/group_convert.go:73.20,74.37 1 1
purser/internal/api/connect/group_convert.go:75.23,76.41 1 1
purser/internal/api/connect/group_convert.go:77.19,78.35 1 1
purser/internal/api/connect/group_convert.go:81.2,81.16 1 2
purser/internal/api/connect/image.go:32.75,33.19 1 9
purser/internal/api/connect/image.go:33.19,35.3 1 9
purser/internal/api/connect/image.go:36.2,36.108 1 9
purser/internal/api/connect/image.go:40.153,43.16 3 2
purser/internal/api/connect/image.go:43.16,45.3 1 1
purser/internal/api/connect/image.go:46.2,46.88 1 1
purser/internal/api/connect/image.go:50.144,52.16 2 2
purser/internal/api/connect/image.go:52.16,54.3 1 1
purser/internal/api/connect/image.go:55.2,55.81 1 1
purser/internal/api/connect/image.go:59.153,61.16 2 2
purser/internal/api/connect/image.go:61.16,63.3 1 1
purser/internal/api/connect/image.go:65.2,68.16 3 1
purser/internal/api/connect/image.go:68.16,70.3 1 0
purser/internal/api/connect/image.go:71.2,71.88 1 1
purser/internal/api/connect/image.go:75.153,76.59 1 2
purser/internal/api/connect/image.go:76.59,78.3 1 1
purser/internal/api/connect/image.go:79.2,79.60 1 1
purser/internal/api/connect/image.go:83.150,85.16 2 2
purser/internal/api/connect/image.go:85.16,87.3 1 1
purser/internal/api/connect/image.go:88.2,89.29 2 1
purser/internal/api/connect/image.go:89.29,91.3 1 2
purser/internal/api/connect/image.go:92.2,92.96 1 1
purser/internal/api/connect/image_convert.go:11.48,12.16 1 7
purser/internal/api/connect/image_convert.go:12.16,14.3 1 1
purser/internal/api/connect/image_convert.go:15.2,25.3 1 6
purser/internal/api/connect/image_convert.go:28.49,29.15 1 7
purser/internal/api/connect/image_convert.go:29.15,31.3 1 1
purser/internal/api/connect/image_convert.go:32.2,42.3 1 6
purser/internal/api/connect/image_convert.go:48.113,52.46 3 3
purser/internal/api/connect/image_convert.go:52.46,54.3 1 1
purser/internal/api/connect/image_convert.go:56.2,57.39 2 2
purser/internal/api/connect/image_convert.go:57.39,58.15 1 10
purser/internal/api/connect/image_convert.go:59.21,60.37 1 1
purser/internal/api/connect/image_convert.go:61.19,62.33 1 1
purser/internal/api/connect/image_convert.go:63.21,64.37 1 1
purser/internal/api/connect/image_convert.go:65.14,66.25 1 2
purser/internal/api/connect/image_convert.go:67.16,68.29 1 1
purser/internal/api/connect/image_convert.go:69.17,70.31 1 1
purser/internal/api/connect/image_convert.go:71.17,72.31 1 1
purser/internal/api/connect/image_convert.go:73.19,74.35 1 1
purser/internal/api/connect/image_convert.go:77.2,77.16 1 2
purser/internal/api/connect/interceptors.go:14.43,16.19 2 19
purser/internal/api/connect/interceptors.go:16.19,18.3 1 19
purser/internal/api/connect/interceptors.go:19.2,19.82 1 0
purser/internal/api/connect/interceptors.go:28.69,30.2 1 3
purser/internal/api/connect/interceptors.go:36.82,37.88 1 2
purser/internal/api/connect/interceptors.go:37.88,46.17 4 2
purser/internal/api/connect/interceptors.go:46.17,50.4 3 1
purser/internal/api/connect/interceptors.go:51.3,52.18 2 1
purser/internal/api/connect/interceptors.go:56.112,58.2 1 1
purser/internal/api/connect/interceptors.go:60.115,62.2 1 1
purser/internal/api/connect/item.go:32.105,33.19 1 15
purser/internal/api/connect/item.go:33.19,35.3 1 15
purser/internal/api/connect/item.go:36.2,36.132 1 15
purser/internal/api/connect/item.go:40.149,43.16 3 2
purser/internal/api/connect/item.go:43.16,45.3 1 1
purser/internal/api/connect/item.go:46.2,46.85 1 1
purser/internal/api/connect/item.go:50.140,52.16 2 2
purser/internal/api/connect/item.go:52.16,54.3 1 1
purser/internal/api/connect/item.go:55.2,55.76 1 1
purser/internal/api/connect/item.go:59.149,61.16 2 3
purser/internal/api/connect/item.go:61.16,63.3 1 1
purser/internal/api/connect/item.go:65.2,68.16 3 2
purser/internal/api/connect/item.go:68.16,70.3 1 1
purser/internal/api/connect/item.go:71.2,71.85 1 1
purser/internal/api/connect/item.go:75.149,76.89 1 2
purser/internal/api/connect/item.go:76.89,78.3 1 1
purser/internal/api/connect/item.go:79.2,79.59 1 1
purser/internal/api/connect/item.go:83.182,85.16 2 2
purser/internal/api/connect/item.go:85.16,87.3 1 1
purser/internal/api/connect/item.go:88.2,88.120 1 1
purser/internal/api/connect/item.go:92.164,93.95 1 2
purser/internal/api/connect/item.go:93.95,95.3 1 1
purser/internal/api/connect/item.go:96.2,96.64 1 1
purser/internal/api/connect/item.go:100.146,102.16 2 3
purser/internal/api/connect/item.go:102.16,104.3 1 1
purser/internal/api/connect/item.go:105.2,106.26 2 2
purser/internal/api/connect/item.go:106.26,108.3 1 2
purser/internal/api/connect/item.go:109.2,109.93 1 2
purser/internal/api/connect/item_convert.go:12.59,13.11 1 17
purser/internal/api/connect/item_convert.go:14.31,15.42 1 6
purser/internal/api/connect/item_convert.go:16.32,17.43 1 1
purser/internal/api/connect/item_convert.go:18.36,19.47 1 1
purser/internal/api/connect/item_convert.go:20.33,21.44 1 3
purser/internal/api/connect/item_convert.go:22.32,23.43 1 1
purser/internal/api/connect/item_convert.go:24.32,25.43 1 1
purser/internal/api/connect/item_convert.go:26.10,27.47 1 4
purser/internal/api/connect/item_convert.go:31.61,32.11 1 15
purser/internal/api/connect/item_convert.go:33.40,34.33 1 3
purser/internal/api/connect/item_convert.go:35.41,36.34 1 1
purser/internal/api/connect/item_convert.go:37.45,38.38 1 1
purser/internal/api/connect/item_convert.go:39.42,40.35 1 2
purser/internal/api/connect/item_convert.go:41.41,42.34 1 2
purser/internal/api/connect/item_convert.go:43.41,44.34 1 1
purser/internal/api/connect/item_convert.go:45.10,46.31 1 5
purser/internal/api/connect/item_convert.go:50.43,51.14 1 11
purser/internal/api/connect/item_convert.go:51.14,53.3 1 1
purser/internal/api/connect/item_convert.go:54.2,67.19 2 10
purser/internal/api/connect/item_convert.go:67.19,69.3 1 1
purser/internal/api/connect/item_convert.go:70.2,70.11 1 10
purser/internal/api/connect/item_convert.go:73.46,74.15 1 9
purser/internal/api/connect/item_convert.go:74.15,76.3 1 1
purser/internal/api/connect/item_convert.go:77.2,90.25 2 8
purser/internal/api/connect/item_convert.go:90.25,93.3 2 1
purser/internal/api/connect/item_convert.go:94.2,94.10 1 8
purser/internal/api/connect/item_convert.go:100.109,104.46 3 4
purser/internal/api/connect/item_convert.go:104.46,106.3 1 2
purser/internal/api/connect/item_convert.go:108.2,109.39 2 2
purser/internal/api/connect/item_convert.go:109.39,110.15 1 13
purser/internal/api/connect/item_convert.go:111.23,112.41 1 1
purser/internal/api/connect/item_convert.go:113.27,114.47 1 1
purser/internal/api/connect/item_convert.go:115.19,116.33 1 1
purser/internal/api/connect/item_convert.go:117.16,118.29 1 2
purser/internal/api/connect/item_convert.go:119.19,120.35 1 1
purser/internal/api/connect/item_convert.go:121.15,122.27 1 1
purser/internal/api/connect/item_convert.go:123.19,124.35 1 1
purser/internal/api/connect/item_convert.go:125.26,126.47 1 1
purser/internal/api/connect/item_convert.go:127.20,128.37 1 1
purser/internal/api/connect/item_convert.go:129.17,130.31 1 1
purser/internal/api/connect/item_convert.go:131.19,132.35 1 1
purser/internal/api/connect/item_convert.go:135.2,135.16 1 2
purser/internal/api/connect/item_person.go:32.90,33.19 1 9
purser/internal/api/connect/item_person.go:33.19,35.3 1 9
purser/internal/api/connect/item_person.go:36.2,36.118 1 9
purser/internal/api/connect/item_person.go:40.173,43.16 3 2
purser/internal/api/connect/item_person.go:43.16,45.3 1 1
purser/internal/api/connect/item_person.go:46.2,46.103 1 1
purser/internal/api/connect/item_person.go:50.164,52.16 2 2
purser/internal/api/connect/item_person.go:52.16,54.3 1 1
purser/internal/api/connect/item_person.go:55.2,55.95 1 1
purser/internal/api/connect/item_person.go:59.173,62.16 3 2
purser/internal/api/connect/item_person.go:62.16,64.3 1 1
purser/internal/api/connect/item_person.go:66.2,69.16 3 1
purser/internal/api/connect/item_person.go:69.16,71.3 1 0
purser/internal/api/connect/item_person.go:72.2,72.103 1 1
purser/internal/api/connect/item_person.go:76.173,77.105 1 2
purser/internal/api/connect/item_person.go:77.105,79.3 1 1
purser/internal/api/connect/item_person.go:80.2,80.65 1 1
purser/internal/api/connect/item_person.go:84.167,86.16 2 2
purser/internal/api/connect/item_person.go:86.16,88.3 1 1
purser/internal/api/connect/item_person.go:89.2,90.26 2 1
purser/internal/api/connect/item_person.go:90.26,92.3 1 2
purser/internal/api/connect/item_person.go:93.2,93.102 1 1
purser/internal/api/connect/item_person_convert.go:11.62,12.15 1 7
purser/internal/api/connect/item_person_convert.go:12.15,14.3 1 1
purser/internal/api/connect/item_person_convert.go:15.2,21.3 1 6
purser/internal/api/connect/item_person_convert.go:24.64,25.15 1 7
purser/internal/api/connect/item_person_convert.go:25.15,27.3 1 1
purser/internal/api/connect/item_person_convert.go:28.2,34.3 1 6
purser/internal/api/connect/item_person_convert.go:40.133,46.46 5 3
purser/internal/api/connect/item_person_convert.go:46.46,48.3 1 1
purser/internal/api/connect/item_person_convert.go:50.2,51.39 2 2
purser/internal/api/connect/item_person_convert.go:51.39,52.15 1 2
purser/internal/api/connect/item_person_convert.go:53.22,54.39 1 2
purser/internal/api/connect/item_person_convert.go:55.20,56.37 1 0
purser/internal/api/connect/item_person_convert.go:59.2,59.16 1 2
purser/internal/api/connect/job.go:34.69,35.19 1 10
purser/internal/api/connect/job.go:35.19,37.3 1 10
purser/internal/api/connect/job.go:38.2,38.104 1 10
purser/internal/api/connect/job.go:42.154,44.16 2 2
purser/internal/api/connect/job.go:44.16,46.3 1 1
purser/internal/api/connect/job.go:47.2,47.71 1 1
purser/internal/api/connect/job.go:51.142,53.16 2 2
purser/internal/api/connect/job.go:53.16,55.3 1 1
purser/internal/api/connect/job.go:56.2,56.78 1 1
purser/internal/api/connect/job.go:60.148,62.16 2 3
purser/internal/api/connect/job.go:62.16,64.3 1 1
purser/internal/api/connect/job.go:65.2,66.25 2 2
purser/internal/api/connect/job.go:66.25,68.3 1 1
purser/internal/api/connect/job.go:69.2,69.93 1 2
purser/internal/api/connect/job.go:79.149,82.16 3 3
purser/internal/api/connect/job.go:82.16,84.3 1 1
purser/internal/api/connect/job.go:85.2,88.6 3 2
purser/internal/api/connect/job.go:88.6,89.10 1 4
purser/internal/api/connect/job.go:90.21,92.14 2 1
purser/internal/api/connect/job.go:93.28,94.11 1 3
purser/internal/api/connect/job.go:94.11,97.5 2 1
purser/internal/api/connect/job.go:98.4,98.60 1 2
purser/internal/api/connect/job.go:98.60,100.5 1 0
purser/internal/api/connect/job_convert.go:12.58,13.11 1 6
purser/internal/api/connect/job_convert.go:14.30,15.44 1 0
purser/internal/api/connect/job_convert.go:16.30,17.44 1 1
purser/internal/api/connect/job_convert.go:18.32,19.46 1 4
purser/internal/api/connect/job_convert.go:20.29,21.43 1 0
purser/internal/api/connect/job_convert.go:22.30,23.44 1 1
purser/internal/api/connect/job_convert.go:24.10,25.48 1 0
purser/internal/api/connect/job_convert.go:32.58,33.11 1 3
purser/internal/api/connect/job_convert.go:34.42,35.32 1 0
purser/internal/api/connect/job_convert.go:36.42,37.32 1 0
purser/internal/api/connect/job_convert.go:38.44,39.34 1 0
purser/internal/api/connect/job_convert.go:40.41,41.31 1 0
purser/internal/api/connect/job_convert.go:42.42,43.32 1 1
purser/internal/api/connect/job_convert.go:44.10,45.12 1 2
purser/internal/api/connect/job_convert.go:51.59,52.16 1 23
purser/internal/api/connect/job_convert.go:52.16,54.3 1 21
purser/internal/api/connect/job_convert.go:55.2,55.27 1 2
purser/internal/api/connect/job_convert.go:58.48,59.14 1 1
purser/internal/api/connect/job_convert.go:59.14,61.3 1 0
purser/internal/api/connect/job_convert.go:62.2,70.3 1 1
purser/internal/api/connect/job_convert.go:73.48,74.14 1 1
purser/internal/api/connect/job_convert.go:74.14,76.3 1 0
purser/internal/api/connect/job_convert.go:77.2,78.28 2 1
purser/internal/api/connect/job_convert.go:78.28,80.3 1 1
purser/internal/api/connect/job_convert.go:81.2,89.3 1 1
purser/internal/api/connect/job_convert.go:92.67,93.11 1 2
purser/internal/api/connect/job_convert.go:94.29,95.47 1 1
purser/internal/api/connect/job_convert.go:96.30,97.48 1 1
purser/internal/api/connect/job_convert.go:98.30,99.48 1 0
purser/internal/api/connect/job_convert.go:100.10,101.55 1 0
purser/internal/api/connect/job_convert.go:105.57,106.14 1 2
purser/internal/api/connect/job_convert.go:106.14,108.3 1 0
purser/internal/api/connect/job_convert.go:109.2,114.3 1 2
purser/internal/api/connect/job_convert.go:117.45,118.14 1 4
purser/internal/api/connect/job_convert.go:118.14,120.3 1 0
purser/internal/api/connect/job_convert.go:121.2,122.28 2 4
purser/internal/api/connect/job_convert.go:122.28,124.3 1 1
purser/internal/api/connect/job_convert.go:125.2,134.3 1 4
purser/internal/api/connect/library_entry.go:33.131,34.19 1 13
purser/internal/api/connect/library_entry.go:34.19,36.3 1 13
purser/internal/api/connect/library_entry.go:37.2,37.148 1 13
purser/internal/api/connect/library_entry.go:41.181,44.16 3 2
purser/internal/api/connect/library_entry.go:44.16,46.3 1 1
purser/internal/api/connect/library_entry.go:47.2,47.109 1 1
purser/internal/api/connect/library_entry.go:51.172,53.16 2 2
purser/internal/api/connect/library_entry.go:53.16,55.3 1 1
purser/internal/api/connect/library_entry.go:56.2,56.100 1 1
purser/internal/api/connect/library_entry.go:60.181,62.16 2 3
purser/internal/api/connect/library_entry.go:62.16,64.3 1 1
purser/internal/api/connect/library_entry.go:66.2,69.16 3 2
purser/internal/api/connect/library_entry.go:69.16,71.3 1 1
purser/internal/api/connect/library_entry.go:72.2,72.109 1 1
purser/internal/api/connect/library_entry.go:76.181,77.89 1 2
purser/internal/api/connect/library_entry.go:77.89,79.3 1 1
purser/internal/api/connect/library_entry.go:80.2,80.67 1 1
purser/internal/api/connect/library_entry.go:84.214,86.16 2 2
purser/internal/api/connect/library_entry.go:86.16,88.3 1 1
purser/internal/api/connect/library_entry.go:89.2,89.128 1 1
purser/internal/api/connect/library_entry.go:93.181,95.16 2 3
purser/internal/api/connect/library_entry.go:95.16,97.3 1 1
purser/internal/api/connect/library_entry.go:98.2,99.28 2 2
purser/internal/api/connect/library_entry.go:99.28,101.3 1 2
purser/internal/api/connect/library_entry.go:102.2,102.113 1 2
purser/internal/api/connect/library_entry_convert.go:17.57,18.17 1 29
purser/internal/api/connect/library_entry_convert.go:18.17,20.3 1 22
purser/internal/api/connect/library_entry_convert.go:21.2,22.16 2 7
purser/internal/api/connect/library_entry_convert.go:22.16,24.3 1 0
purser/internal/api/connect/library_entry_convert.go:25.2,25.10 1 7
purser/internal/api/connect/library_entry_convert.go:28.59,29.14 1 25
purser/internal/api/connect/library_entry_convert.go:29.14,31.3 1 18
purser/internal/api/connect/library_entry_convert.go:32.2,32.18 1 7
purser/internal/api/connect/library_entry_convert.go:35.67,36.14 1 7
purser/internal/api/connect/library_entry_convert.go:36.14,38.3 1 1
purser/internal/api/connect/library_entry_convert.go:39.2,54.3 1 6
purser/internal/api/connect/library_entry_convert.go:57.70,58.15 1 9
purser/internal/api/connect/library_entry_convert.go:58.15,60.3 1 1
purser/internal/api/connect/library_entry_convert.go:61.2,76.3 1 8
purser/internal/api/connect/library_entry_convert.go:82.141,86.46 3 5
purser/internal/api/connect/library_entry_convert.go:86.46,88.3 1 2
purser/internal/api/connect/library_entry_convert.go:94.2,96.33 2 3
purser/internal/api/connect/library_entry_convert.go:96.33,96.74 1 1
purser/internal/api/connect/library_entry_convert.go:97.33,97.60 1 1
purser/internal/api/connect/library_entry_convert.go:98.33,98.60 1 3
purser/internal/api/connect/library_entry_convert.go:99.33,99.68 1 1
purser/internal/api/connect/library_entry_convert.go:100.33,100.68 1 1
purser/internal/api/connect/library_entry_convert.go:101.33,101.68 1 1
purser/internal/api/connect/library_entry_convert.go:102.33,102.70 1 1
purser/internal/api/connect/library_entry_convert.go:103.33,103.74 1 1
purser/internal/api/connect/library_entry_convert.go:104.33,104.64 1 1
purser/internal/api/connect/library_entry_convert.go:105.33,105.84 1 1
purser/internal/api/connect/library_entry_convert.go:106.33,106.86 1 1
purser/internal/api/connect/library_entry_convert.go:107.33,107.60 1 1
purser/internal/api/connect/library_entry_convert.go:108.33,108.68 1 1
purser/internal/api/connect/library_entry_convert.go:110.2,110.39 1 3
purser/internal/api/connect/library_entry_convert.go:110.39,111.35 1 16
purser/internal/api/connect/library_entry_convert.go:111.35,113.4 1 15
purser/internal/api/connect/library_entry_convert.go:115.2,115.16 1 3
purser/internal/api/connect/media_file.go:32.87,33.19 1 9
purser/internal/api/connect/media_file.go:33.19,35.3 1 9
purser/internal/api/connect/media_file.go:36.2,36.116 1 9
purser/internal/api/connect/media_file.go:40.169,43.16 3 2
purser/internal/api/connect/media_file.go:43.16,45.3 1 1
purser/internal/api/connect/media_file.go:46.2,46.100 1 1
purser/internal/api/connect/media_file.go:50.160,52.16 2 2
purser/internal/api/connect/media_file.go:52.16,54.3 1 1
purser/internal/api/connect/media_file.go:55.2,55.91 1 1
purser/internal/api/connect/media_file.go:59.169,61.16 2 2
purser/internal/api/connect/media_file.go:61.16,63.3 1 1
purser/internal/api/connect/media_file.go:65.2,68.16 3 1
purser/internal/api/connect/media_file.go:68.16,70.3 1 0
purser/internal/api/connect/media_file.go:71.2,71.100 1 1
purser/internal/api/connect/media_file.go:75.169,76.59 1 2
purser/internal/api/connect/media_file.go:76.59,78.3 1 1
purser/internal/api/connect/media_file.go:79.2,79.64 1 1
purser/internal/api/connect/media_file.go:83.166,85.16 2 2
purser/internal/api/connect/media_file.go:85.16,87.3 1 1
purser/internal/api/connect/media_file.go:88.2,89.26 2 1
purser/internal/api/connect/media_file.go:89.26,91.3 1 2
purser/internal/api/connect/media_file.go:92.2,92.103 1 1
purser/internal/api/connect/media_file_convert.go:11.58,12.14 1 8
purser/internal/api/connect/media_file_convert.go:12.14,14.3 1 1
purser/internal/api/connect/media_file_convert.go:15.2,28.3 1 7
purser/internal/api/connect/media_file_convert.go:31.61,32.15 1 7
purser/internal/api/connect/media_file_convert.go:32.15,34.3 1 1
purser/internal/api/connect/media_file_convert.go:35.2,48.3 1 6
purser/internal/api/connect/media_file_convert.go:54.129,58.46 3 3
purser/internal/api/connect/media_file_convert.go:58.46,60.3 1 1
purser/internal/api/connect/media_file_convert.go:62.2,63.39 2 2
purser/internal/api/connect/media_file_convert.go:63.39,64.15 1 13
purser/internal/api/connect/media_file_convert.go:65.18,66.31 1 1
purser/internal/api/connect/media_file_convert.go:67.15,68.27 1 2
purser/internal/api/connect/media_file_convert.go:69.15,70.27 1 1
purser/internal/api/connect/media_file_convert.go:71.18,72.31 1 1
purser/internal/api/connect/media_file_convert.go:73.14,74.25 1 1
purser/internal/api/connect/media_file_convert.go:75.15,76.27 1 1
purser/internal/api/connect/media_file_convert.go:77.18,78.33 1 1
purser/internal/api/connect/media_file_convert.go:79.21,80.39 1 1
purser/internal/api/connect/media_file_convert.go:81.16,82.29 1 1
purser/internal/api/connect/media_file_convert.go:83.20,84.37 1 1
purser/internal/api/connect/media_file_convert.go:85.19,86.35 1 1
purser/internal/api/connect/media_file_convert.go:89.2,89.16 1 2
purser/internal/api/connect/music_release.go:42.131,43.19 1 17
purser/internal/api/connect/music_release.go:43.19,45.3 1 17
purser/internal/api/connect/music_release.go:46.2,46.148 1 17
purser/internal/api/connect/music_release.go:50.191,53.16 3 2
purser/internal/api/connect/music_release.go:53.16,55.3 1 1
purser/internal/api/connect/music_release.go:56.2,56.114 1 1
purser/internal/api/connect/music_release.go:60.182,62.16 2 2
purser/internal/api/connect/music_release.go:62.16,64.3 1 1
purser/internal/api/connect/music_release.go:65.2,65.105 1 1
purser/internal/api/connect/music_release.go:70.200,72.16 2 2
purser/internal/api/connect/music_release.go:72.16,74.3 1 1
purser/internal/api/connect/music_release.go:75.2,75.111 1 1
purser/internal/api/connect/music_release.go:80.209,82.16 2 2
purser/internal/api/connect/music_release.go:82.16,84.3 1 1
purser/internal/api/connect/music_release.go:85.2,85.114 1 1
purser/internal/api/connect/music_release.go:89.191,91.16 2 2
purser/internal/api/connect/music_release.go:91.16,93.3 1 1
purser/internal/api/connect/music_release.go:95.2,98.16 3 1
purser/internal/api/connect/music_release.go:98.16,100.3 1 0
purser/internal/api/connect/music_release.go:101.2,101.114 1 1
purser/internal/api/connect/music_release.go:107.191,108.89 1 2
purser/internal/api/connect/music_release.go:108.89,110.3 1 1
purser/internal/api/connect/music_release.go:111.2,111.72 1 1
purser/internal/api/connect/music_release.go:116.224,118.16 2 2
purser/internal/api/connect/music_release.go:118.16,120.3 1 1
purser/internal/api/connect/music_release.go:121.2,121.133 1 1
purser/internal/api/connect/music_release.go:128.188,134.9 5 4
purser/internal/api/connect/music_release.go:135.34,136.90 1 1
purser/internal/api/connect/music_release.go:137.41,138.97 1 1
purser/internal/api/connect/music_release.go:139.10,140.61 1 2
purser/internal/api/connect/music_release.go:142.2,142.16 1 4
purser/internal/api/connect/music_release.go:142.16,144.3 1 1
purser/internal/api/connect/music_release.go:145.2,146.29 2 3
purser/internal/api/connect/music_release.go:146.29,148.3 1 4
purser/internal/api/connect/music_release.go:149.2,149.117 1 3
purser/internal/api/connect/music_release.go:157.203,159.16 2 2
purser/internal/api/connect/music_release.go:159.16,161.3 1 1
purser/internal/api/connect/music_release.go:162.2,162.125 1 1
purser/internal/api/connect/music_release_convert.go:12.72,13.11 1 15
purser/internal/api/connect/music_release_convert.go:14.31,15.51 1 6
purser/internal/api/connect/music_release_convert.go:16.34,17.54 1 1
purser/internal/api/connect/music_release_convert.go:18.35,19.55 1 2
purser/internal/api/connect/music_release_convert.go:20.10,21.58 1 6
purser/internal/api/connect/music_release_convert.go:25.74,26.11 1 12
purser/internal/api/connect/music_release_convert.go:27.49,28.33 1 5
purser/internal/api/connect/music_release_convert.go:29.52,30.36 1 1
purser/internal/api/connect/music_release_convert.go:31.53,32.37 1 3
purser/internal/api/connect/music_release_convert.go:33.10,34.33 1 3
purser/internal/api/connect/music_release_convert.go:38.61,39.14 1 12
purser/internal/api/connect/music_release_convert.go:39.14,41.3 1 1
purser/internal/api/connect/music_release_convert.go:42.2,59.19 2 11
purser/internal/api/connect/music_release_convert.go:59.19,61.3 1 2
purser/internal/api/connect/music_release_convert.go:62.2,62.22 1 11
purser/internal/api/connect/music_release_convert.go:62.22,64.3 1 1
purser/internal/api/connect/music_release_convert.go:65.2,65.24 1 11
purser/internal/api/connect/music_release_convert.go:65.24,67.3 1 1
purser/internal/api/connect/music_release_convert.go:68.2,68.11 1 11
purser/internal/api/connect/music_release_convert.go:71.64,72.15 1 9
purser/internal/api/connect/music_release_convert.go:72.15,74.3 1 1
purser/internal/api/connect/music_release_convert.go:75.2,92.25 2 8
purser/internal/api/connect/music_release_convert.go:92.25,95.3 2 2
purser/internal/api/connect/music_release_convert.go:96.2,96.28 1 8
purser/internal/api/connect/music_release_convert.go:96.28,99.3 2 1
purser/internal/api/connect/music_release_convert.go:100.2,100.30 1 8
purser/internal/api/connect/music_release_convert.go:100.30,103.3 2 1
purser/internal/api/connect/music_release_convert.go:104.2,104.10 1 8
purser/internal/api/connect/music_release_convert.go:112.129,118.46 5 5
purser/internal/api/connect/music_release_convert.go:118.46,120.3 1 2
purser/internal/api/connect/music_release_convert.go:122.2,123.39 2 3
purser/internal/api/connect/music_release_convert.go:123.39,124.66 1 18
purser/internal/api/connect/music_release_convert.go:124.66,125.12 1 9
purser/internal/api/connect/music_release_convert.go:127.3,127.62 1 9
purser/internal/api/connect/music_release_convert.go:129.2,129.16 1 3
purser/internal/api/connect/music_release_convert.go:137.92,138.14 1 18
purser/internal/api/connect/music_release_convert.go:139.18,140.32 1 1
purser/internal/api/connect/music_release_convert.go:141.26,142.46 1 1
purser/internal/api/connect/music_release_convert.go:143.15,144.28 1 3
purser/internal/api/connect/music_release_convert.go:145.17,146.32 1 1
purser/internal/api/connect/music_release_convert.go:147.14,148.26 1 1
purser/internal/api/connect/music_release_convert.go:149.15,150.28 1 1
purser/internal/api/connect/music_release_convert.go:151.24,152.44 1 1
purser/internal/api/connect/music_release_convert.go:153.10,154.15 1 9
purser/internal/api/connect/music_release_convert.go:156.2,156.13 1 9
purser/internal/api/connect/music_release_convert.go:162.87,163.14 1 9
purser/internal/api/connect/music_release_convert.go:164.17,165.32 1 1
purser/internal/api/connect/music_release_convert.go:166.16,167.30 1 1
purser/internal/api/connect/music_release_convert.go:168.22,169.40 1 1
purser/internal/api/connect/music_release_convert.go:170.21,171.38 1 1
purser/internal/api/connect/music_release_convert.go:172.20,173.36 1 1
purser/internal/api/connect/music_release_convert.go:174.19,175.36 1 1
purser/internal/api/connect/music_release_convert.go:176.16,177.30 1 1
purser/internal/api/connect/music_release_convert.go:178.14,179.26 1 1
purser/internal/api/connect/performer_profile.go:36.108,37.19 1 10
purser/internal/api/connect/performer_profile.go:37.19,39.3 1 10
purser/internal/api/connect/performer_profile.go:40.2,40.130 1 10
purser/internal/api/connect/performer_profile.go:44.215,47.16 3 2
purser/internal/api/connect/performer_profile.go:47.16,49.3 1 1
purser/internal/api/connect/performer_profile.go:50.2,50.130 1 1
purser/internal/api/connect/performer_profile.go:54.206,56.16 2 2
purser/internal/api/connect/performer_profile.go:56.16,58.3 1 1
purser/internal/api/connect/performer_profile.go:59.2,59.121 1 1
purser/internal/api/connect/performer_profile.go:63.215,65.16 2 3
purser/internal/api/connect/performer_profile.go:65.16,67.3 1 1
purser/internal/api/connect/performer_profile.go:69.2,72.16 3 2
purser/internal/api/connect/performer_profile.go:72.16,74.3 1 1
purser/internal/api/connect/performer_profile.go:75.2,75.130 1 1
purser/internal/api/connect/performer_profile.go:79.215,80.65 1 2
purser/internal/api/connect/performer_profile.go:80.65,82.3 1 1
purser/internal/api/connect/performer_profile.go:83.2,83.80 1 1
purser/internal/api/connect/performer_profile.go:87.212,89.16 2 2
purser/internal/api/connect/performer_profile.go:89.16,91.3 1 1
purser/internal/api/connect/performer_profile.go:92.2,93.29 2 1
purser/internal/api/connect/performer_profile.go:93.29,95.3 1 2
purser/internal/api/connect/performer_profile.go:96.2,96.129 1 1
purser/internal/api/connect/performer_profile_convert.go:11.75,12.21 1 26
purser/internal/api/connect/performer_profile_convert.go:12.21,14.3 1 21
purser/internal/api/connect/performer_profile_convert.go:15.2,16.26 2 5
purser/internal/api/connect/performer_profile_convert.go:16.26,18.3 1 5
purser/internal/api/connect/performer_profile_convert.go:19.2,19.11 1 5
purser/internal/api/connect/performer_profile_convert.go:22.74,23.18 1 18
purser/internal/api/connect/performer_profile_convert.go:23.18,25.3 1 13
purser/internal/api/connect/performer_profile_convert.go:26.2,27.23 2 5
purser/internal/api/connect/performer_profile_convert.go:27.23,29.3 1 5
purser/internal/api/connect/performer_profile_convert.go:30.2,30.14 1 5
purser/internal/api/connect/performer_profile_convert.go:33.91,34.14 1 12
purser/internal/api/connect/performer_profile_convert.go:34.14,36.3 1 1
purser/internal/api/connect/performer_profile_convert.go:37.2,46.3 1 11
purser/internal/api/connect/performer_profile_convert.go:49.94,50.15 1 9
purser/internal/api/connect/performer_profile_convert.go:50.15,52.3 1 1
purser/internal/api/connect/performer_profile_convert.go:53.2,62.3 1 8
purser/internal/api/connect/performer_profile_convert.go:69.172,73.46 3 5
purser/internal/api/connect/performer_profile_convert.go:73.46,75.3 1 2
purser/internal/api/connect/performer_profile_convert.go:77.2,79.31 2 3
purser/internal/api/connect/performer_profile_convert.go:79.31,79.64 1 3
purser/internal/api/connect/performer_profile_convert.go:80.31,80.66 1 1
purser/internal/api/connect/performer_profile_convert.go:81.31,81.70 1 1
purser/internal/api/connect/performer_profile_convert.go:82.31,82.64 1 1
purser/internal/api/connect/performer_profile_convert.go:83.31,83.68 1 1
purser/internal/api/connect/performer_profile_convert.go:84.31,84.80 1 1
purser/internal/api/connect/performer_profile_convert.go:85.31,85.76 1 1
purser/internal/api/connect/performer_profile_convert.go:87.2,87.39 1 3
purser/internal/api/connect/performer_profile_convert.go:87.39,88.35 1 10
purser/internal/api/connect/performer_profile_convert.go:88.35,90.4 1 9
purser/internal/api/connect/performer_profile_convert.go:92.2,92.16 1 3
purser/internal/api/connect/person.go:38.113,39.19 1 12
purser/internal/api/connect/person.go:39.19,41.3 1 12
purser/internal/api/connect/person.go:42.2,42.136 1 12
purser/internal/api/connect/person.go:47.157,54.16 6 2
purser/internal/api/connect/person.go:54.16,56.3 1 1
purser/internal/api/connect/person.go:57.2,57.91 1 1
purser/internal/api/connect/person.go:61.148,63.16 2 3
purser/internal/api/connect/person.go:63.16,65.3 1 2
purser/internal/api/connect/person.go:66.2,66.82 1 1
purser/internal/api/connect/person.go:72.157,74.16 2 2
purser/internal/api/connect/person.go:74.16,76.3 1 0
purser/internal/api/connect/person.go:78.2,83.16 5 2
purser/internal/api/connect/person.go:83.16,85.3 1 1
purser/internal/api/connect/person.go:86.2,86.91 1 1
purser/internal/api/connect/person.go:90.157,91.89 1 2
purser/internal/api/connect/person.go:91.89,93.3 1 1
purser/internal/api/connect/person.go:94.2,94.61 1 1
purser/internal/api/connect/person.go:98.190,100.16 2 2
purser/internal/api/connect/person.go:100.16,102.3 1 1
purser/internal/api/connect/person.go:103.2,103.122 1 1
purser/internal/api/connect/person.go:107.151,109.16 2 2
purser/internal/api/connect/person.go:109.16,111.3 1 1
purser/internal/api/connect/person.go:112.2,113.27 2 1
purser/internal/api/connect/person.go:113.27,115.3 1 2
purser/internal/api/connect/person.go:116.2,116.96 1 1
purser/internal/api/connect/person_convert.go:12.47,13.11 1 20
purser/internal/api/connect/person_convert.go:14.25,15.31 1 1
purser/internal/api/connect/person_convert.go:16.27,17.33 1 1
purser/internal/api/connect/person_convert.go:18.36,19.43 1 1
purser/internal/api/connect/person_convert.go:20.38,21.45 1 1
purser/internal/api/connect/person_convert.go:22.29,23.35 1 1
purser/internal/api/connect/person_convert.go:24.30,25.37 1 2
purser/internal/api/connect/person_convert.go:26.28,27.34 1 4
purser/internal/api/connect/person_convert.go:28.10,29.38 1 9
purser/internal/api/connect/person_convert.go:37.49,38.11 1 18
purser/internal/api/connect/person_convert.go:39.29,40.27 1 4
purser/internal/api/connect/person_convert.go:41.31,42.29 1 2
purser/internal/api/connect/person_convert.go:43.41,44.38 1 1
purser/internal/api/connect/person_convert.go:45.43,46.40 1 1
purser/internal/api/connect/person_convert.go:47.33,48.31 1 1
purser/internal/api/connect/person_convert.go:49.35,50.32 1 2
purser/internal/api/connect/person_convert.go:51.32,52.30 1 3
purser/internal/api/connect/person_convert.go:53.10,54.27 1 4
purser/internal/api/connect/person_convert.go:58.62,59.11 1 29
purser/internal/api/connect/person_convert.go:60.29,61.41 1 4
purser/internal/api/connect/person_convert.go:62.32,63.44 1 1
purser/internal/api/connect/person_convert.go:64.30,65.42 1 10
purser/internal/api/connect/person_convert.go:66.32,67.44 1 1
purser/internal/api/connect/person_convert.go:68.10,69.49 1 13
purser/internal/api/connect/person_convert.go:73.64,74.11 1 30
purser/internal/api/connect/person_convert.go:75.39,76.31 1 7
purser/internal/api/connect/person_convert.go:77.42,78.34 1 1
purser/internal/api/connect/person_convert.go:79.40,80.32 1 7
purser/internal/api/connect/person_convert.go:81.42,82.34 1 4
purser/internal/api/connect/person_convert.go:83.10,84.32 1 11
purser/internal/api/connect/person_convert.go:88.49,89.14 1 13
purser/internal/api/connect/person_convert.go:89.14,91.3 1 1
purser/internal/api/connect/person_convert.go:92.2,106.24 2 12
purser/internal/api/connect/person_convert.go:106.24,108.3 1 1
purser/internal/api/connect/person_convert.go:109.2,109.24 1 12
purser/internal/api/connect/person_convert.go:109.24,111.3 1 1
purser/internal/api/connect/person_convert.go:112.2,112.11 1 12
purser/internal/api/connect/person_convert.go:115.52,116.15 1 11
purser/internal/api/connect/person_convert.go:116.15,118.3 1 1
purser/internal/api/connect/person_convert.go:119.2,131.30 2 10
purser/internal/api/connect/person_convert.go:131.30,134.3 2 1
purser/internal/api/connect/person_convert.go:135.2,135.30 1 10
purser/internal/api/connect/person_convert.go:135.30,138.3 2 1
purser/internal/api/connect/person_convert.go:139.2,139.28 1 10
purser/internal/api/connect/person_convert.go:139.28,141.3 1 2
purser/internal/api/connect/person_convert.go:142.2,142.30 1 10
purser/internal/api/connect/person_convert.go:142.30,144.3 1 2
purser/internal/api/connect/person_convert.go:145.2,145.10 1 10
purser/internal/api/connect/person_convert.go:153.117,157.46 3 6
purser/internal/api/connect/person_convert.go:157.46,159.3 1 3
purser/internal/api/connect/person_convert.go:161.2,162.39 2 3
purser/internal/api/connect/person_convert.go:162.39,163.15 1 14
purser/internal/api/connect/person_convert.go:164.15,165.27 1 3
purser/internal/api/connect/person_convert.go:166.20,167.35 1 1
purser/internal/api/connect/person_convert.go:168.18,169.33 1 1
purser/internal/api/connect/person_convert.go:170.17,171.31 1 1
purser/internal/api/connect/person_convert.go:172.19,173.35 1 1
purser/internal/api/connect/person_convert.go:174.21,175.37 1 1
purser/internal/api/connect/person_convert.go:176.21,177.37 1 1
purser/internal/api/connect/person_convert.go:178.22,179.41 1 1
purser/internal/api/connect/person_convert.go:180.19,181.35 1 1
purser/internal/api/connect/person_convert.go:182.20,183.37 1 1
purser/internal/api/connect/person_convert.go:184.23,185.41 1 1
purser/internal/api/connect/person_convert.go:188.2,188.16 1 3
purser/internal/api/connect/scan.go:28.72,29.19 1 3
purser/internal/api/connect/scan.go:29.19,31.3 1 3
purser/internal/api/connect/scan.go:32.2,32.106 1 3
purser/internal/api/connect/scan.go:37.168,39.16 2 3
purser/internal/api/connect/scan.go:39.16,41.3 1 2
purser/internal/api/connect/scan.go:42.2,42.77 1 1
purser/internal/api/connect/tag.go:32.102,33.19 1 13
purser/internal/api/connect/tag.go:33.19,35.3 1 13
purser/internal/api/connect/tag.go:36.2,36.130 1 13
purser/internal/api/connect/tag.go:40.145,43.16 3 2
purser/internal/api/connect/tag.go:43.16,45.3 1 1
purser/internal/api/connect/tag.go:46.2,46.82 1 1
purser/internal/api/connect/tag.go:50.136,52.16 2 2
purser/internal/api/connect/tag.go:52.16,54.3 1 1
purser/internal/api/connect/tag.go:55.2,55.73 1 1
purser/internal/api/connect/tag.go:59.145,61.16 2 2
purser/internal/api/connect/tag.go:61.16,63.3 1 1
purser/internal/api/connect/tag.go:65.2,68.16 3 1
purser/internal/api/connect/tag.go:68.16,70.3 1 0
purser/internal/api/connect/tag.go:71.2,71.82 1 1
purser/internal/api/connect/tag.go:75.145,76.89 1 2
purser/internal/api/connect/tag.go:76.89,78.3 1 1
purser/internal/api/connect/tag.go:79.2,79.58 1 1
purser/internal/api/connect/tag.go:83.178,85.16 2 2
purser/internal/api/connect/tag.go:85.16,87.3 1 1
purser/internal/api/connect/tag.go:88.2,88.119 1 1
purser/internal/api/connect/tag.go:92.160,93.95 1 2
purser/internal/api/connect/tag.go:93.95,95.3 1 1
purser/internal/api/connect/tag.go:96.2,96.63 1 1
purser/internal/api/connect/tag.go:100.142,102.16 2 2
purser/internal/api/connect/tag.go:102.16,104.3 1 1
purser/internal/api/connect/tag.go:105.2,106.25 2 1
purser/internal/api/connect/tag.go:106.25,108.3 1 2
purser/internal/api/connect/tag.go:109.2,109.90 1 1
purser/internal/api/connect/tag_assignment.go:33.99,34.19 1 9
purser/internal/api/connect/tag_assignment.go:34.19,36.3 1 9
purser/internal/api/connect/tag_assignment.go:37.2,37.124 1 9
purser/internal/api/connect/tag_assignment.go:41.185,44.16 3 2
purser/internal/api/connect/tag_assignment.go:44.16,46.3 1 1
purser/internal/api/connect/tag_assignment.go:47.2,47.112 1 1
purser/internal/api/connect/tag_assignment.go:51.176,53.16 2 2
purser/internal/api/connect/tag_assignment.go:53.16,55.3 1 1
purser/internal/api/connect/tag_assignment.go:56.2,56.104 1 1
purser/internal/api/connect/tag_assignment.go:60.185,61.131 1 2
purser/internal/api/connect/tag_assignment.go:61.131,63.3 1 1
purser/internal/api/connect/tag_assignment.go:64.2,64.68 1 1
purser/internal/api/connect/tag_assignment.go:68.200,70.16 2 2
purser/internal/api/connect/tag_assignment.go:70.16,72.3 1 1
purser/internal/api/connect/tag_assignment.go:73.2,74.29 2 1
purser/internal/api/connect/tag_assignment.go:74.29,76.3 1 2
purser/internal/api/connect/tag_assignment.go:77.2,77.95 1 1
purser/internal/api/connect/tag_assignment.go:81.182,83.16 2 2
purser/internal/api/connect/tag_assignment.go:83.16,85.3 1 1
purser/internal/api/connect/tag_assignment.go:86.2,87.26 2 1
purser/internal/api/connect/tag_assignment.go:87.26,89.3 1 2
purser/internal/api/connect/tag_assignment.go:90.2,90.110 1 1
purser/internal/api/connect/tag_assignment_convert.go:9.71,10.15 1 6
purser/internal/api/connect/tag_assignment_convert.go:10.15,12.3 1 0
purser/internal/api/connect/tag_assignment_convert.go:13.2,17.3 1 6
purser/internal/api/connect/tag_assignment_convert.go:20.73,21.15 1 2
purser/internal/api/connect/tag_assignment_convert.go:21.15,23.3 1 0
purser/internal/api/connect/tag_assignment_convert.go:24.2,28.3 1 2
purser/internal/api/connect/tag_convert.go:11.53,12.11 1 9
purser/internal/api/connect/tag_convert.go:13.27,14.36 1 1
purser/internal/api/connect/tag_convert.go:15.31,16.40 1 5
purser/internal/api/connect/tag_convert.go:17.10,18.43 1 3
purser/internal/api/connect/tag_convert.go:22.55,23.11 1 9
purser/internal/api/connect/tag_convert.go:24.34,25.29 1 2
purser/internal/api/connect/tag_convert.go:26.38,27.33 1 4
purser/internal/api/connect/tag_convert.go:28.10,29.29 1 3
purser/internal/api/connect/tag_convert.go:33.40,34.14 1 7
purser/internal/api/connect/tag_convert.go:34.14,36.3 1 1
purser/internal/api/connect/tag_convert.go:37.2,43.3 1 6
purser/internal/api/connect/tag_convert.go:46.43,47.15 1 7
purser/internal/api/connect/tag_convert.go:47.15,49.3 1 1
purser/internal/api/connect/tag_convert.go:50.2,56.3 1 6
purser/internal/api/connect/tag_convert.go:62.105,66.46 3 3
purser/internal/api/connect/tag_convert.go:66.46,68.3 1 1
purser/internal/api/connect/tag_convert.go:70.2,71.39 2 2
purser/internal/api/connect/tag_convert.go:71.39,72.15 1 6
purser/internal/api/connect/tag_convert.go:73.14,74.25 1 1
purser/internal/api/connect/tag_convert.go:75.16,76.29 1 2
purser/internal/api/connect/tag_convert.go:77.16,78.29 1 1
purser/internal/api/connect/tag_convert.go:79.19,80.35 1 1
purser/internal/api/connect/tag_convert.go:83.2,83.16 1 2
purser/internal/api/connect/unmatched_file.go:34.99,35.19 1 12
purser/internal/api/connect/unmatched_file.go:35.19,37.3 1 12
purser/internal/api/connect/unmatched_file.go:38.2,38.124 1 12
purser/internal/api/connect/unmatched_file.go:43.192,45.16 2 2
purser/internal/api/connect/unmatched_file.go:45.16,47.3 1 1
purser/internal/api/connect/unmatched_file.go:48.2,48.111 1 1
purser/internal/api/connect/unmatched_file.go:53.198,55.16 2 3
purser/internal/api/connect/unmatched_file.go:55.16,57.3 1 1
purser/internal/api/connect/unmatched_file.go:58.2,59.26 2 2
purser/internal/api/connect/unmatched_file.go:59.26,61.3 1 1
purser/internal/api/connect/unmatched_file.go:62.2,62.119 1 2
purser/internal/api/connect/unmatched_file.go:72.204,74.16 2 3
purser/internal/api/connect/unmatched_file.go:74.16,76.3 1 1
purser/internal/api/connect/unmatched_file.go:77.2,78.15 2 2
purser/internal/api/connect/unmatched_file.go:78.15,80.3 1 1
purser/internal/api/connect/unmatched_file.go:80.8,82.3 1 1
purser/internal/api/connect/unmatched_file.go:83.2,83.39 1 2
purser/internal/api/connect/unmatched_file.go:88.213,90.16 2 2
purser/internal/api/connect/unmatched_file.go:90.16,92.3 1 1
purser/internal/api/connect/unmatched_file.go:93.2,94.26 2 1
purser/internal/api/connect/unmatched_file.go:94.26,96.3 1 2
purser/internal/api/connect/unmatched_file.go:97.2,97.103 1 1
purser/internal/api/connect/unmatched_file.go:102.219,104.16 2 2
purser/internal/api/connect/unmatched_file.go:104.16,106.3 1 1
purser/internal/api/connect/unmatched_file.go:107.2,108.26 2 1
purser/internal/api/connect/unmatched_file.go:108.26,110.3 1 2
purser/internal/api/connect/unmatched_file.go:111.2,111.105 1 1
purser/internal/api/connect/unmatched_file_convert.go:9.94,10.11 1 7
purser/internal/api/connect/unmatched_file_convert.go:11.41,12.70 1 2
purser/internal/api/connect/unmatched_file_convert.go:13.41,14.70 1 0
purser/internal/api/connect/unmatched_file_convert.go:15.43,16.72 1 3
purser/internal/api/connect/unmatched_file_convert.go:17.10,18.74 1 2
purser/internal/api/connect/unmatched_file_convert.go:26.94,27.11 1 3
purser/internal/api/connect/unmatched_file_convert.go:28.68,29.43 1 1
purser/internal/api/connect/unmatched_file_convert.go:30.68,31.43 1 0
purser/internal/api/connect/unmatched_file_convert.go:32.70,33.45 1 0
purser/internal/api/connect/unmatched_file_convert.go:34.10,35.12 1 2
purser/internal/api/connect/unmatched_file_convert.go:39.78,40.14 1 7
purser/internal/api/connect/unmatched_file_convert.go:40.14,42.3 1 0
purser/internal/api/connect/unmatched_file_convert.go:43.2,58.3 1 7
purser/internal/api/connect/unmatched_file_convert.go:61.64,62.11 1 1
purser/internal/api/connect/unmatched_file_convert.go:63.32,64.51 1 1
purser/internal/api/connect/unmatched_file_convert.go:65.32,66.51 1 0
purser/internal/api/connect/unmatched_file_convert.go:67.29,68.47 1 0
purser/internal/api/connect/unmatched_file_convert.go:69.32,70.50 1 0
purser/internal/api/connect/unmatched_file_convert.go:71.10,72.53 1 0
purser/internal/api/connect/unmatched_file_convert.go:76.72,77.14 1 7
purser/internal/api/connect/unmatched_file_convert.go:77.14,79.3 1 6
purser/internal/api/connect/unmatched_file_convert.go:80.2,83.3 1 1
purser/internal/api/connect/unmatched_file_convert.go:86.86,87.15 1 7
purser/internal/api/connect/unmatched_file_convert.go:87.15,89.3 1 6
purser/internal/api/connect/unmatched_file_convert.go:90.2,91.23 2 1
purser/internal/api/connect/unmatched_file_convert.go:91.23,100.3 1 1
purser/internal/api/connect/unmatched_file_convert.go:101.2,101.12 1 1
purser/gen/go/purser/domain/v1/common.pb.go:54.42,58.2 3 0
purser/gen/go/purser/domain/v1/common.pb.go:60.38,62.2 1 0
purser/gen/go/purser/domain/v1/common.pb.go:64.61,66.2 1 0
purser/gen/go/purser/domain/v1/common.pb.go:68.49,70.2 1 0
purser/gen/go/purser/domain/v1/common.pb.go:72.55,74.2 1 0
purser/gen/go/purser/domain/v1/common.pb.go:77.53,79.2 1 0
purser/gen/go/purser/domain/v1/common.pb.go:118.40,122.2 3 0
purser/gen/go/purser/domain/v1/common.pb.go:124.37,126.2 1 0
purser/gen/go/purser/domain/v1/common.pb.go:128.60,130.2 1 0
purser/gen/go/purser/domain/v1/common.pb.go:132.48,134.2 1 0
purser/gen/go/purser/domain/v1/common.pb.go:136.54,138.2 1 0
purser/gen/go/purser/domain/v1/common.pb.go:141.52,143.2 1 0
purser/gen/go/purser/domain/v1/common.pb.go:177.40,181.2 3 0
purser/gen/go/purser/domain/v1/common.pb.go:183.37,185.2 1 0
purser/gen/go/purser/domain/v1/common.pb.go:187.60,189.2 1 0
purser/gen/go/purser/domain/v1/common.pb.go:191.48,193.2 1 0
purser/gen/go/purser/domain/v1/common.pb.go:195.54,197.2 1 0
purser/gen/go/purser/domain/v1/common.pb.go:200.52,202.2 1 0
purser/gen/go/purser/domain/v1/common.pb.go:228.36,232.2 3 0
purser/gen/go/purser/domain/v1/common.pb.go:234.35,236.2 1 0
purser/gen/go/purser/domain/v1/common.pb.go:238.58,240.2 1 0
purser/gen/go/purser/domain/v1/common.pb.go:242.46,244.2 1 0
purser/gen/go/purser/domain/v1/common.pb.go:246.52,248.2 1 0
purser/gen/go/purser/domain/v1/common.pb.go:251.50,253.2 1 0
purser/gen/go/purser/domain/v1/common.pb.go:268.37,273.2 4 0
purser/gen/go/purser/domain/v1/common.pb.go:275.45,277.2 1 0
purser/gen/go/purser/domain/v1/common.pb.go:279.43,279.44 0 0
purser/gen/go/purser/domain/v1/common.pb.go:281.65,283.14 2 0
purser/gen/go/purser/domain/v1/common.pb.go:283.14,285.34 2 0
purser/gen/go/purser/domain/v1/common.pb.go:285.34,287.4 1 0
purser/gen/go/purser/domain/v1/common.pb.go:288.3,288.12 1 0
purser/gen/go/purser/domain/v1/common.pb.go:290.2,290.24 1 0
purser/gen/go/purser/domain/v1/common.pb.go:294.56,296.2 1 0
purser/gen/go/purser/domain/v1/common.pb.go:298.46,299.14 1 0
purser/gen/go/purser/domain/v1/common.pb.go:299.14,301.3 1 0
purser/gen/go/purser/domain/v1/common.pb.go:302.2,302.11 1 0
purser/gen/go/purser/domain/v1/common.pb.go:305.47,306.14 1 0
purser/gen/go/purser/domain/v1/common.pb.go:306.14,308.3 1 0
purser/gen/go/purser/domain/v1/common.pb.go:309.2,309.11 1 0
purser/gen/go/purser/domain/v1/common.pb.go:312.46,313.14 1 0
purser/gen/go/purser/domain/v1/common.pb.go:313.14,315.3 1 0
purser/gen/go/purser/domain/v1/common.pb.go:316.2,316.10 1 0
purser/gen/go/purser/domain/v1/common.pb.go:319.48,320.14 1 0
purser/gen/go/purser/domain/v1/common.pb.go:320.14,322.3 1 0
purser/gen/go/purser/domain/v1/common.pb.go:323.2,323.14 1 0
purser/gen/go/purser/domain/v1/common.pb.go:368.62,369.59 1 0
purser/gen/go/purser/domain/v1/common.pb.go:369.59,371.3 1 0
purser/gen/go/purser/domain/v1/common.pb.go:372.2,372.55 1 0
purser/gen/go/purser/domain/v1/common.pb.go:392.13,392.58 1 0
purser/gen/go/purser/domain/v1/common.pb.go:393.48,394.47 1 0
purser/gen/go/purser/domain/v1/common.pb.go:394.47,396.3 1 0
purser/gen/go/purser/domain/v1/common.pb.go:397.2,414.50 5 0
purser/gen/go/purser/domain/v1/entry_person.pb.go:44.31,49.2 4 0
purser/gen/go/purser/domain/v1/entry_person.pb.go:51.39,53.2 1 0
purser/gen/go/purser/domain/v1/entry_person.pb.go:55.37,55.38 0 0
purser/gen/go/purser/domain/v1/entry_person.pb.go:57.59,59.14 2 0
purser/gen/go/purser/domain/v1/entry_person.pb.go:59.14,61.34 2 0
purser/gen/go/purser/domain/v1/entry_person.pb.go:61.34,63.4 1 0
purser/gen/go/purser/domain/v1/entry_person.pb.go:64.3,64.12 1 0
purser/gen/go/purser/domain/v1/entry_person.pb.go:66.2,66.24 1 0
purser/gen/go/purser/domain/v1/entry_person.pb.go:70.50,72.2 1 0
purser/gen/go/purser/domain/v1/entry_person.pb.go:74.50,75.14 1 0
purser/gen/go/purser/domain/v1/entry_person.pb.go:75.14,77.3 1 0
purser/gen/go/purser/domain/v1/entry_person.pb.go:78.2,78.11 1 0
purser/gen/go/purser/domain/v1/entry_person.pb.go:81.44,82.14 1 0
purser/gen/go/purser/domain/v1/entry_person.pb.go:82.14,84.3 1 0
purser/gen/go/purser/domain/v1/entry_person.pb.go:85.2,85.11 1 0
purser/gen/go/purser/domain/v1/entry_person.pb.go:88.40,89.14 1 0
purser/gen/go/purser/domain/v1/entry_person.pb.go:89.14,91.3 1 0
purser/gen/go/purser/domain/v1/entry_person.pb.go:92.2,92.11 1 0
purser/gen/go/purser/domain/v1/entry_person.pb.go:95.46,96.14 1 0
purser/gen/go/purser/domain/v1/entry_person.pb.go:96.14,98.3 1 0
purser/gen/go/purser/domain/v1/entry_person.pb.go:99.2,99.11 1 0
purser/gen/go/purser/domain/v1/entry_person.pb.go:102.45,103.14 1 0
purser/gen/go/purser/domain/v1/entry_person.pb.go:103.14,105.3 1 0
purser/gen/go/purser/domain/v1/entry_person.pb.go:106.2,106.11 1 0
purser/gen/go/purser/domain/v1/entry_person.pb.go:109.61,110.14 1 0
purser/gen/go/purser/domain/v1/entry_person.pb.go:110.14,112.3 1 0
purser/gen/go/purser/domain/v1/entry_person.pb.go:113.2,113.12 1 0
purser/gen/go/purser/domain/v1/entry_person.pb.go:116.59,117.14 1 0
purser/gen/go/purser/domain/v1/entry_person.pb.go:117.14,119.3 1 0
purser/gen/go/purser/domain/v1/entry_person.pb.go:120.2,120.12 1 0
purser/gen/go/purser/domain/v1/entry_person.pb.go:130.44,135.2 4 0
purser/gen/go/purser/domain/v1/entry_person.pb.go:137.52,139.2 1 0
purser/gen/go/purser/domain/v1/entry_person.pb.go:141.50,141.51 0 0
purser/gen/go/purser/domain/v1/entry_person.pb.go:143.72,145.14 2 0
purser/gen/go/purser/domain/v1/entry_person.pb.go:145.14,147.34 2 0
purser/gen/go/purser/domain/v1/entry_person.pb.go:147.34,149.4 1 0
purser/gen/go/purser/domain/v1/entry_person.pb.go:150.3,150.12 1 0
purser/gen/go/purser/domain/v1/entry_person.pb.go:152.2,152.24 1 0
purser/gen/go/purser/domain/v1/entry_person.pb.go:156.63,158.2 1 0
purser/gen/go/purser/domain/v1/entry_person.pb.go:160.66,161.14 1 0
purser/gen/go/purser/domain/v1/entry_person.pb.go:161.14,163.3 1 0
purser/gen/go/purser/domain/v1/entry_person.pb.go:164.2,164.12 1 0
purser/gen/go/purser/domain/v1/entry_person.pb.go:174.45,179.2 4 0
purser/gen/go/purser/domain/v1/entry_person.pb.go:181.53,183.2 1 0
purser/gen/go/purser/domain/v1/entry_person.pb.go:185.51,185.52 0 0
purser/gen/go/purser/domain/v1/entry_person.pb.go:187.73,189.14 2 0
purser/gen/go/purser/domain/v1/entry_person.pb.go:189.14,191.34 2 0
purser/gen/go/purser/domain/v1/entry_person.pb.go:191.34,193.4 1 0
purser/gen/go/purser/domain/v1/entry_person.pb.go:194.3,194.12 1 0
purser/gen/go/purser/domain/v1/entry_person.pb.go:196.2,196.24 1 0
purser/gen/go/purser/domain/v1/entry_person.pb.go:200.64,202.2 1 0
purser/gen/go/purser/domain/v1/entry_person.pb.go:204.67,205.14 1 0
purser/gen/go/purser/domain/v1/entry_person.pb.go:205.14,207.3 1 0
purser/gen/go/purser/domain/v1/entry_person.pb.go:208.2,208.12 1 0
purser/gen/go/purser/domain/v1/entry_person.pb.go:220.41,225.2 4 0
purser/gen/go/purser/domain/v1/entry_person.pb.go:227.49,229.2 1 0
purser/gen/go/purser/domain/v1/entry_person.pb.go:231.47,231.48 0 0
purser/gen/go/purser/domain/v1/entry_person.pb.go:233.69,235.14 2 0
purser/gen/go/purser/domain/v1/entry_person.pb.go:235.14,237.34 2 0
purser/gen/go/purser/domain/v1/entry_person.pb.go:237.34,239.4 1 0
purser/gen/go/purser/domain/v1/entry_person.pb.go:240.3,240.12 1 0
purser/gen/go/purser/domain/v1/entry_person.pb.go:242.2,242.24 1 0
purser/gen/go/purser/domain/v1/entry_person.pb.go:246.60,248.2 1 0
purser/gen/go/purser/domain/v1/entry_person.pb.go:250.60,251.14 1 0
purser/gen/go/purser/domain/v1/entry_person.pb.go:251.14,253.3 1 0
purser/gen/go/purser/domain/v1/entry_person.pb.go:254.2,254.11 1 0
purser/gen/go/purser/domain/v1/entry_person.pb.go:257.54,258.14 1 0
purser/gen/go/purser/domain/v1/entry_person.pb.go:258.14,260.3 1 0
purser/gen/go/purser/domain/v1/entry_person.pb.go:261.2,261.11 1 0
purser/gen/go/purser/domain/v1/entry_person.pb.go:264.50,265.14 1 0
purser/gen/go/purser/domain/v1/entry_person.pb.go:265.14,267.3 1 0
purser/gen/go/purser/domain/v1/entry_person.pb.go:268.2,268.11 1 0
purser/gen/go/purser/domain/v1/entry_person.pb.go:278.42,283.2 4 0
purser/gen/go/purser/domain/v1/entry_person.pb.go:285.50,287.2 1 0
purser/gen/go/purser/domain/v1/entry_person.pb.go:289.48,289.49 0 0
purser/gen/go/purser/domain/v1/entry_person.pb.go:291.70,293.14 2 0
purser/gen/go/purser/domain/v1/entry_person.pb.go:293.14,295.34 2 0
purser/gen/go/purser/domain/v1/entry_person.pb.go:295.34,297.4 1 0
purser/gen/go/purser/domain/v1/entry_person.pb.go:298.3,298.12 1 0
purser/gen/go/purser/domain/v1/entry_person.pb.go:300.2,300.24 1 0
purser/gen/go/purser/domain/v1/entry_person.pb.go:304.61,306.2 1 0
purser/gen/go/purser/domain/v1/entry_person.pb.go:308.64,309.14 1 0
purser/gen/go/purser/domain/v1/entry_person.pb.go:309.14,311.3 1 0
purser/gen/go/purser/domain/v1/entry_person.pb.go:312.2,312.12 1 0
purser/gen/go/purser/domain/v1/entry_person.pb.go:326.44,331.2 4 0
purser/gen/go/purser/domain/v1/entry_person.pb.go:333.52,335.2 1 0
purser/gen/go/purser/domain/v1/entry_person.pb.go:337.50,337.51 0 0
purser/gen/go/purser/domain/v1/entry_person.pb.go:339.72,341.14 2 0
purser/gen/go/purser/domain/v1/entry_person.pb.go:341.14,343.34 2 0
purser/gen/go/purser/domain/v1/entry_person.pb.go:343.34,345.4 1 0
purser/gen/go/purser/domain/v1/entry_person.pb.go:346.3,346.12 1 0
purser/gen/go/purser/domain/v1/entry_person.pb.go:348.2,348.24 1 0
purser/gen/go/purser/domain/v1/entry_person.pb.go:352.63,354.2 1 0
purser/gen/go/purser/domain/v1/entry_person.pb.go:356.66,357.14 1 0
purser/gen/go/purser/domain/v1/entry_person.pb.go:357.14,359.3 1 0
purser/gen/go/purser/domain/v1/entry_person.pb.go:360.2,360.12 1 0
purser/gen/go/purser/domain/v1/entry_person.pb.go:363.75,364.14 1 0
purser/gen/go/purser/domain/v1/entry_person.pb.go:364.14,366.3 1 0
purser/gen/go/purser/domain/v1/entry_person.pb.go:367.2,367.12 1 0
purser/gen/go/purser/domain/v1/entry_person.pb.go:377.45,382.2 4 0
purser/gen/go/purser/domain/v1/entry_person.pb.go:384.53,386.2 1 0
purser/gen/go/purser/domain/v1/entry_person.pb.go:388.51,388.52 0 0
purser/gen/go/purser/domain/v1/entry_person.pb.go:390.73,392.14 2 0
purser/gen/go/purser/domain/v1/entry_person.pb.go:392.14,394.34 2 0
purser/gen/go/purser/domain/v1/entry_person.pb.go:394.34,396.4 1 0
purser/gen/go/purser/domain/v1/entry_person.pb.go:397.3,397.12 1 0
purser/gen/go/purser/domain/v1/entry_person.pb.go:399.2,399.24 1 0
purser/gen/go/purser/domain/v1/entry_person.pb.go:403.64,405.2 1 0
purser/gen/go/purser/domain/v1/entry_person.pb.go:407.67,408.14 1 0
purser/gen/go/purser/domain/v1/entry_person.pb.go:408.14,410.3 1 0
purser/gen/go/purser/domain/v1/entry_person.pb.go:411.2,411.12 1 0
purser/gen/go/purser/domain/v1/entry_person.pb.go:423.44,428.2 4 0
purser/gen/go/purser/domain/v1/entry_person.pb.go:430.52,432.2 1 0
purser/gen/go/purser/domain/v1/entry_person.pb.go:434.50,434.51 0 0
purser/gen/go/purser/domain/v1/entry_person.pb.go:436.72,438.14 2 0
purser/gen/go/purser/domain/v1/entry_person.pb.go:438.14,440.34 2 0
purser/gen/go/purser/domain/v1/entry_person.pb.go:440.34,442.4 1 0
purser/gen/go/purser/domain/v1/entry_person.pb.go:443.3,443.12 1 0
purser/gen/go/purser/domain/v1/entry_person.pb.go:445.2,445.24 1 0
purser/gen/go/purser/domain/v1/entry_person.pb.go:449.63,451.2 1 0
purser/gen/go/purser/domain/v1/entry_person.pb.go:453.63,454.14 1 0
purser/gen/go/purser/domain/v1/entry_person.pb.go:454.14,456.3 1 0
purser/gen/go/purser/domain/v1/entry_person.pb.go:457.2,457.11 1 0
purser/gen/go/purser/domain/v1/entry_person.pb.go:460.57,461.14 1 0
purser/gen/go/purser/domain/v1/entry_person.pb.go:461.14,463.3 1 0
purser/gen/go/purser/domain/v1/entry_person.pb.go:464.2,464.11 1 0
purser/gen/go/purser/domain/v1/entry_person.pb.go:467.53,468.14 1 0
purser/gen/go/purser/domain/v1/entry_person.pb.go:468.14,470.3 1 0
purser/gen/go/purser/domain/v1/entry_person.pb.go:471.2,471.11 1 0
purser/gen/go/purser/domain/v1/entry_person.pb.go:480.45,485.2 4 0
purser/gen/go/purser/domain/v1/entry_person.pb.go:487.53,489.2 1 0
purser/gen/go/purser/domain/v1/entry_person.pb.go:491.51,491.52 0 0
purser/gen/go/purser/domain/v1/entry_person.pb.go:493.73,495.14 2 0
purser/gen/go/purser/domain/v1/entry_person.pb.go:495.14,497.34 2 0
purser/gen/go/purser/domain/v1/entry_person.pb.go:497.34,499.4 1 0
purser/gen/go/purser/domain/v1/entry_person.pb.go:500.3,500.12 1 0
purser/gen/go/purser/domain/v1/entry_person.pb.go:502.2,502.24 1 0
purser/gen/go/purser/domain/v1/entry_person.pb.go:506.64,508.2 1 0
purser/gen/go/purser/domain/v1/entry_person.pb.go:522.42,527.2 4 0
purser/gen/go/purser/domain/v1/entry_person.pb.go:529.50,531.2 1 0
purser/gen/go/purser/domain/v1/entry_person.pb.go:533.48,533.49 0 0
purser/gen/go/purser/domain/v1/entry_person.pb.go:535.70,537.14 2 0
purser/gen/go/purser/domain/v1/entry_person.pb.go:537.14,539.34 2 0
purser/gen/go/purser/domain/v1/entry_person.pb.go:539.34,541.4 1 0
purser/gen/go/purser/domain/v1/entry_person.pb.go:542.3,542.12 1 0
purser/gen/go/purser/domain/v1/entry_person.pb.go:544.2,544.24 1 0
purser/gen/go/purser/domain/v1/entry_person.pb.go:548.61,550.2 1 0
purser/gen/go/purser/domain/v1/entry_person.pb.go:552.61,553.14 1 0
purser/gen/go/purser/domain/v1/entry_person.pb.go:553.14,555.3 1 0
purser/gen/go/purser/domain/v1/entry_person.pb.go:556.2,556.11 1 0
purser/gen/go/purser/domain/v1/entry_person.pb.go:559.55,560.14 1 0
purser/gen/go/purser/domain/v1/entry_person.pb.go:560.14,562.3 1 0
purser/gen/go/purser/domain/v1/entry_person.pb.go:563.2,563.11 1 0
purser/gen/go/purser/domain/v1/entry_person.pb.go:566.54,567.14 1 0
purser/gen/go/purser/domain/v1/entry_person.pb.go:567.14,569.3 1 0
purser/gen/go/purser/domain/v1/entry_person.pb.go:570.2,570.10 1 0
purser/gen/go/purser/domain/v1/entry_person.pb.go:573.56,574.14 1 0
purser/gen/go/purser/domain/v1/entry_person.pb.go:574.14,576.3 1 0
purser/gen/go/purser/domain/v1/entry_person.pb.go:577.2,577.11 1 0
purser/gen/go/purser/domain/v1/entry_person.pb.go:588.43,593.2 4 0
purser/gen/go/purser/domain/v1/entry_person.pb.go:595.51,597.2 1 0
purser/gen/go/purser/domain/v1/entry_person.pb.go:599.49,599.50 0 0
purser/gen/go/purser/domain/v1/entry_person.pb.go:601.71,603.14 2 0
purser/gen/go/purser/domain/v1/entry_person.pb.go:603.14,605.34 2 0
purser/gen/go/purser/domain/v1/entry_person.pb.go:605.34,607.4 1 0
purser/gen/go/purser/domain/v1/entry_person.pb.go:608.3,608.12 1 0
purser/gen/go/purser/domain/v1/entry_person.pb.go:610.2,610.24 1 0
purser/gen/go/purser/domain/v1/entry_person.pb.go:614.62,616.2 1 0
purser/gen/go/purser/domain/v1/entry_person.pb.go:618.67,619.14 1 0
purser/gen/go/purser/domain/v1/entry_person.pb.go:619.14,621.3 1 0
purser/gen/go/purser/domain/v1/entry_person.pb.go:622.2,622.12 1 0
purser/gen/go/purser/domain/v1/entry_person.pb.go:625.61,626.14 1 0
purser/gen/go/purser/domain/v1/entry_person.pb.go:626.14,628.3 1 0
purser/gen/go/purser/domain/v1/entry_person.pb.go:629.2,629.11 1 0
purser/gen/go/purser/domain/v1/entry_person.pb.go:689.68,690.65 1 0
purser/gen/go/purser/domain/v1/entry_person.pb.go:690.65,692.3 1 0
purser/gen/go/purser/domain/v1/entry_person.pb.go:693.2,693.61 1 0
purser/gen/go/purser/domain/v1/entry_person.pb.go:739.13,739.64 1 0
purser/gen/go/purser/domain/v1/entry_person.pb.go:740.54,741.53 1 0
purser/gen/go/purser/domain/v1/entry_person.pb.go:741.53,743.3 1 0
purser/gen/go/purser/domain/v1/entry_person.pb.go:744.2,760.56 5 0
purser/gen/go/purser/domain/v1/external_id.pb.go:39.30,44.2 4 0
purser/gen/go/purser/domain/v1/external_id.pb.go:46.38,48.2 1 0
purser/gen/go/purser/domain/v1/external_id.pb.go:50.36,50.37 0 0
purser/gen/go/purser/domain/v1/external_id.pb.go:52.58,54.14 2 0
purser/gen/go/purser/domain/v1/external_id.pb.go:54.14,56.34 2 0
purser/gen/go/purser/domain/v1/external_id.pb.go:56.34,58.4 1 0
purser/gen/go/purser/domain/v1/external_id.pb.go:59.3,59.12 1 0
purser/gen/go/purser/domain/v1/external_id.pb.go:61.2,61.24 1 0
purser/gen/go/purser/domain/v1/external_id.pb.go:65.49,67.2 1 0
purser/gen/go/purser/domain/v1/external_id.pb.go:69.49,70.14 1 0
purser/gen/go/purser/domain/v1/external_id.pb.go:70.14,72.3 1 0
purser/gen/go/purser/domain/v1/external_id.pb.go:73.2,73.43 1 0
purser/gen/go/purser/domain/v1/external_id.pb.go:76.43,77.14 1 0
purser/gen/go/purser/domain/v1/external_id.pb.go:77.14,79.3 1 0
purser/gen/go/purser/domain/v1/external_id.pb.go:80.2,80.11 1 0
purser/gen/go/purser/domain/v1/external_id.pb.go:83.41,84.14 1 0
purser/gen/go/purser/domain/v1/external_id.pb.go:84.14,86.3 1 0
purser/gen/go/purser/domain/v1/external_id.pb.go:87.2,87.11 1 0
purser/gen/go/purser/domain/v1/external_id.pb.go:90.40,91.14 1 0
purser/gen/go/purser/domain/v1/external_id.pb.go:91.14,93.3 1 0
purser/gen/go/purser/domain/v1/external_id.pb.go:94.2,94.11 1 0
purser/gen/go/purser/domain/v1/external_id.pb.go:104.43,109.2 4 0
purser/gen/go/purser/domain/v1/external_id.pb.go:111.51,113.2 1 0
purser/gen/go/purser/domain/v1/external_id.pb.go:115.49,115.50 0 0
purser/gen/go/purser/domain/v1/external_id.pb.go:117.71,119.14 2 0
purser/gen/go/purser/domain/v1/external_id.pb.go:119.14,121.34 2 0
purser/gen/go/purser/domain/v1/external_id.pb.go:121.34,123.4 1 0
purser/gen/go/purser/domain/v1/external_id.pb.go:124.3,124.12 1 0
purser/gen/go/purser/domain/v1/external_id.pb.go:126.2,126.24 1 0
purser/gen/go/purser/domain/v1/external_id.pb.go:130.62,132.2 1 0
purser/gen/go/purser/domain/v1/external_id.pb.go:134.63,135.14 1 0
purser/gen/go/purser/domain/v1/external_id.pb.go:135.14,137.3 1 0
purser/gen/go/purser/domain/v1/external_id.pb.go:138.2,138.12 1 0
purser/gen/go/purser/domain/v1/external_id.pb.go:148.44,153.2 4 0
purser/gen/go/purser/domain/v1/external_id.pb.go:155.52,157.2 1 0
purser/gen/go/purser/domain/v1/external_id.pb.go:159.50,159.51 0 0
purser/gen/go/purser/domain/v1/external_id.pb.go:161.72,163.14 2 0
purser/gen/go/purser/domain/v1/external_id.pb.go:163.14,165.34 2 0
purser/gen/go/purser/domain/v1/external_id.pb.go:165.34,167.4 1 0
purser/gen/go/purser/domain/v1/external_id.pb.go:168.3,168.12 1 0
purser/gen/go/purser/domain/v1/external_id.pb.go:170.2,170.24 1 0
purser/gen/go/purser/domain/v1/external_id.pb.go:174.63,176.2 1 0
purser/gen/go/purser/domain/v1/external_id.pb.go:178.64,179.14 1 0
purser/gen/go/purser/domain/v1/external_id.pb.go:179.14,181.3 1 0
purser/gen/go/purser/domain/v1/external_id.pb.go:182.2,182.12 1 0
purser/gen/go/purser/domain/v1/external_id.pb.go:194.40,199.2 4 0
purser/gen/go/purser/domain/v1/external_id.pb.go:201.48,203.2 1 0
purser/gen/go/purser/domain/v1/external_id.pb.go:205.46,205.47 0 0
purser/gen/go/purser/domain/v1/external_id.pb.go:207.68,209.14 2 0
purser/gen/go/purser/domain/v1/external_id.pb.go:209.14,211.34 2 0
purser/gen/go/purser/domain/v1/external_id.pb.go:211.34,213.4 1 0
purser/gen/go/purser/domain/v1/external_id.pb.go:214.3,214.12 1 0
purser/gen/go/purser/domain/v1/external_id.pb.go:216.2,216.24 1 0
purser/gen/go/purser/domain/v1/external_id.pb.go:220.59,222.2 1 0
purser/gen/go/purser/domain/v1/external_id.pb.go:224.59,225.14 1 0
purser/gen/go/purser/domain/v1/external_id.pb.go:225.14,227.3 1 0
purser/gen/go/purser/domain/v1/external_id.pb.go:228.2,228.43 1 0
purser/gen/go/purser/domain/v1/external_id.pb.go:231.53,232.14 1 0
purser/gen/go/purser/domain/v1/external_id.pb.go:232.14,234.3 1 0
purser/gen/go/purser/domain/v1/external_id.pb.go:235.2,235.11 1 0
purser/gen/go/purser/domain/v1/external_id.pb.go:238.51,239.14 1 0
purser/gen/go/purser/domain/v1/external_id.pb.go:239.14,241.3 1 0
purser/gen/go/purser/domain/v1/external_id.pb.go:242.2,242.11 1 0
purser/gen/go/purser/domain/v1/external_id.pb.go:252.41,257.2 4 0
purser/gen/go/purser/domain/v1/external_id.pb.go:259.49,261.2 1 0
purser/gen/go/purser/domain/v1/external_id.pb.go:263.47,263.48 0 0
purser/gen/go/purser/domain/v1/external_id.pb.go:265.69,267.14 2 0
purser/gen/go/purser/domain/v1/external_id.pb.go:267.14,269.34 2 0
purser/gen/go/purser/domain/v1/external_id.pb.go:269.34,271.4 1 0
purser/gen/go/purser/domain/v1/external_id.pb.go:272.3,272.12 1 0
purser/gen/go/purser/domain/v1/external_id.pb.go:274.2,274.24 1 0
purser/gen/go/purser/domain/v1/external_id.pb.go:278.60,280.2 1 0
purser/gen/go/purser/domain/v1/external_id.pb.go:282.61,283.14 1 0
purser/gen/go/purser/domain/v1/external_id.pb.go:283.14,285.3 1 0
purser/gen/go/purser/domain/v1/external_id.pb.go:286.2,286.12 1 0
purser/gen/go/purser/domain/v1/external_id.pb.go:298.43,303.2 4 0
purser/gen/go/purser/domain/v1/external_id.pb.go:305.51,307.2 1 0
purser/gen/go/purser/domain/v1/external_id.pb.go:309.49,309.50 0 0
purser/gen/go/purser/domain/v1/external_id.pb.go:311.71,313.14 2 0
purser/gen/go/purser/domain/v1/external_id.pb.go:313.14,315.34 2 0
purser/gen/go/purser/domain/v1/external_id.pb.go:315.34,317.4 1 0
purser/gen/go/purser/domain/v1/external_id.pb.go:318.3,318.12 1 0
purser/gen/go/purser/domain/v1/external_id.pb.go:320.2,320.24 1 0
purser/gen/go/purser/domain/v1/external_id.pb.go:324.62,326.2 1 0
purser/gen/go/purser/domain/v1/external_id.pb.go:328.63,329.14 1 0
purser/gen/go/purser/domain/v1/external_id.pb.go:329.14,331.3 1 0
purser/gen/go/purser/domain/v1/external_id.pb.go:332.2,332.12 1 0
purser/gen/go/purser/domain/v1/external_id.pb.go:342.44,347.2 4 0
purser/gen/go/purser/domain/v1/external_id.pb.go:349.52,351.2 1 0
purser/gen/go/purser/domain/v1/external_id.pb.go:353.50,353.51 0 0
purser/gen/go/purser/domain/v1/external_id.pb.go:355.72,357.14 2 0
purser/gen/go/purser/domain/v1/external_id.pb.go:357.14,359.34 2 0
purser/gen/go/purser/domain/v1/external_id.pb.go:359.34,361.4 1 0
purser/gen/go/purser/domain/v1/external_id.pb.go:362.3,362.12 1 0
purser/gen/go/purser/domain/v1/external_id.pb.go:364.2,364.24 1 0
purser/gen/go/purser/domain/v1/external_id.pb.go:368.63,370.2 1 0
purser/gen/go/purser/domain/v1/external_id.pb.go:372.64,373.14 1 0
purser/gen/go/purser/domain/v1/external_id.pb.go:373.14,375.3 1 0
purser/gen/go/purser/domain/v1/external_id.pb.go:376.2,376.12 1 0
purser/gen/go/purser/domain/v1/external_id.pb.go:388.43,393.2 4 0
purser/gen/go/purser/domain/v1/external_id.pb.go:395.51,397.2 1 0
purser/gen/go/purser/domain/v1/external_id.pb.go:399.49,399.50 0 0
purser/gen/go/purser/domain/v1/external_id.pb.go:401.71,403.14 2 0
purser/gen/go/purser/domain/v1/external_id.pb.go:403.14,405.34 2 0
purser/gen/go/purser/domain/v1/external_id.pb.go:405.34,407.4 1 0
purser/gen/go/purser/domain/v1/external_id.pb.go:408.3,408.12 1 0
purser/gen/go/purser/domain/v1/external_id.pb.go:410.2,410.24 1 0
purser/gen/go/purser/domain/v1/external_id.pb.go:414.62,416.2 1 0
purser/gen/go/purser/domain/v1/external_id.pb.go:418.62,419.14 1 0
purser/gen/go/purser/domain/v1/external_id.pb.go:419.14,421.3 1 0
purser/gen/go/purser/domain/v1/external_id.pb.go:422.2,422.43 1 0
purser/gen/go/purser/domain/v1/external_id.pb.go:425.56,426.14 1 0
purser/gen/go/purser/domain/v1/external_id.pb.go:426.14,428.3 1 0
purser/gen/go/purser/domain/v1/external_id.pb.go:429.2,429.11 1 0
purser/gen/go/purser/domain/v1/external_id.pb.go:432.54,433.14 1 0
purser/gen/go/purser/domain/v1/external_id.pb.go:433.14,435.3 1 0
purser/gen/go/purser/domain/v1/external_id.pb.go:436.2,436.11 1 0
purser/gen/go/purser/domain/v1/external_id.pb.go:445.44,450.2 4 0
purser/gen/go/purser/domain/v1/external_id.pb.go:452.52,454.2 1 0
purser/gen/go/purser/domain/v1/external_id.pb.go:456.50,456.51 0 0
purser/gen/go/purser/domain/v1/external_id.pb.go:458.72,460.14 2 0
purser/gen/go/purser/domain/v1/external_id.pb.go:460.14,462.34 2 0
purser/gen/go/purser/domain/v1/external_id.pb.go:462.34,464.4 1 0
purser/gen/go/purser/domain/v1/external_id.pb.go:465.3,465.12 1 0
purser/gen/go/purser/domain/v1/external_id.pb.go:467.2,467.24 1 0
purser/gen/go/purser/domain/v1/external_id.pb.go:471.63,473.2 1 0
purser/gen/go/purser/domain/v1/external_id.pb.go:488.42,493.2 4 0
purser/gen/go/purser/domain/v1/external_id.pb.go:495.50,497.2 1 0
purser/gen/go/purser/domain/v1/external_id.pb.go:499.48,499.49 0 0
purser/gen/go/purser/domain/v1/external_id.pb.go:501.70,503.14 2 0
purser/gen/go/purser/domain/v1/external_id.pb.go:503.14,505.34 2 0
purser/gen/go/purser/domain/v1/external_id.pb.go:505.34,507.4 1 0
purser/gen/go/purser/domain/v1/external_id.pb.go:508.3,508.12 1 0
purser/gen/go/purser/domain/v1/external_id.pb.go:510.2,510.24 1 0
purser/gen/go/purser/domain/v1/external_id.pb.go:514.61,516.2 1 0
purser/gen/go/purser/domain/v1/external_id.pb.go:518.61,519.14 1 0
purser/gen/go/purser/domain/v1/external_id.pb.go:519.14,521.3 1 0
purser/gen/go/purser/domain/v1/external_id.pb.go:522.2,522.43 1 0
purser/gen/go/purser/domain/v1/external_id.pb.go:525.55,526.14 1 0
purser/gen/go/purser/domain/v1/external_id.pb.go:526.14,528.3 1 0
purser/gen/go/purser/domain/v1/external_id.pb.go:529.2,529.11 1 0
purser/gen/go/purser/domain/v1/external_id.pb.go:532.54,533.14 1 0
purser/gen/go/purser/domain/v1/external_id.pb.go:533.14,535.3 1 0
purser/gen/go/purser/domain/v1/external_id.pb.go:536.2,536.10 1 0
purser/gen/go/purser/domain/v1/external_id.pb.go:539.56,540.14 1 0
purser/gen/go/purser/domain/v1/external_id.pb.go:540.14,542.3 1 0
purser/gen/go/purser/domain/v1/external_id.pb.go:543.2,543.11 1 0
purser/gen/go/purser/domain/v1/external_id.pb.go:554.43,559.2 4 0
purser/gen/go/purser/domain/v1/external_id.pb.go:561.51,563.2 1 0
purser/gen/go/purser/domain/v1/external_id.pb.go:565.49,565.50 0 0
purser/gen/go/purser/domain/v1/external_id.pb.go:567.71,569.14 2 0
purser/gen/go/purser/domain/v1/external_id.pb.go:569.14,571.34 2 0
purser/gen/go/purser/domain/v1/external_id.pb.go:571.34,573.4 1 0
purser/gen/go/purser/domain/v1/external_id.pb.go:574.3,574.12 1 0
purser/gen/go/purser/domain/v1/external_id.pb.go:576.2,576.24 1 0
purser/gen/go/purser/domain/v1/external_id.pb.go:580.62,582.2 1 0
purser/gen/go/purser/domain/v1/external_id.pb.go:584.66,585.14 1 0
purser/gen/go/purser/domain/v1/external_id.pb.go:585.14,587.3 1 0
purser/gen/go/purser/domain/v1/external_id.pb.go:588.2,588.12 1 0
purser/gen/go/purser/domain/v1/external_id.pb.go:591.61,592.14 1 0
purser/gen/go/purser/domain/v1/external_id.pb.go:592.14,594.3 1 0
purser/gen/go/purser/domain/v1/external_id.pb.go:595.2,595.11 1 0
purser/gen/go/purser/domain/v1/external_id.pb.go:658.67,659.64 1 0
purser/gen/go/purser/domain/v1/external_id.pb.go:659.64,661.3 1 0
purser/gen/go/purser/domain/v1/external_id.pb.go:662.2,662.60 1 0
purser/gen/go/purser/domain/v1/external_id.pb.go:708.13,708.63 1 0
purser/gen/go/purser/domain/v1/external_id.pb.go:709.53,710.52 1 0
purser/gen/go/purser/domain/v1/external_id.pb.go:710.52,712.3 1 0
purser/gen/go/purser/domain/v1/external_id.pb.go:713.2,730.55 6 0
purser/gen/go/purser/domain/v1/group.pb.go:43.25,48.2 4 0
purser/gen/go/purser/domain/v1/group.pb.go:50.33,52.2 1 0
purser/gen/go/purser/domain/v1/group.pb.go:54.31,54.32 0 0
purser/gen/go/purser/domain/v1/group.pb.go:56.53,58.14 2 0
purser/gen/go/purser/domain/v1/group.pb.go:58.14,60.34 2 0
purser/gen/go/purser/domain/v1/group.pb.go:60.34,62.4 1 0
purser/gen/go/purser/domain/v1/group.pb.go:63.3,63.12 1 0
purser/gen/go/purser/domain/v1/group.pb.go:65.2,65.24 1 0
purser/gen/go/purser/domain/v1/group.pb.go:69.44,71.2 1 0
purser/gen/go/purser/domain/v1/group.pb.go:73.32,74.14 1 0
purser/gen/go/purser/domain/v1/group.pb.go:74.14,76.3 1 0
purser/gen/go/purser/domain/v1/group.pb.go:77.2,77.11 1 0
purser/gen/go/purser/domain/v1/group.pb.go:80.44,81.14 1 0
purser/gen/go/purser/domain/v1/group.pb.go:81.14,83.3 1 0
purser/gen/go/purser/domain/v1/group.pb.go:84.2,84.11 1 0
purser/gen/go/purser/domain/v1/group.pb.go:87.35,88.14 1 0
purser/gen/go/purser/domain/v1/group.pb.go:88.14,90.3 1 0
purser/gen/go/purser/domain/v1/group.pb.go:91.2,91.11 1 0
purser/gen/go/purser/domain/v1/group.pb.go:94.38,95.14 1 0
purser/gen/go/purser/domain/v1/group.pb.go:95.14,97.3 1 0
purser/gen/go/purser/domain/v1/group.pb.go:98.2,98.11 1 0
purser/gen/go/purser/domain/v1/group.pb.go:101.36,102.14 1 0
purser/gen/go/purser/domain/v1/group.pb.go:102.14,104.3 1 0
purser/gen/go/purser/domain/v1/group.pb.go:105.2,105.11 1 0
purser/gen/go/purser/domain/v1/group.pb.go:108.33,109.14 1 0
purser/gen/go/purser/domain/v1/group.pb.go:109.14,111.3 1 0
purser/gen/go/purser/domain/v1/group.pb.go:112.2,112.10 1 0
purser/gen/go/purser/domain/v1/group.pb.go:115.38,116.14 1 0
purser/gen/go/purser/domain/v1/group.pb.go:116.14,118.3 1 0
purser/gen/go/purser/domain/v1/group.pb.go:119.2,119.11 1 0
purser/gen/go/purser/domain/v1/group.pb.go:122.37,123.14 1 0
purser/gen/go/purser/domain/v1/group.pb.go:123.14,125.3 1 0
purser/gen/go/purser/domain/v1/group.pb.go:126.2,126.14 1 0
purser/gen/go/purser/domain/v1/group.pb.go:129.46,130.14 1 0
purser/gen/go/purser/domain/v1/group.pb.go:130.14,132.3 1 0
purser/gen/go/purser/domain/v1/group.pb.go:133.2,133.45 1 0
purser/gen/go/purser/domain/v1/group.pb.go:136.48,137.14 1 0
purser/gen/go/purser/domain/v1/group.pb.go:137.14,139.3 1 0
purser/gen/go/purser/domain/v1/group.pb.go:140.2,140.12 1 0
purser/gen/go/purser/domain/v1/group.pb.go:152.38,157.2 4 0
purser/gen/go/purser/domain/v1/group.pb.go:159.46,161.2 1 0
purser/gen/go/purser/domain/v1/group.pb.go:163.44,163.45 0 0
purser/gen/go/purser/domain/v1/group.pb.go:165.66,167.14 2 0
purser/gen/go/purser/domain/v1/group.pb.go:167.14,169.34 2 0
purser/gen/go/purser/domain/v1/group.pb.go:169.34,171.4 1 0
purser/gen/go/purser/domain/v1/group.pb.go:172.3,172.12 1 0
purser/gen/go/purser/domain/v1/group.pb.go:174.2,174.24 1 0
purser/gen/go/purser/domain/v1/group.pb.go:178.57,180.2 1 0
purser/gen/go/purser/domain/v1/group.pb.go:182.48,183.14 1 0
purser/gen/go/purser/domain/v1/group.pb.go:183.14,185.3 1 0
purser/gen/go/purser/domain/v1/group.pb.go:186.2,186.12 1 0
purser/gen/go/purser/domain/v1/group.pb.go:196.39,201.2 4 0
purser/gen/go/purser/domain/v1/group.pb.go:203.47,205.2 1 0
purser/gen/go/purser/domain/v1/group.pb.go:207.45,207.46 0 0
purser/gen/go/purser/domain/v1/group.pb.go:209.67,211.14 2 0
purser/gen/go/purser/domain/v1/group.pb.go:211.14,213.34 2 0
purser/gen/go/purser/domain/v1/group.pb.go:213.34,215.4 1 0
purser/gen/go/purser/domain/v1/group.pb.go:216.3,216.12 1 0
purser/gen/go/purser/domain/v1/group.pb.go:218.2,218.24 1 0
purser/gen/go/purser/domain/v1/group.pb.go:222.58,224.2 1 0
purser/gen/go/purser/domain/v1/group.pb.go:226.49,227.14 1 0
purser/gen/go/purser/domain/v1/group.pb.go:227.14,229.3 1 0
purser/gen/go/purser/domain/v1/group.pb.go:230.2,230.12 1 0
purser/gen/go/purser/domain/v1/group.pb.go:240.35,245.2 4 0
purser/gen/go/purser/domain/v1/group.pb.go:247.43,249.2 1 0
purser/gen/go/purser/domain/v1/group.pb.go:251.41,251.42 0 0
purser/gen/go/purser/domain/v1/group.pb.go:253.63,255.14 2 0
purser/gen/go/purser/domain/v1/group.pb.go:255.14,257.34 2 0
purser/gen/go/purser/domain/v1/group.pb.go:257.34,259.4 1 0
purser/gen/go/purser/domain/v1/group.pb.go:260.3,260.12 1 0
purser/gen/go/purser/domain/v1/group.pb.go:262.2,262.24 1 0
purser/gen/go/purser/domain/v1/group.pb.go:266.54,268.2 1 0
purser/gen/go/purser/domain/v1/group.pb.go:270.42,271.14 1 0
purser/gen/go/purser/domain/v1/group.pb.go:271.14,273.3 1 0
purser/gen/go/purser/domain/v1/group.pb.go:274.2,274.11 1 0
purser/gen/go/purser/domain/v1/group.pb.go:284.36,289.2 4 0
purser/gen/go/purser/domain/v1/group.pb.go:291.44,293.2 1 0
purser/gen/go/purser/domain/v1/group.pb.go:295.42,295.43 0 0
purser/gen/go/purser/domain/v1/group.pb.go:297.64,299.14 2 0
purser/gen/go/purser/domain/v1/group.pb.go:299.14,301.34 2 0
purser/gen/go/purser/domain/v1/group.pb.go:301.34,303.4 1 0
purser/gen/go/purser/domain/v1/group.pb.go:304.3,304.12 1 0
purser/gen/go/purser/domain/v1/group.pb.go:306.2,306.24 1 0
purser/gen/go/purser/domain/v1/group.pb.go:310.55,312.2 1 0
purser/gen/go/purser/domain/v1/group.pb.go:314.46,315.14 1 0
purser/gen/go/purser/domain/v1/group.pb.go:315.14,317.3 1 0
purser/gen/go/purser/domain/v1/group.pb.go:318.2,318.12 1 0
purser/gen/go/purser/domain/v1/group.pb.go:329.38,334.2 4 0
purser/gen/go/purser/domain/v1/group.pb.go:336.46,338.2 1 0
purser/gen/go/purser/domain/v1/group.pb.go:340.44,340.45 0 0
purser/gen/go/purser/domain/v1/group.pb.go:342.66,344.14 2 0
purser/gen/go/purser/domain/v1/group.pb.go:344.14,346.34 2 0
purser/gen/go/purser/domain/v1/group.pb.go:346.34,348.4 1 0
purser/gen/go/purser/domain/v1/group.pb.go:349.3,349.12 1 0
purser/gen/go/purser/domain/v1/group.pb.go:351.2,351.24 1 0
purser/gen/go/purser/domain/v1/group.pb.go:355.57,357.2 1 0
purser/gen/go/purser/domain/v1/group.pb.go:359.48,360.14 1 0
purser/gen/go/purser/domain/v1/group.pb.go:360.14,362.3 1 0
purser/gen/go/purser/domain/v1/group.pb.go:363.2,363.12 1 0
purser/gen/go/purser/domain/v1/group.pb.go:366.69,367.14 1 0
purser/gen/go/purser/domain/v1/group.pb.go:367.14,369.3 1 0
purser/gen/go/purser/domain/v1/group.pb.go:370.2,370.12 1 0
purser/gen/go/purser/domain/v1/group.pb.go:380.39,385.2 4 0
purser/gen/go/purser/domain/v1/group.pb.go:387.47,389.2 1 0
purser/gen/go/purser/domain/v1/group.pb.go:391.45,391.46 0 0
purser/gen/go/purser/domain/v1/group.pb.go:393.67,395.14 2 0
purser/gen/go/purser/domain/v1/group.pb.go:395.14,397.34 2 0
purser/gen/go/purser/domain/v1/group.pb.go:397.34,399.4 1 0
purser/gen/go/purser/domain/v1/group.pb.go:400.3,400.12 1 0
purser/gen/go/purser/domain/v1/group.pb.go:402.2,402.24 1 0
purser/gen/go/purser/domain/v1/group.pb.go:406.58,408.2 1 0
purser/gen/go/purser/domain/v1/group.pb.go:410.49,411.14 1 0
purser/gen/go/purser/domain/v1/group.pb.go:411.14,413.3 1 0
purser/gen/go/purser/domain/v1/group.pb.go:414.2,414.12 1 0
purser/gen/go/purser/domain/v1/group.pb.go:431.38,436.2 4 0
purser/gen/go/purser/domain/v1/group.pb.go:438.46,440.2 1 0
purser/gen/go/purser/domain/v1/group.pb.go:442.44,442.45 0 0
purser/gen/go/purser/domain/v1/group.pb.go:444.66,446.14 2 0
purser/gen/go/purser/domain/v1/group.pb.go:446.14,448.34 2 0
purser/gen/go/purser/domain/v1/group.pb.go:448.34,450.4 1 0
purser/gen/go/purser/domain/v1/group.pb.go:451.3,451.12 1 0
purser/gen/go/purser/domain/v1/group.pb.go:453.2,453.24 1 0
purser/gen/go/purser/domain/v1/group.pb.go:457.57,459.2 1 0
purser/gen/go/purser/domain/v1/group.pb.go:461.45,462.14 1 0
purser/gen/go/purser/domain/v1/group.pb.go:462.14,464.3 1 0
purser/gen/go/purser/domain/v1/group.pb.go:465.2,465.11 1 0
purser/gen/go/purser/domain/v1/group.pb.go:468.48,469.14 1 0
purser/gen/go/purser/domain/v1/group.pb.go:469.14,471.3 1 0
purser/gen/go/purser/domain/v1/group.pb.go:472.2,472.14 1 0
purser/gen/go/purser/domain/v1/group.pb.go:481.39,486.2 4 0
purser/gen/go/purser/domain/v1/group.pb.go:488.47,490.2 1 0
purser/gen/go/purser/domain/v1/group.pb.go:492.45,492.46 0 0
purser/gen/go/purser/domain/v1/group.pb.go:494.67,496.14 2 0
purser/gen/go/purser/domain/v1/group.pb.go:496.14,498.34 2 0
purser/gen/go/purser/domain/v1/group.pb.go:498.34,500.4 1 0
purser/gen/go/purser/domain/v1/group.pb.go:501.3,501.12 1 0
purser/gen/go/purser/domain/v1/group.pb.go:503.2,503.24 1 0
purser/gen/go/purser/domain/v1/group.pb.go:507.58,509.2 1 0
purser/gen/go/purser/domain/v1/group.pb.go:518.49,523.2 4 0
purser/gen/go/purser/domain/v1/group.pb.go:525.57,527.2 1 0
purser/gen/go/purser/domain/v1/group.pb.go:529.55,529.56 0 0
purser/gen/go/purser/domain/v1/group.pb.go:531.77,533.14 2 0
purser/gen/go/purser/domain/v1/group.pb.go:533.14,535.34 2 0
purser/gen/go/purser/domain/v1/group.pb.go:535.34,537.4 1 0
purser/gen/go/purser/domain/v1/group.pb.go:538.3,538.12 1 0
purser/gen/go/purser/domain/v1/group.pb.go:540.2,540.24 1 0
purser/gen/go/purser/domain/v1/group.pb.go:544.68,546.2 1 0
purser/gen/go/purser/domain/v1/group.pb.go:548.56,549.14 1 0
purser/gen/go/purser/domain/v1/group.pb.go:549.14,551.3 1 0
purser/gen/go/purser/domain/v1/group.pb.go:552.2,552.11 1 0
purser/gen/go/purser/domain/v1/group.pb.go:562.50,567.2 4 0
purser/gen/go/purser/domain/v1/group.pb.go:569.58,571.2 1 0
purser/gen/go/purser/domain/v1/group.pb.go:573.56,573.57 0 0
purser/gen/go/purser/domain/v1/group.pb.go:575.78,577.14 2 0
purser/gen/go/purser/domain/v1/group.pb.go:577.14,579.34 2 0
purser/gen/go/purser/domain/v1/group.pb.go:579.34,581.4 1 0
purser/gen/go/purser/domain/v1/group.pb.go:582.3,582.12 1 0
purser/gen/go/purser/domain/v1/group.pb.go:584.2,584.24 1 0
purser/gen/go/purser/domain/v1/group.pb.go:588.69,590.2 1 0
purser/gen/go/purser/domain/v1/group.pb.go:592.76,593.14 1 0
purser/gen/go/purser/domain/v1/group.pb.go:593.14,595.3 1 0
purser/gen/go/purser/domain/v1/group.pb.go:596.2,596.12 1 0
purser/gen/go/purser/domain/v1/group.pb.go:609.37,614.2 4 0
purser/gen/go/purser/domain/v1/group.pb.go:616.45,618.2 1 0
purser/gen/go/purser/domain/v1/group.pb.go:620.43,620.44 0 0
purser/gen/go/purser/domain/v1/group.pb.go:622.65,624.14 2 0
purser/gen/go/purser/domain/v1/group.pb.go:624.14,626.34 2 0
purser/gen/go/purser/domain/v1/group.pb.go:626.34,628.4 1 0
purser/gen/go/purser/domain/v1/group.pb.go:629.3,629.12 1 0
purser/gen/go/purser/domain/v1/group.pb.go:631.2,631.24 1 0
purser/gen/go/purser/domain/v1/group.pb.go:635.56,637.2 1 0
purser/gen/go/purser/domain/v1/group.pb.go:639.49,640.14 1 0
purser/gen/go/purser/domain/v1/group.pb.go:640.14,642.3 1 0
purser/gen/go/purser/domain/v1/group.pb.go:643.2,643.10 1 0
purser/gen/go/purser/domain/v1/group.pb.go:646.51,647.14 1 0
purser/gen/go/purser/domain/v1/group.pb.go:647.14,649.3 1 0
purser/gen/go/purser/domain/v1/group.pb.go:650.2,650.11 1 0
purser/gen/go/purser/domain/v1/group.pb.go:653.56,654.14 1 0
purser/gen/go/purser/domain/v1/group.pb.go:654.14,656.3 1 0
purser/gen/go/purser/domain/v1/group.pb.go:657.2,657.11 1 0
purser/gen/go/purser/domain/v1/group.pb.go:668.38,673.2 4 0
purser/gen/go/purser/domain/v1/group.pb.go:675.46,677.2 1 0
purser/gen/go/purser/domain/v1/group.pb.go:679.44,679.45 0 0
purser/gen/go/purser/domain/v1/group.pb.go:681.66,683.14 2 0
purser/gen/go/purser/domain/v1/group.pb.go:683.14,685.34 2 0
purser/gen/go/purser/domain/v1/group.pb.go:685.34,687.4 1 0
purser/gen/go/purser/domain/v1/group.pb.go:688.3,688.12 1 0
purser/gen/go/purser/domain/v1/group.pb.go:690.2,690.24 1 0
purser/gen/go/purser/domain/v1/group.pb.go:694.57,696.2 1 0
purser/gen/go/purser/domain/v1/group.pb.go:698.51,699.14 1 0
purser/gen/go/purser/domain/v1/group.pb.go:699.14,701.3 1 0
purser/gen/go/purser/domain/v1/group.pb.go:702.2,702.12 1 0
purser/gen/go/purser/domain/v1/group.pb.go:705.56,706.14 1 0
purser/gen/go/purser/domain/v1/group.pb.go:706.14,708.3 1 0
purser/gen/go/purser/domain/v1/group.pb.go:709.2,709.11 1 0
purser/gen/go/purser/domain/v1/group.pb.go:773.61,774.58 1 0
purser/gen/go/purser/domain/v1/group.pb.go:774.58,776.3 1 0
purser/gen/go/purser/domain/v1/group.pb.go:777.2,777.54 1 0
purser/gen/go/purser/domain/v1/group.pb.go:830.13,830.57 1 0
purser/gen/go/purser/domain/v1/group.pb.go:831.47,832.46 1 0
purser/gen/go/purser/domain/v1/group.pb.go:832.46,834.3 1 0
purser/gen/go/purser/domain/v1/group.pb.go:835.2,852.49 6 0
purser/gen/go/purser/domain/v1/image.pb.go:44.25,49.2 4 0
purser/gen/go/purser/domain/v1/image.pb.go:51.33,53.2 1 0
purser/gen/go/purser/domain/v1/image.pb.go:55.31,55.32 0 0
purser/gen/go/purser/domain/v1/image.pb.go:57.53,59.14 2 0
purser/gen/go/purser/domain/v1/image.pb.go:59.14,61.34 2 0
purser/gen/go/purser/domain/v1/image.pb.go:61.34,63.4 1 0
purser/gen/go/purser/domain/v1/image.pb.go:64.3,64.12 1 0
purser/gen/go/purser/domain/v1/image.pb.go:66.2,66.24 1 0
purser/gen/go/purser/domain/v1/image.pb.go:70.44,72.2 1 0
purser/gen/go/purser/domain/v1/image.pb.go:74.32,75.14 1 0
purser/gen/go/purser/domain/v1/image.pb.go:75.14,77.3 1 0
purser/gen/go/purser/domain/v1/image.pb.go:78.2,78.11 1 0
purser/gen/go/purser/domain/v1/image.pb.go:81.39,82.14 1 0
purser/gen/go/purser/domain/v1/image.pb.go:82.14,84.3 1 0
purser/gen/go/purser/domain/v1/image.pb.go:85.2,85.11 1 0
purser/gen/go/purser/domain/v1/image.pb.go:88.37,89.14 1 0
purser/gen/go/purser/domain/v1/image.pb.go:89.14,91.3 1 0
purser/gen/go/purser/domain/v1/image.pb.go:92.2,92.11 1 0
purser/gen/go/purser/domain/v1/image.pb.go:95.39,96.14 1 0
purser/gen/go/purser/domain/v1/image.pb.go:96.14,98.3 1 0
purser/gen/go/purser/domain/v1/image.pb.go:99.2,99.11 1 0
purser/gen/go/purser/domain/v1/image.pb.go:102.33,103.14 1 0
purser/gen/go/purser/domain/v1/image.pb.go:103.14,105.3 1 0
purser/gen/go/purser/domain/v1/image.pb.go:106.2,106.11 1 0
purser/gen/go/purser/domain/v1/image.pb.go:109.34,110.14 1 0
purser/gen/go/purser/domain/v1/image.pb.go:110.14,112.3 1 0
purser/gen/go/purser/domain/v1/image.pb.go:113.2,113.10 1 0
purser/gen/go/purser/domain/v1/image.pb.go:116.35,117.14 1 0
purser/gen/go/purser/domain/v1/image.pb.go:117.14,119.3 1 0
purser/gen/go/purser/domain/v1/image.pb.go:120.2,120.10 1 0
purser/gen/go/purser/domain/v1/image.pb.go:123.36,124.14 1 0
purser/gen/go/purser/domain/v1/image.pb.go:124.14,126.3 1 0
purser/gen/go/purser/domain/v1/image.pb.go:127.2,127.11 1 0
purser/gen/go/purser/domain/v1/image.pb.go:130.37,131.14 1 0
purser/gen/go/purser/domain/v1/image.pb.go:131.14,133.3 1 0
purser/gen/go/purser/domain/v1/image.pb.go:134.2,134.10 1 0
purser/gen/go/purser/domain/v1/image.pb.go:146.38,151.2 4 0
purser/gen/go/purser/domain/v1/image.pb.go:153.46,155.2 1 0
purser/gen/go/purser/domain/v1/image.pb.go:157.44,157.45 0 0
purser/gen/go/purser/domain/v1/image.pb.go:159.66,161.14 2 0
purser/gen/go/purser/domain/v1/image.pb.go:161.14,163.34 2 0
purser/gen/go/purser/domain/v1/image.pb.go:163.34,165.4 1 0
purser/gen/go/purser/domain/v1/image.pb.go:166.3,166.12 1 0
purser/gen/go/purser/domain/v1/image.pb.go:168.2,168.24 1 0
purser/gen/go/purser/domain/v1/image.pb.go:172.57,174.2 1 0
purser/gen/go/purser/domain/v1/image.pb.go:176.48,177.14 1 0
purser/gen/go/purser/domain/v1/image.pb.go:177.14,179.3 1 0
purser/gen/go/purser/domain/v1/image.pb.go:180.2,180.12 1 0
purser/gen/go/purser/domain/v1/image.pb.go:190.39,195.2 4 0
purser/gen/go/purser/domain/v1/image.pb.go:197.47,199.2 1 0
purser/gen/go/purser/domain/v1/image.pb.go:201.45,201.46 0 0
purser/gen/go/purser/domain/v1/image.pb.go:203.67,205.14 2 0
purser/gen/go/purser/domain/v1/image.pb.go:205.14,207.34 2 0
purser/gen/go/purser/domain/v1/image.pb.go:207.34,209.4 1 0
purser/gen/go/purser/domain/v1/image.pb.go:210.3,210.12 1 0
purser/gen/go/purser/domain/v1/image.pb.go:212.2,212.24 1 0
purser/gen/go/purser/domain/v1/image.pb.go:216.58,218.2 1 0
purser/gen/go/purser/domain/v1/image.pb.go:220.49,221.14 1 0
purser/gen/go/purser/domain/v1/image.pb.go:221.14,223.3 1 0
purser/gen/go/purser/domain/v1/image.pb.go:224.2,224.12 1 0
purser/gen/go/purser/domain/v1/image.pb.go:234.35,239.2 4 0
purser/gen/go/purser/domain/v1/image.pb.go:241.43,243.2 1 0
purser/gen/go/purser/domain/v1/image.pb.go:245.41,245.42 0 0
purser/gen/go/purser/domain/v1/image.pb.go:247.63,249.14 2 0
purser/gen/go/purser/domain/v1/image.pb.go:249.14,251.34 2 0
purser/gen/go/purser/domain/v1/image.pb.go:251.34,253.4 1 0
purser/gen/go/purser/domain/v1/image.pb.go:254.3,254.12 1 0
purser/gen/go/purser/domain/v1/image.pb.go:256.2,256.24 1 0
purser/gen/go/purser/domain/v1/image.pb.go:260.54,262.2 1 0
purser/gen/go/purser/domain/v1/image.pb.go:264.42,265.14 1 0
purser/gen/go/purser/domain/v1/image.pb.go:265.14,267.3 1 0
purser/gen/go/purser/domain/v1/image.pb.go:268.2,268.11 1 0
purser/gen/go/purser/domain/v1/image.pb.go:278.36,283.2 4 0
purser/gen/go/purser/domain/v1/image.pb.go:285.44,287.2 1 0
purser/gen/go/purser/domain/v1/image.pb.go:289.42,289.43 0 0
purser/gen/go/purser/domain/v1/image.pb.go:291.64,293.14 2 0
purser/gen/go/purser/domain/v1/image.pb.go:293.14,295.34 2 0
purser/gen/go/purser/domain/v1/image.pb.go:295.34,297.4 1 0
purser/gen/go/purser/domain/v1/image.pb.go:298.3,298.12 1 0
purser/gen/go/purser/domain/v1/image.pb.go:300.2,300.24 1 0
purser/gen/go/purser/domain/v1/image.pb.go:304.55,306.2 1 0
purser/gen/go/purser/domain/v1/image.pb.go:308.46,309.14 1 0
purser/gen/go/purser/domain/v1/image.pb.go:309.14,311.3 1 0
purser/gen/go/purser/domain/v1/image.pb.go:312.2,312.12 1 0
purser/gen/go/purser/domain/v1/image.pb.go:323.38,328.2 4 0
purser/gen/go/purser/domain/v1/image.pb.go:330.46,332.2 1 0
purser/gen/go/purser/domain/v1/image.pb.go:334.44,334.45 0 0
purser/gen/go/purser/domain/v1/image.pb.go:336.66,338.14 2 0
purser/gen/go/purser/domain/v1/image.pb.go:338.14,340.34 2 0
purser/gen/go/purser/domain/v1/image.pb.go:340.34,342.4 1 0
purser/gen/go/purser/domain/v1/image.pb.go:343.3,343.12 1 0
purser/gen/go/purser/domain/v1/image.pb.go:345.2,345.24 1 0
purser/gen/go/purser/domain/v1/image.pb.go:349.57,351.2 1 0
purser/gen/go/purser/domain/v1/image.pb.go:353.48,354.14 1 0
purser/gen/go/purser/domain/v1/image.pb.go:354.14,356.3 1 0
purser/gen/go/purser/domain/v1/image.pb.go:357.2,357.12 1 0
purser/gen/go/purser/domain/v1/image.pb.go:360.69,361.14 1 0
purser/gen/go/purser/domain/v1/image.pb.go:361.14,363.3 1 0
purser/gen/go/purser/domain/v1/image.pb.go:364.2,364.12 1 0
purser/gen/go/purser/domain/v1/image.pb.go:374.39,379.2 4 0
purser/gen/go/purser/domain/v1/image.pb.go:381.47,383.2 1 0
purser/gen/go/purser/domain/v1/image.pb.go:385.45,385.46 0 0
purser/gen/go/purser/domain/v1/image.pb.go:387.67,389.14 2 0
purser/gen/go/purser/domain/v1/image.pb.go:389.14,391.34 2 0
purser/gen/go/purser/domain/v1/image.pb.go:391.34,393.4 1 0
purser/gen/go/purser/domain/v1/image.pb.go:394.3,394.12 1 0
purser/gen/go/purser/domain/v1/image.pb.go:396.2,396.24 1 0
purser/gen/go/purser/domain/v1/image.pb.go:400.58,402.2 1 0
purser/gen/go/purser/domain/v1/image.pb.go:404.49,405.14 1 0
purser/gen/go/purser/domain/v1/image.pb.go:405.14,407.3 1 0
purser/gen/go/purser/domain/v1/image.pb.go:408.2,408.12 1 0
purser/gen/go/purser/domain/v1/image.pb.go:418.38,423.2 4 0
purser/gen/go/purser/domain/v1/image.pb.go:425.46,427.2 1 0
purser/gen/go/purser/domain/v1/image.pb.go:429.44,429.45 0 0
purser/gen/go/purser/domain/v1/image.pb.go:431.66,433.14 2 0
purser/gen/go/purser/domain/v1/image.pb.go:433.14,435.34 2 0
purser/gen/go/purser/domain/v1/image.pb.go:435.34,437.4 1 0
purser/gen/go/purser/domain/v1/image.pb.go:438.3,438.12 1 0
purser/gen/go/purser/domain/v1/image.pb.go:440.2,440.24 1 0
purser/gen/go/purser/domain/v1/image.pb.go:444.57,446.2 1 0
purser/gen/go/purser/domain/v1/image.pb.go:448.45,449.14 1 0
purser/gen/go/purser/domain/v1/image.pb.go:449.14,451.3 1 0
purser/gen/go/purser/domain/v1/image.pb.go:452.2,452.11 1 0
purser/gen/go/purser/domain/v1/image.pb.go:461.39,466.2 4 0
purser/gen/go/purser/domain/v1/image.pb.go:468.47,470.2 1 0
purser/gen/go/purser/domain/v1/image.pb.go:472.45,472.46 0 0
purser/gen/go/purser/domain/v1/image.pb.go:474.67,476.14 2 0
purser/gen/go/purser/domain/v1/image.pb.go:476.14,478.34 2 0
purser/gen/go/purser/domain/v1/image.pb.go:478.34,480.4 1 0
purser/gen/go/purser/domain/v1/image.pb.go:481.3,481.12 1 0
purser/gen/go/purser/domain/v1/image.pb.go:483.2,483.24 1 0
purser/gen/go/purser/domain/v1/image.pb.go:487.58,489.2 1 0
purser/gen/go/purser/domain/v1/image.pb.go:503.37,508.2 4 0
purser/gen/go/purser/domain/v1/image.pb.go:510.45,512.2 1 0
purser/gen/go/purser/domain/v1/image.pb.go:514.43,514.44 0 0
purser/gen/go/purser/domain/v1/image.pb.go:516.65,518.14 2 0
purser/gen/go/purser/domain/v1/image.pb.go:518.14,520.34 2 0
purser/gen/go/purser/domain/v1/image.pb.go:520.34,522.4 1 0
purser/gen/go/purser/domain/v1/image.pb.go:523.3,523.12 1 0
purser/gen/go/purser/domain/v1/image.pb.go:525.2,525.24 1 0
purser/gen/go/purser/domain/v1/image.pb.go:529.56,531.2 1 0
purser/gen/go/purser/domain/v1/image.pb.go:533.51,534.14 1 0
purser/gen/go/purser/domain/v1/image.pb.go:534.14,536.3 1 0
purser/gen/go/purser/domain/v1/image.pb.go:537.2,537.11 1 0
purser/gen/go/purser/domain/v1/image.pb.go:540.49,541.14 1 0
purser/gen/go/purser/domain/v1/image.pb.go:541.14,543.3 1 0
purser/gen/go/purser/domain/v1/image.pb.go:544.2,544.11 1 0
purser/gen/go/purser/domain/v1/image.pb.go:547.49,548.14 1 0
purser/gen/go/purser/domain/v1/image.pb.go:548.14,550.3 1 0
purser/gen/go/purser/domain/v1/image.pb.go:551.2,551.10 1 0
purser/gen/go/purser/domain/v1/image.pb.go:554.51,555.14 1 0
purser/gen/go/purser/domain/v1/image.pb.go:555.14,557.3 1 0
purser/gen/go/purser/domain/v1/image.pb.go:558.2,558.11 1 0
purser/gen/go/purser/domain/v1/image.pb.go:569.38,574.2 4 0
purser/gen/go/purser/domain/v1/image.pb.go:576.46,578.2 1 0
purser/gen/go/purser/domain/v1/image.pb.go:580.44,580.45 0 0
purser/gen/go/purser/domain/v1/image.pb.go:582.66,584.14 2 0
purser/gen/go/purser/domain/v1/image.pb.go:584.14,586.34 2 0
purser/gen/go/purser/domain/v1/image.pb.go:586.34,588.4 1 0
purser/gen/go/purser/domain/v1/image.pb.go:589.3,589.12 1 0
purser/gen/go/purser/domain/v1/image.pb.go:591.2,591.24 1 0
purser/gen/go/purser/domain/v1/image.pb.go:595.57,597.2 1 0
purser/gen/go/purser/domain/v1/image.pb.go:599.51,600.14 1 0
purser/gen/go/purser/domain/v1/image.pb.go:600.14,602.3 1 0
purser/gen/go/purser/domain/v1/image.pb.go:603.2,603.12 1 0
purser/gen/go/purser/domain/v1/image.pb.go:606.56,607.14 1 0
purser/gen/go/purser/domain/v1/image.pb.go:607.14,609.3 1 0
purser/gen/go/purser/domain/v1/image.pb.go:610.2,610.11 1 0
purser/gen/go/purser/domain/v1/image.pb.go:670.61,671.58 1 0
purser/gen/go/purser/domain/v1/image.pb.go:671.58,673.3 1 0
purser/gen/go/purser/domain/v1/image.pb.go:674.2,674.54 1 0
purser/gen/go/purser/domain/v1/image.pb.go:717.13,717.57 1 0
purser/gen/go/purser/domain/v1/image.pb.go:718.47,719.46 1 0
purser/gen/go/purser/domain/v1/image.pb.go:719.46,721.3 1 0
purser/gen/go/purser/domain/v1/image.pb.go:722.2,738.49 5 0
purser/gen/go/purser/domain/v1/item.pb.go:49.24,54.2 4 0
purser/gen/go/purser/domain/v1/item.pb.go:56.32,58.2 1 0
purser/gen/go/purser/domain/v1/item.pb.go:60.30,60.31 0 0
purser/gen/go/purser/domain/v1/item.pb.go:62.52,64.14 2 0
purser/gen/go/purser/domain/v1/item.pb.go:64.14,66.34 2 0
purser/gen/go/purser/domain/v1/item.pb.go:66.34,68.4 1 0
purser/gen/go/purser/domain/v1/item.pb.go:69.3,69.12 1 0
purser/gen/go/purser/domain/v1/item.pb.go:71.2,71.24 1 0
purser/gen/go/purser/domain/v1/item.pb.go:75.43,77.2 1 0
purser/gen/go/purser/domain/v1/item.pb.go:79.31,80.14 1 0
purser/gen/go/purser/domain/v1/item.pb.go:80.14,82.3 1 0
purser/gen/go/purser/domain/v1/item.pb.go:83.2,83.11 1 0
purser/gen/go/purser/domain/v1/item.pb.go:86.40,87.14 1 0
purser/gen/go/purser/domain/v1/item.pb.go:87.14,89.3 1 0
purser/gen/go/purser/domain/v1/item.pb.go:90.2,90.11 1 0
purser/gen/go/purser/domain/v1/item.pb.go:93.43,94.14 1 0
purser/gen/go/purser/domain/v1/item.pb.go:94.14,96.3 1 0
purser/gen/go/purser/domain/v1/item.pb.go:97.2,97.11 1 0
purser/gen/go/purser/domain/v1/item.pb.go:100.36,101.14 1 0
purser/gen/go/purser/domain/v1/item.pb.go:101.14,103.3 1 0
purser/gen/go/purser/domain/v1/item.pb.go:104.2,104.11 1 0
purser/gen/go/purser/domain/v1/item.pb.go:107.34,108.14 1 0
purser/gen/go/purser/domain/v1/item.pb.go:108.14,110.3 1 0
purser/gen/go/purser/domain/v1/item.pb.go:111.2,111.11 1 0
purser/gen/go/purser/domain/v1/item.pb.go:114.37,115.14 1 0
purser/gen/go/purser/domain/v1/item.pb.go:115.14,117.3 1 0
purser/gen/go/purser/domain/v1/item.pb.go:118.2,118.11 1 0
purser/gen/go/purser/domain/v1/item.pb.go:121.49,122.14 1 0
purser/gen/go/purser/domain/v1/item.pb.go:122.14,124.3 1 0
purser/gen/go/purser/domain/v1/item.pb.go:125.2,125.12 1 0
purser/gen/go/purser/domain/v1/item.pb.go:128.37,129.14 1 0
purser/gen/go/purser/domain/v1/item.pb.go:129.14,131.3 1 0
purser/gen/go/purser/domain/v1/item.pb.go:132.2,132.11 1 0
purser/gen/go/purser/domain/v1/item.pb.go:135.42,136.14 1 0
purser/gen/go/purser/domain/v1/item.pb.go:136.14,138.3 1 0
purser/gen/go/purser/domain/v1/item.pb.go:139.2,139.10 1 0
purser/gen/go/purser/domain/v1/item.pb.go:142.36,143.14 1 0
purser/gen/go/purser/domain/v1/item.pb.go:143.14,145.3 1 0
purser/gen/go/purser/domain/v1/item.pb.go:146.2,146.14 1 0
purser/gen/go/purser/domain/v1/item.pb.go:149.39,150.14 1 0
purser/gen/go/purser/domain/v1/item.pb.go:150.14,152.3 1 0
purser/gen/go/purser/domain/v1/item.pb.go:153.2,153.43 1 0
purser/gen/go/purser/domain/v1/item.pb.go:156.47,157.14 1 0
purser/gen/go/purser/domain/v1/item.pb.go:157.14,159.3 1 0
purser/gen/go/purser/domain/v1/item.pb.go:160.2,160.12 1 0
purser/gen/go/purser/domain/v1/item.pb.go:172.37,177.2 4 0
purser/gen/go/purser/domain/v1/item.pb.go:179.45,181.2 1 0
purser/gen/go/purser/domain/v1/item.pb.go:183.43,183.44 0 0
purser/gen/go/purser/domain/v1/item.pb.go:185.65,187.14 2 0
purser/gen/go/purser/domain/v1/item.pb.go:187.14,189.34 2 0
purser/gen/go/purser/domain/v1/item.pb.go:189.34,191.4 1 0
purser/gen/go/purser/domain/v1/item.pb.go:192.3,192.12 1 0
purser/gen/go/purser/domain/v1/item.pb.go:194.2,194.24 1 0
purser/gen/go/purser/domain/v1/item.pb.go:198.56,200.2 1 0
purser/gen/go/purser/domain/v1/item.pb.go:202.45,203.14 1 0
purser/gen/go/purser/domain/v1/item.pb.go:203.14,205.3 1 0
purser/gen/go/purser/domain/v1/item.pb.go:206.2,206.12 1 0
purser/gen/go/purser/domain/v1/item.pb.go:216.38,221.2 4 0
purser/gen/go/purser/domain/v1/item.pb.go:223.46,225.2 1 0
purser/gen/go/purser/domain/v1/item.pb.go:227.44,227.45 0 0
purser/gen/go/purser/domain/v1/item.pb.go:229.66,231.14 2 0
purser/gen/go/purser/domain/v1/item.pb.go:231.14,233.34 2 0
purser/gen/go/purser/domain/v1/item.pb.go:233.34,235.4 1 0
purser/gen/go/purser/domain/v1/item.pb.go:236.3,236.12 1 0
purser/gen/go/purser/domain/v1/item.pb.go:238.2,238.24 1 0
purser/gen/go/purser/domain/v1/item.pb.go:242.57,244.2 1 0
purser/gen/go/purser/domain/v1/item.pb.go:246.46,247.14 1 0
purser/gen/go/purser/domain/v1/item.pb.go:247.14,249.3 1 0
purser/gen/go/purser/domain/v1/item.pb.go:250.2,250.12 1 0
purser/gen/go/purser/domain/v1/item.pb.go:260.34,265.2 4 0
purser/gen/go/purser/domain/v1/item.pb.go:267.42,269.2 1 0
purser/gen/go/purser/domain/v1/item.pb.go:271.40,271.41 0 0
purser/gen/go/purser/domain/v1/item.pb.go:273.62,275.14 2 0
purser/gen/go/purser/domain/v1/item.pb.go:275.14,277.34 2 0
purser/gen/go/purser/domain/v1/item.pb.go:277.34,279.4 1 0
purser/gen/go/purser/domain/v1/item.pb.go:280.3,280.12 1 0
purser/gen/go/purser/domain/v1/item.pb.go:282.2,282.24 1 0
purser/gen/go/purser/domain/v1/item.pb.go:286.53,288.2 1 0
purser/gen/go/purser/domain/v1/item.pb.go:290.41,291.14 1 0
purser/gen/go/purser/domain/v1/item.pb.go:291.14,293.3 1 0
purser/gen/go/purser/domain/v1/item.pb.go:294.2,294.11 1 0
purser/gen/go/purser/domain/v1/item.pb.go:304.35,309.2 4 0
purser/gen/go/purser/domain/v1/item.pb.go:311.43,313.2 1 0
purser/gen/go/purser/domain/v1/item.pb.go:315.41,315.42 0 0
purser/gen/go/purser/domain/v1/item.pb.go:317.63,319.14 2 0
purser/gen/go/purser/domain/v1/item.pb.go:319.14,321.34 2 0
purser/gen/go/purser/domain/v1/item.pb.go:321.34,323.4 1 0
purser/gen/go/purser/domain/v1/item.pb.go:324.3,324.12 1 0
purser/gen/go/purser/domain/v1/item.pb.go:326.2,326.24 1 0
purser/gen/go/purser/domain/v1/item.pb.go:330.54,332.2 1 0
purser/gen/go/purser/domain/v1/item.pb.go:334.43,335.14 1 0
purser/gen/go/purser/domain/v1/item.pb.go:335.14,337.3 1 0
purser/gen/go/purser/domain/v1/item.pb.go:338.2,338.12 1 0
purser/gen/go/purser/domain/v1/item.pb.go:349.37,354.2 4 0
purser/gen/go/purser/domain/v1/item.pb.go:356.45,358.2 1 0
purser/gen/go/purser/domain/v1/item.pb.go:360.43,360.44 0 0
purser/gen/go/purser/domain/v1/item.pb.go:362.65,364.14 2 0
purser/gen/go/purser/domain/v1/item.pb.go:364.14,366.34 2 0
purser/gen/go/purser/domain/v1/item.pb.go:366.34,368.4 1 0
purser/gen/go/purser/domain/v1/item.pb.go:369.3,369.12 1 0
purser/gen/go/purser/domain/v1/item.pb.go:371.2,371.24 1 0
purser/gen/go/purser/domain/v1/item.pb.go:375.56,377.2 1 0
purser/gen/go/purser/domain/v1/item.pb.go:379.45,380.14 1 0
purser/gen/go/purser/domain/v1/item.pb.go:380.14,382.3 1 0
purser/gen/go/purser/domain/v1/item.pb.go:383.2,383.12 1 0
purser/gen/go/purser/domain/v1/item.pb.go:386.68,387.14 1 0
purser/gen/go/purser/domain/v1/item.pb.go:387.14,389.3 1 0
purser/gen/go/purser/domain/v1/item.pb.go:390.2,390.12 1 0
purser/gen/go/purser/domain/v1/item.pb.go:400.38,405.2 4 0
purser/gen/go/purser/domain/v1/item.pb.go:407.46,409.2 1 0
purser/gen/go/purser/domain/v1/item.pb.go:411.44,411.45 0 0
purser/gen/go/purser/domain/v1/item.pb.go:413.66,415.14 2 0
purser/gen/go/purser/domain/v1/item.pb.go:415.14,417.34 2 0
purser/gen/go/purser/domain/v1/item.pb.go:417.34,419.4 1 0
purser/gen/go/purser/domain/v1/item.pb.go:420.3,420.12 1 0
purser/gen/go/purser/domain/v1/item.pb.go:422.2,422.24 1 0
purser/gen/go/purser/domain/v1/item.pb.go:426.57,428.2 1 0
purser/gen/go/purser/domain/v1/item.pb.go:430.46,431.14 1 0
purser/gen/go/purser/domain/v1/item.pb.go:431.14,433.3 1 0
purser/gen/go/purser/domain/v1/item.pb.go:434.2,434.12 1 0
purser/gen/go/purser/domain/v1/item.pb.go:449.37,454.2 4 0
purser/gen/go/purser/domain/v1/item.pb.go:456.45,458.2 1 0
purser/gen/go/purser/domain/v1/item.pb.go:460.43,460.44 0 0
purser/gen/go/purser/domain/v1/item.pb.go:462.65,464.14 2 0
purser/gen/go/purser/domain/v1/item.pb.go:464.14,466.34 2 0
purser/gen/go/purser/domain/v1/item.pb.go:466.34,468.4 1 0
purser/gen/go/purser/domain/v1/item.pb.go:469.3,469.12 1 0
purser/gen/go/purser/domain/v1/item.pb.go:471.2,471.24 1 0
purser/gen/go/purser/domain/v1/item.pb.go:475.56,477.2 1 0
purser/gen/go/purser/domain/v1/item.pb.go:479.44,480.14 1 0
purser/gen/go/purser/domain/v1/item.pb.go:480.14,482.3 1 0
purser/gen/go/purser/domain/v1/item.pb.go:483.2,483.11 1 0
purser/gen/go/purser/domain/v1/item.pb.go:486.47,487.14 1 0
purser/gen/go/purser/domain/v1/item.pb.go:487.14,489.3 1 0
purser/gen/go/purser/domain/v1/item.pb.go:490.2,490.14 1 0
purser/gen/go/purser/domain/v1/item.pb.go:499.38,504.2 4 0
purser/gen/go/purser/domain/v1/item.pb.go:506.46,508.2 1 0
purser/gen/go/purser/domain/v1/item.pb.go:510.44,510.45 0 0
purser/gen/go/purser/domain/v1/item.pb.go:512.66,514.14 2 0
purser/gen/go/purser/domain/v1/item.pb.go:514.14,516.34 2 0
purser/gen/go/purser/domain/v1/item.pb.go:516.34,518.4 1 0
purser/gen/go/purser/domain/v1/item.pb.go:519.3,519.12 1 0
purser/gen/go/purser/domain/v1/item.pb.go:521.2,521.24 1 0
purser/gen/go/purser/domain/v1/item.pb.go:525.57,527.2 1 0
purser/gen/go/purser/domain/v1/item.pb.go:536.48,541.2 4 0
purser/gen/go/purser/domain/v1/item.pb.go:543.56,545.2 1 0
purser/gen/go/purser/domain/v1/item.pb.go:547.54,547.55 0 0
purser/gen/go/purser/domain/v1/item.pb.go:549.76,551.14 2 0
purser/gen/go/purser/domain/v1/item.pb.go:551.14,553.34 2 0
purser/gen/go/purser/domain/v1/item.pb.go:553.34,555.4 1 0
purser/gen/go/purser/domain/v1/item.pb.go:556.3,556.12 1 0
purser/gen/go/purser/domain/v1/item.pb.go:558.2,558.24 1 0
purser/gen/go/purser/domain/v1/item.pb.go:562.67,564.2 1 0
purser/gen/go/purser/domain/v1/item.pb.go:566.55,567.14 1 0
purser/gen/go/purser/domain/v1/item.pb.go:567.14,569.3 1 0
purser/gen/go/purser/domain/v1/item.pb.go:570.2,570.11 1 0
purser/gen/go/purser/domain/v1/item.pb.go:580.49,585.2 4 0
purser/gen/go/purser/domain/v1/item.pb.go:587.57,589.2 1 0
purser/gen/go/purser/domain/v1/item.pb.go:591.55,591.56 0 0
purser/gen/go/purser/domain/v1/item.pb.go:593.77,595.14 2 0
purser/gen/go/purser/domain/v1/item.pb.go:595.14,597.34 2 0
purser/gen/go/purser/domain/v1/item.pb.go:597.34,599.4 1 0
purser/gen/go/purser/domain/v1/item.pb.go:600.3,600.12 1 0
purser/gen/go/purser/domain/v1/item.pb.go:602.2,602.24 1 0
purser/gen/go/purser/domain/v1/item.pb.go:606.68,608.2 1 0
purser/gen/go/purser/domain/v1/item.pb.go:610.75,611.14 1 0
purser/gen/go/purser/domain/v1/item.pb.go:611.14,613.3 1 0
purser/gen/go/purser/domain/v1/item.pb.go:614.2,614.12 1 0
purser/gen/go/purser/domain/v1/item.pb.go:629.42,634.2 4 0
purser/gen/go/purser/domain/v1/item.pb.go:636.50,638.2 1 0
purser/gen/go/purser/domain/v1/item.pb.go:640.48,640.49 0 0
purser/gen/go/purser/domain/v1/item.pb.go:642.70,644.14 2 0
purser/gen/go/purser/domain/v1/item.pb.go:644.14,646.34 2 0
purser/gen/go/purser/domain/v1/item.pb.go:646.34,648.4 1 0
purser/gen/go/purser/domain/v1/item.pb.go:649.3,649.12 1 0
purser/gen/go/purser/domain/v1/item.pb.go:651.2,651.24 1 0
purser/gen/go/purser/domain/v1/item.pb.go:655.61,657.2 1 0
purser/gen/go/purser/domain/v1/item.pb.go:659.52,660.14 1 0
purser/gen/go/purser/domain/v1/item.pb.go:660.14,662.3 1 0
purser/gen/go/purser/domain/v1/item.pb.go:663.2,663.12 1 0
purser/gen/go/purser/domain/v1/item.pb.go:666.52,667.14 1 0
purser/gen/go/purser/domain/v1/item.pb.go:667.14,669.3 1 0
purser/gen/go/purser/domain/v1/item.pb.go:670.2,670.14 1 0
purser/gen/go/purser/domain/v1/item.pb.go:679.43,684.2 4 0
purser/gen/go/purser/domain/v1/item.pb.go:686.51,688.2 1 0
purser/gen/go/purser/domain/v1/item.pb.go:690.49,690.50 0 0
purser/gen/go/purser/domain/v1/item.pb.go:692.71,694.14 2 0
purser/gen/go/purser/domain/v1/item.pb.go:694.14,696.34 2 0
purser/gen/go/purser/domain/v1/item.pb.go:696.34,698.4 1 0
purser/gen/go/purser/domain/v1/item.pb.go:699.3,699.12 1 0
purser/gen/go/purser/domain/v1/item.pb.go:701.2,701.24 1 0
purser/gen/go/purser/domain/v1/item.pb.go:705.62,707.2 1 0
purser/gen/go/purser/domain/v1/item.pb.go:722.36,727.2 4 0
purser/gen/go/purser/domain/v1/item.pb.go:729.44,731.2 1 0
purser/gen/go/purser/domain/v1/item.pb.go:733.42,733.43 0 0
purser/gen/go/purser/domain/v1/item.pb.go:735.64,737.14 2 0
purser/gen/go/purser/domain/v1/item.pb.go:737.14,739.34 2 0
purser/gen/go/purser/domain/v1/item.pb.go:739.34,741.4 1 0
purser/gen/go/purser/domain/v1/item.pb.go:742.3,742.12 1 0
purser/gen/go/purser/domain/v1/item.pb.go:744.2,744.24 1 0
purser/gen/go/purser/domain/v1/item.pb.go:748.55,750.2 1 0
purser/gen/go/purser/domain/v1/item.pb.go:752.48,753.14 1 0
purser/gen/go/purser/domain/v1/item.pb.go:753.14,755.3 1 0
purser/gen/go/purser/domain/v1/item.pb.go:756.2,756.10 1 0
purser/gen/go/purser/domain/v1/item.pb.go:759.50,760.14 1 0
purser/gen/go/purser/domain/v1/item.pb.go:760.14,762.3 1 0
purser/gen/go/purser/domain/v1/item.pb.go:763.2,763.11 1 0
purser/gen/go/purser/domain/v1/item.pb.go:766.55,767.14 1 0
purser/gen/go/purser/domain/v1/item.pb.go:767.14,769.3 1 0
purser/gen/go/purser/domain/v1/item.pb.go:770.2,770.11 1 0
purser/gen/go/purser/domain/v1/item.pb.go:773.52,774.14 1 0
purser/gen/go/purser/domain/v1/item.pb.go:774.14,776.3 1 0
purser/gen/go/purser/domain/v1/item.pb.go:777.2,777.11 1 0
purser/gen/go/purser/domain/v1/item.pb.go:780.48,781.14 1 0
purser/gen/go/purser/domain/v1/item.pb.go:781.14,783.3 1 0
purser/gen/go/purser/domain/v1/item.pb.go:784.2,784.11 1 0
purser/gen/go/purser/domain/v1/item.pb.go:795.37,800.2 4 0
purser/gen/go/purser/domain/v1/item.pb.go:802.45,804.2 1 0
purser/gen/go/purser/domain/v1/item.pb.go:806.43,806.44 0 0
purser/gen/go/purser/domain/v1/item.pb.go:808.65,810.14 2 0
purser/gen/go/purser/domain/v1/item.pb.go:810.14,812.34 2 0
purser/gen/go/purser/domain/v1/item.pb.go:812.34,814.4 1 0
purser/gen/go/purser/domain/v1/item.pb.go:815.3,815.12 1 0
purser/gen/go/purser/domain/v1/item.pb.go:817.2,817.24 1 0
purser/gen/go/purser/domain/v1/item.pb.go:821.56,823.2 1 0
purser/gen/go/purser/domain/v1/item.pb.go:825.48,826.14 1 0
purser/gen/go/purser/domain/v1/item.pb.go:826.14,828.3 1 0
purser/gen/go/purser/domain/v1/item.pb.go:829.2,829.12 1 0
purser/gen/go/purser/domain/v1/item.pb.go:832.55,833.14 1 0
purser/gen/go/purser/domain/v1/item.pb.go:833.14,835.3 1 0
purser/gen/go/purser/domain/v1/item.pb.go:836.2,836.11 1 0
purser/gen/go/purser/domain/v1/item.pb.go:911.60,912.57 1 0
purser/gen/go/purser/domain/v1/item.pb.go:912.57,914.3 1 0
purser/gen/go/purser/domain/v1/item.pb.go:915.2,915.53 1 0
purser/gen/go/purser/domain/v1/item.pb.go:974.13,974.56 1 0
purser/gen/go/purser/domain/v1/item.pb.go:975.46,976.45 1 0
purser/gen/go/purser/domain/v1/item.pb.go:976.45,978.3 1 0
purser/gen/go/purser/domain/v1/item.pb.go:979.2,996.48 6 0
purser/gen/go/purser/domain/v1/item_person.pb.go:39.30,44.2 4 0
purser/gen/go/purser/domain/v1/item_person.pb.go:46.38,48.2 1 0
purser/gen/go/purser/domain/v1/item_person.pb.go:50.36,50.37 0 0
purser/gen/go/purser/domain/v1/item_person.pb.go:52.58,54.14 2 0
purser/gen/go/purser/domain/v1/item_person.pb.go:54.14,56.34 2 0
purser/gen/go/purser/domain/v1/item_person.pb.go:56.34,58.4 1 0
purser/gen/go/purser/domain/v1/item_person.pb.go:59.3,59.12 1 0
purser/gen/go/purser/domain/v1/item_person.pb.go:61.2,61.24 1 0
purser/gen/go/purser/domain/v1/item_person.pb.go:65.49,67.2 1 0
purser/gen/go/purser/domain/v1/item_person.pb.go:69.41,70.14 1 0
purser/gen/go/purser/domain/v1/item_person.pb.go:70.14,72.3 1 0
purser/gen/go/purser/domain/v1/item_person.pb.go:73.2,73.11 1 0
purser/gen/go/purser/domain/v1/item_person.pb.go:76.43,77.14 1 0
purser/gen/go/purser/domain/v1/item_person.pb.go:77.14,79.3 1 0
purser/gen/go/purser/domain/v1/item_person.pb.go:80.2,80.11 1 0
purser/gen/go/purser/domain/v1/item_person.pb.go:83.39,84.14 1 0
purser/gen/go/purser/domain/v1/item_person.pb.go:84.14,86.3 1 0
purser/gen/go/purser/domain/v1/item_person.pb.go:87.2,87.11 1 0
purser/gen/go/purser/domain/v1/item_person.pb.go:90.45,91.14 1 0
purser/gen/go/purser/domain/v1/item_person.pb.go:91.14,93.3 1 0
purser/gen/go/purser/domain/v1/item_person.pb.go:94.2,94.11 1 0
purser/gen/go/purser/domain/v1/item_person.pb.go:97.44,98.14 1 0
purser/gen/go/purser/domain/v1/item_person.pb.go:98.14,100.3 1 0
purser/gen/go/purser/domain/v1/item_person.pb.go:101.2,101.11 1 0
purser/gen/go/purser/domain/v1/item_person.pb.go:111.43,116.2 4 0
purser/gen/go/purser/domain/v1/item_person.pb.go:118.51,120.2 1 0
purser/gen/go/purser/domain/v1/item_person.pb.go:122.49,122.50 0 0
purser/gen/go/purser/domain/v1/item_person.pb.go:124.71,126.14 2 0
purser/gen/go/purser/domain/v1/item_person.pb.go:126.14,128.34 2 0
purser/gen/go/purser/domain/v1/item_person.pb.go:128.34,130.4 1 0
purser/gen/go/purser/domain/v1/item_person.pb.go:131.3,131.12 1 0
purser/gen/go/purser/domain/v1/item_person.pb.go:133.2,133.24 1 0
purser/gen/go/purser/domain/v1/item_person.pb.go:137.62,139.2 1 0
purser/gen/go/purser/domain/v1/item_person.pb.go:141.63,142.14 1 0
purser/gen/go/purser/domain/v1/item_person.pb.go:142.14,144.3 1 0
purser/gen/go/purser/domain/v1/item_person.pb.go:145.2,145.12 1 0
purser/gen/go/purser/domain/v1/item_person.pb.go:155.44,160.2 4 0
purser/gen/go/purser/domain/v1/item_person.pb.go:162.52,164.2 1 0
purser/gen/go/purser/domain/v1/item_person.pb.go:166.50,166.51 0 0
purser/gen/go/purser/domain/v1/item_person.pb.go:168.72,170.14 2 0
purser/gen/go/purser/domain/v1/item_person.pb.go:170.14,172.34 2 0
purser/gen/go/purser/domain/v1/item_person.pb.go:172.34,174.4 1 0
purser/gen/go/purser/domain/v1/item_person.pb.go:175.3,175.12 1 0
purser/gen/go/purser/domain/v1/item_person.pb.go:177.2,177.24 1 0
purser/gen/go/purser/domain/v1/item_person.pb.go:181.63,183.2 1 0
purser/gen/go/purser/domain/v1/item_person.pb.go:185.64,186.14 1 0
purser/gen/go/purser/domain/v1/item_person.pb.go:186.14,188.3 1 0
purser/gen/go/purser/domain/v1/item_person.pb.go:189.2,189.12 1 0
purser/gen/go/purser/domain/v1/item_person.pb.go:201.40,206.2 4 0
purser/gen/go/purser/domain/v1/item_person.pb.go:208.48,210.2 1 0
purser/gen/go/purser/domain/v1/item_person.pb.go:212.46,212.47 0 0
purser/gen/go/purser/domain/v1/item_person.pb.go:214.68,216.14 2 0
purser/gen/go/purser/domain/v1/item_person.pb.go:216.14,218.34 2 0
purser/gen/go/purser/domain/v1/item_person.pb.go:218.34,220.4 1 0
purser/gen/go/purser/domain/v1/item_person.pb.go:221.3,221.12 1 0
purser/gen/go/purser/domain/v1/item_person.pb.go:223.2,223.24 1 0
purser/gen/go/purser/domain/v1/item_person.pb.go:227.59,229.2 1 0
purser/gen/go/purser/domain/v1/item_person.pb.go:231.51,232.14 1 0
purser/gen/go/purser/domain/v1/item_person.pb.go:232.14,234.3 1 0
purser/gen/go/purser/domain/v1/item_person.pb.go:235.2,235.11 1 0
purser/gen/go/purser/domain/v1/item_person.pb.go:238.53,239.14 1 0
purser/gen/go/purser/domain/v1/item_person.pb.go:239.14,241.3 1 0
purser/gen/go/purser/domain/v1/item_person.pb.go:242.2,242.11 1 0
purser/gen/go/purser/domain/v1/item_person.pb.go:245.49,246.14 1 0
purser/gen/go/purser/domain/v1/item_person.pb.go:246.14,248.3 1 0
purser/gen/go/purser/domain/v1/item_person.pb.go:249.2,249.11 1 0
purser/gen/go/purser/domain/v1/item_person.pb.go:259.41,264.2 4 0
purser/gen/go/purser/domain/v1/item_person.pb.go:266.49,268.2 1 0
purser/gen/go/purser/domain/v1/item_person.pb.go:270.47,270.48 0 0
purser/gen/go/purser/domain/v1/item_person.pb.go:272.69,274.14 2 0
purser/gen/go/purser/domain/v1/item_person.pb.go:274.14,276.34 2 0
purser/gen/go/purser/domain/v1/item_person.pb.go:276.34,278.4 1 0
purser/gen/go/purser/domain/v1/item_person.pb.go:279.3,279.12 1 0
purser/gen/go/purser/domain/v1/item_person.pb.go:281.2,281.24 1 0
purser/gen/go/purser/domain/v1/item_person.pb.go:285.60,287.2 1 0
purser/gen/go/purser/domain/v1/item_person.pb.go:289.61,290.14 1 0
purser/gen/go/purser/domain/v1/item_person.pb.go:290.14,292.3 1 0
purser/gen/go/purser/domain/v1/item_person.pb.go:293.2,293.12 1 0
purser/gen/go/purser/domain/v1/item_person.pb.go:306.43,311.2 4 0
purser/gen/go/purser/domain/v1/item_person.pb.go:313.51,315.2 1 0
purser/gen/go/purser/domain/v1/item_person.pb.go:317.49,317.50 0 0
purser/gen/go/purser/domain/v1/item_person.pb.go:319.71,321.14 2 0
purser/gen/go/purser/domain/v1/item_person.pb.go:321.14,323.34 2 0
purser/gen/go/purser/domain/v1/item_person.pb.go:323.34,325.4 1 0
purser/gen/go/purser/domain/v1/item_person.pb.go:326.3,326.12 1 0
purser/gen/go/purser/domain/v1/item_person.pb.go:328.2,328.24 1 0
purser/gen/go/purser/domain/v1/item_person.pb.go:332.62,334.2 1 0
purser/gen/go/purser/domain/v1/item_person.pb.go:336.63,337.14 1 0
purser/gen/go/purser/domain/v1/item_person.pb.go:337.14,339.3 1 0
purser/gen/go/purser/domain/v1/item_person.pb.go:340.2,340.12 1 0
purser/gen/go/purser/domain/v1/item_person.pb.go:343.74,344.14 1 0
purser/gen/go/purser/domain/v1/item_person.pb.go:344.14,346.3 1 0
purser/gen/go/purser/domain/v1/item_person.pb.go:347.2,347.12 1 0
purser/gen/go/purser/domain/v1/item_person.pb.go:357.44,362.2 4 0
purser/gen/go/purser/domain/v1/item_person.pb.go:364.52,366.2 1 0
purser/gen/go/purser/domain/v1/item_person.pb.go:368.50,368.51 0 0
purser/gen/go/purser/domain/v1/item_person.pb.go:370.72,372.14 2 0
purser/gen/go/purser/domain/v1/item_person.pb.go:372.14,374.34 2 0
purser/gen/go/purser/domain/v1/item_person.pb.go:374.34,376.4 1 0
purser/gen/go/purser/domain/v1/item_person.pb.go:377.3,377.12 1 0
purser/gen/go/purser/domain/v1/item_person.pb.go:379.2,379.24 1 0
purser/gen/go/purser/domain/v1/item_person.pb.go:383.63,385.2 1 0
purser/gen/go/purser/domain/v1/item_person.pb.go:387.64,388.14 1 0
purser/gen/go/purser/domain/v1/item_person.pb.go:388.14,390.3 1 0
purser/gen/go/purser/domain/v1/item_person.pb.go:391.2,391.12 1 0
purser/gen/go/purser/domain/v1/item_person.pb.go:403.43,408.2 4 0
purser/gen/go/purser/domain/v1/item_person.pb.go:410.51,412.2 1 0
purser/gen/go/purser/domain/v1/item_person.pb.go:414.49,414.50 0 0
purser/gen/go/purser/domain/v1/item_person.pb.go:416.71,418.14 2 0
purser/gen/go/purser/domain/v1/item_person.pb.go:418.14,420.34 2 0
purser/gen/go/purser/domain/v1/item_person.pb.go:420.34,422.4 1 0
purser/gen/go/purser/domain/v1/item_person.pb.go:423.3,423.12 1 0
purser/gen/go/purser/domain/v1/item_person.pb.go:425.2,425.24 1 0
purser/gen/go/purser/domain/v1/item_person.pb.go:429.62,431.2 1 0
purser/gen/go/purser/domain/v1/item_person.pb.go:433.54,434.14 1 0
purser/gen/go/purser/domain/v1/item_person.pb.go:434.14,436.3 1 0
purser/gen/go/purser/domain/v1/item_person.pb.go:437.2,437.11 1 0
purser/gen/go/purser/domain/v1/item_person.pb.go:440.56,441.14 1 0
purser/gen/go/purser/domain/v1/item_person.pb.go:441.14,443.3 1 0
purser/gen/go/purser/domain/v1/item_person.pb.go:444.2,444.11 1 0
purser/gen/go/purser/domain/v1/item_person.pb.go:447.52,448.14 1 0
purser/gen/go/purser/domain/v1/item_person.pb.go:448.14,450.3 1 0
purser/gen/go/purser/domain/v1/item_person.pb.go:451.2,451.11 1 0
purser/gen/go/purser/domain/v1/item_person.pb.go:460.44,465.2 4 0
purser/gen/go/purser/domain/v1/item_person.pb.go:467.52,469.2 1 0
purser/gen/go/purser/domain/v1/item_person.pb.go:471.50,471.51 0 0
purser/gen/go/purser/domain/v1/item_person.pb.go:473.72,475.14 2 0
purser/gen/go/purser/domain/v1/item_person.pb.go:475.14,477.34 2 0
purser/gen/go/purser/domain/v1/item_person.pb.go:477.34,479.4 1 0
purser/gen/go/purser/domain/v1/item_person.pb.go:480.3,480.12 1 0
purser/gen/go/purser/domain/v1/item_person.pb.go:482.2,482.24 1 0
purser/gen/go/purser/domain/v1/item_person.pb.go:486.63,488.2 1 0
purser/gen/go/purser/domain/v1/item_person.pb.go:502.41,507.2 4 0
purser/gen/go/purser/domain/v1/item_person.pb.go:509.49,511.2 1 0
purser/gen/go/purser/domain/v1/item_person.pb.go:513.47,513.48 0 0
purser/gen/go/purser/domain/v1/item_person.pb.go:515.69,517.14 2 0
purser/gen/go/purser/domain/v1/item_person.pb.go:517.14,519.34 2 0
purser/gen/go/purser/domain/v1/item_person.pb.go:519.34,521.4 1 0
purser/gen/go/purser/domain/v1/item_person.pb.go:522.3,522.12 1 0
purser/gen/go/purser/domain/v1/item_person.pb.go:524.2,524.24 1 0
purser/gen/go/purser/domain/v1/item_person.pb.go:528.60,530.2 1 0
purser/gen/go/purser/domain/v1/item_person.pb.go:532.52,533.14 1 0
purser/gen/go/purser/domain/v1/item_person.pb.go:533.14,535.3 1 0
purser/gen/go/purser/domain/v1/item_person.pb.go:536.2,536.11 1 0
purser/gen/go/purser/domain/v1/item_person.pb.go:539.54,540.14 1 0
purser/gen/go/purser/domain/v1/item_person.pb.go:540.14,542.3 1 0
purser/gen/go/purser/domain/v1/item_person.pb.go:543.2,543.11 1 0
purser/gen/go/purser/domain/v1/item_person.pb.go:546.53,547.14 1 0
purser/gen/go/purser/domain/v1/item_person.pb.go:547.14,549.3 1 0
purser/gen/go/purser/domain/v1/item_person.pb.go:550.2,550.10 1 0
purser/gen/go/purser/domain/v1/item_person.pb.go:553.55,554.14 1 0
purser/gen/go/purser/domain/v1/item_person.pb.go:554.14,556.3 1 0
purser/gen/go/purser/domain/v1/item_person.pb.go:557.2,557.11 1 0
purser/gen/go/purser/domain/v1/item_person.pb.go:568.42,573.2 4 0
purser/gen/go/purser/domain/v1/item_person.pb.go:575.50,577.2 1 0
purser/gen/go/purser/domain/v1/item_person.pb.go:579.48,579.49 0 0
purser/gen/go/purser/domain/v1/item_person.pb.go:581.70,583.14 2 0
purser/gen/go/purser/domain/v1/item_person.pb.go:583.14,585.34 2 0
purser/gen/go/purser/domain/v1/item_person.pb.go:585.34,587.4 1 0
purser/gen/go/purser/domain/v1/item_person.pb.go:588.3,588.12 1 0
purser/gen/go/purser/domain/v1/item_person.pb.go:590.2,590.24 1 0
purser/gen/go/purser/domain/v1/item_person.pb.go:594.61,596.2 1 0
purser/gen/go/purser/domain/v1/item_person.pb.go:598.64,599.14 1 0
purser/gen/go/purser/domain/v1/item_person.pb.go:599.14,601.3 1 0
purser/gen/go/purser/domain/v1/item_person.pb.go:602.2,602.12 1 0
purser/gen/go/purser/domain/v1/item_person.pb.go:605.60,606.14 1 0
purser/gen/go/purser/domain/v1/item_person.pb.go:606.14,608.3 1 0
purser/gen/go/purser/domain/v1/item_person.pb.go:609.2,609.11 1 0
purser/gen/go/purser/domain/v1/item_person.pb.go:673.67,674.64 1 0
purser/gen/go/purser/domain/v1/item_person.pb.go:674.64,676.3 1 0
purser/gen/go/purser/domain/v1/item_person.pb.go:677.2,677.60 1 0
purser/gen/go/purser/domain/v1/item_person.pb.go:720.13,720.63 1 0
purser/gen/go/purser/domain/v1/item_person.pb.go:721.53,722.52 1 0
purser/gen/go/purser/domain/v1/item_person.pb.go:722.52,724.3 1 0
purser/gen/go/purser/domain/v1/item_person.pb.go:725.2,741.55 5 0
purser/gen/go/purser/domain/v1/library_entry.pb.go:53.32,58.2 4 0
purser/gen/go/purser/domain/v1/library_entry.pb.go:60.40,62.2 1 0
purser/gen/go/purser/domain/v1/library_entry.pb.go:64.38,64.39 0 0
purser/gen/go/purser/domain/v1/library_entry.pb.go:66.60,68.14 2 0
purser/gen/go/purser/domain/v1/library_entry.pb.go:68.14,70.34 2 0
purser/gen/go/purser/domain/v1/library_entry.pb.go:70.34,72.4 1 0
purser/gen/go/purser/domain/v1/library_entry.pb.go:73.3,73.12 1 0
purser/gen/go/purser/domain/v1/library_entry.pb.go:75.2,75.24 1 0
purser/gen/go/purser/domain/v1/library_entry.pb.go:79.51,81.2 1 0
purser/gen/go/purser/domain/v1/library_entry.pb.go:83.39,84.14 1 0
purser/gen/go/purser/domain/v1/library_entry.pb.go:84.14,86.3 1 0
purser/gen/go/purser/domain/v1/library_entry.pb.go:87.2,87.11 1 0
purser/gen/go/purser/domain/v1/library_entry.pb.go:90.48,91.14 1 0
purser/gen/go/purser/domain/v1/library_entry.pb.go:91.14,93.3 1 0
purser/gen/go/purser/domain/v1/library_entry.pb.go:94.2,94.11 1 0
purser/gen/go/purser/domain/v1/library_entry.pb.go:97.41,98.14 1 0
purser/gen/go/purser/domain/v1/library_entry.pb.go:98.14,100.3 1 0
purser/gen/go/purser/domain/v1/library_entry.pb.go:101.2,101.11 1 0
purser/gen/go/purser/domain/v1/library_entry.pb.go:104.41,105.14 1 0
purser/gen/go/purser/domain/v1/library_entry.pb.go:105.14,107.3 1 0
purser/gen/go/purser/domain/v1/library_entry.pb.go:108.2,108.11 1 0
purser/gen/go/purser/domain/v1/library_entry.pb.go:111.45,112.14 1 0
purser/gen/go/purser/domain/v1/library_entry.pb.go:112.14,114.3 1 0
purser/gen/go/purser/domain/v1/library_entry.pb.go:115.2,115.11 1 0
purser/gen/go/purser/domain/v1/library_entry.pb.go:118.45,119.14 1 0
purser/gen/go/purser/domain/v1/library_entry.pb.go:119.14,121.3 1 0
purser/gen/go/purser/domain/v1/library_entry.pb.go:122.2,122.11 1 0
purser/gen/go/purser/domain/v1/library_entry.pb.go:125.45,126.14 1 0
purser/gen/go/purser/domain/v1/library_entry.pb.go:126.14,128.3 1 0
purser/gen/go/purser/domain/v1/library_entry.pb.go:129.2,129.11 1 0
purser/gen/go/purser/domain/v1/library_entry.pb.go:132.44,133.14 1 0
purser/gen/go/purser/domain/v1/library_entry.pb.go:133.14,135.3 1 0
purser/gen/go/purser/domain/v1/library_entry.pb.go:136.2,136.14 1 0
purser/gen/go/purser/domain/v1/library_entry.pb.go:139.53,140.14 1 0
purser/gen/go/purser/domain/v1/library_entry.pb.go:140.14,142.3 1 0
purser/gen/go/purser/domain/v1/library_entry.pb.go:143.2,143.45 1 0
purser/gen/go/purser/domain/v1/library_entry.pb.go:146.43,147.14 1 0
purser/gen/go/purser/domain/v1/library_entry.pb.go:147.14,149.3 1 0
purser/gen/go/purser/domain/v1/library_entry.pb.go:150.2,150.11 1 0
purser/gen/go/purser/domain/v1/library_entry.pb.go:153.53,154.14 1 0
purser/gen/go/purser/domain/v1/library_entry.pb.go:154.14,156.3 1 0
purser/gen/go/purser/domain/v1/library_entry.pb.go:157.2,157.11 1 0
purser/gen/go/purser/domain/v1/library_entry.pb.go:160.54,161.14 1 0
purser/gen/go/purser/domain/v1/library_entry.pb.go:161.14,163.3 1 0
purser/gen/go/purser/domain/v1/library_entry.pb.go:164.2,164.11 1 0
purser/gen/go/purser/domain/v1/library_entry.pb.go:167.41,168.14 1 0
purser/gen/go/purser/domain/v1/library_entry.pb.go:168.14,170.3 1 0
purser/gen/go/purser/domain/v1/library_entry.pb.go:171.2,171.11 1 0
purser/gen/go/purser/domain/v1/library_entry.pb.go:174.55,175.14 1 0
purser/gen/go/purser/domain/v1/library_entry.pb.go:175.14,177.3 1 0
purser/gen/go/purser/domain/v1/library_entry.pb.go:178.2,178.12 1 0
purser/gen/go/purser/domain/v1/library_entry.pb.go:190.45,195.2 4 0
purser/gen/go/purser/domain/v1/library_entry.pb.go:197.53,199.2 1 0
purser/gen/go/purser/domain/v1/library_entry.pb.go:201.51,201.52 0 0
purser/gen/go/purser/domain/v1/library_entry.pb.go:203.73,205.14 2 0
purser/gen/go/purser/domain/v1/library_entry.pb.go:205.14,207.34 2 0
purser/gen/go/purser/domain/v1/library_entry.pb.go:207.34,209.4 1 0
purser/gen/go/purser/domain/v1/library_entry.pb.go:210.3,210.12 1 0
purser/gen/go/purser/domain/v1/library_entry.pb.go:212.2,212.24 1 0
purser/gen/go/purser/domain/v1/library_entry.pb.go:216.64,218.2 1 0
purser/gen/go/purser/domain/v1/library_entry.pb.go:220.69,221.14 1 0
purser/gen/go/purser/domain/v1/library_entry.pb.go:221.14,223.3 1 0
purser/gen/go/purser/domain/v1/library_entry.pb.go:224.2,224.12 1 0
purser/gen/go/purser/domain/v1/library_entry.pb.go:234.46,239.2 4 0
purser/gen/go/purser/domain/v1/library_entry.pb.go:241.54,243.2 1 0
purser/gen/go/purser/domain/v1/library_entry.pb.go:245.52,245.53 0 0
purser/gen/go/purser/domain/v1/library_entry.pb.go:247.74,249.14 2 0
purser/gen/go/purser/domain/v1/library_entry.pb.go:249.14,251.34 2 0
purser/gen/go/purser/domain/v1/library_entry.pb.go:251.34,253.4 1 0
purser/gen/go/purser/domain/v1/library_entry.pb.go:254.3,254.12 1 0
purser/gen/go/purser/domain/v1/library_entry.pb.go:256.2,256.24 1 0
purser/gen/go/purser/domain/v1/library_entry.pb.go:260.65,262.2 1 0
purser/gen/go/purser/domain/v1/library_entry.pb.go:264.70,265.14 1 0
purser/gen/go/purser/domain/v1/library_entry.pb.go:265.14,267.3 1 0
purser/gen/go/purser/domain/v1/library_entry.pb.go:268.2,268.12 1 0
purser/gen/go/purser/domain/v1/library_entry.pb.go:278.42,283.2 4 0
purser/gen/go/purser/domain/v1/library_entry.pb.go:285.50,287.2 1 0
purser/gen/go/purser/domain/v1/library_entry.pb.go:289.48,289.49 0 0
purser/gen/go/purser/domain/v1/library_entry.pb.go:291.70,293.14 2 0
purser/gen/go/purser/domain/v1/library_entry.pb.go:293.14,295.34 2 0
purser/gen/go/purser/domain/v1/library_entry.pb.go:295.34,297.4 1 0
purser/gen/go/purser/domain/v1/library_entry.pb.go:298.3,298.12 1 0
purser/gen/go/purser/domain/v1/library_entry.pb.go:300.2,300.24 1 0
purser/gen/go/purser/domain/v1/library_entry.pb.go:304.61,306.2 1 0
purser/gen/go/purser/domain/v1/library_entry.pb.go:308.49,309.14 1 0
purser/gen/go/purser/domain/v1/library_entry.pb.go:309.14,311.3 1 0
purser/gen/go/purser/domain/v1/library_entry.pb.go:312.2,312.11 1 0
purser/gen/go/purser/domain/v1/library_entry.pb.go:322.43,327.2 4 0
purser/gen/go/purser/domain/v1/library_entry.pb.go:329.51,331.2 1 0
purser/gen/go/purser/domain/v1/library_entry.pb.go:333.49,333.50 0 0
purser/gen/go/purser/domain/v1/library_entry.pb.go:335.71,337.14 2 0
purser/gen/go/purser/domain/v1/library_entry.pb.go:337.14,339.34 2 0
purser/gen/go/purser/domain/v1/library_entry.pb.go:339.34,341.4 1 0
purser/gen/go/purser/domain/v1/library_entry.pb.go:342.3,342.12 1 0
purser/gen/go/purser/domain/v1/library_entry.pb.go:344.2,344.24 1 0
purser/gen/go/purser/domain/v1/library_entry.pb.go:348.62,350.2 1 0
purser/gen/go/purser/domain/v1/library_entry.pb.go:352.67,353.14 1 0
purser/gen/go/purser/domain/v1/library_entry.pb.go:353.14,355.3 1 0
purser/gen/go/purser/domain/v1/library_entry.pb.go:356.2,356.12 1 0
purser/gen/go/purser/domain/v1/library_entry.pb.go:367.45,372.2 4 0
purser/gen/go/purser/domain/v1/library_entry.pb.go:374.53,376.2 1 0
purser/gen/go/purser/domain/v1/library_entry.pb.go:378.51,378.52 0 0
purser/gen/go/purser/domain/v1/library_entry.pb.go:380.73,382.14 2 0
purser/gen/go/purser/domain/v1/library_entry.pb.go:382.14,384.34 2 0
purser/gen/go/purser/domain/v1/library_entry.pb.go:384.34,386.4 1 0
purser/gen/go/purser/domain/v1/library_entry.pb.go:387.3,387.12 1 0
purser/gen/go/purser/domain/v1/library_entry.pb.go:389.2,389.24 1 0
purser/gen/go/purser/domain/v1/library_entry.pb.go:393.64,395.2 1 0
purser/gen/go/purser/domain/v1/library_entry.pb.go:397.69,398.14 1 0
purser/gen/go/purser/domain/v1/library_entry.pb.go:398.14,400.3 1 0
purser/gen/go/purser/domain/v1/library_entry.pb.go:401.2,401.12 1 0
purser/gen/go/purser/domain/v1/library_entry.pb.go:404.76,405.14 1 0
purser/gen/go/purser/domain/v1/library_entry.pb.go:405.14,407.3 1 0
purser/gen/go/purser/domain/v1/library_entry.pb.go:408.2,408.12 1 0
purser/gen/go/purser/domain/v1/library_entry.pb.go:418.46,423.2 4 0
purser/gen/go/purser/domain/v1/library_entry.pb.go:425.54,427.2 1 0
purser/gen/go/purser/domain/v1/library_entry.pb.go:429.52,429.53 0 0
purser/gen/go/purser/domain/v1/library_entry.pb.go:431.74,433.14 2 0
purser/gen/go/purser/domain/v1/library_entry.pb.go:433.14,435.34 2 0
purser/gen/go/purser/domain/v1/library_entry.pb.go:435.34,437.4 1 0
purser/gen/go/purser/domain/v1/library_entry.pb.go:438.3,438.12 1 0
purser/gen/go/purser/domain/v1/library_entry.pb.go:440.2,440.24 1 0
purser/gen/go/purser/domain/v1/library_entry.pb.go:444.65,446.2 1 0
purser/gen/go/purser/domain/v1/library_entry.pb.go:448.70,449.14 1 0
purser/gen/go/purser/domain/v1/library_entry.pb.go:449.14,451.3 1 0
purser/gen/go/purser/domain/v1/library_entry.pb.go:452.2,452.12 1 0
purser/gen/go/purser/domain/v1/library_entry.pb.go:471.45,476.2 4 0
purser/gen/go/purser/domain/v1/library_entry.pb.go:478.53,480.2 1 0
purser/gen/go/purser/domain/v1/library_entry.pb.go:482.51,482.52 0 0
purser/gen/go/purser/domain/v1/library_entry.pb.go:484.73,486.14 2 0
purser/gen/go/purser/domain/v1/library_entry.pb.go:486.14,488.34 2 0
purser/gen/go/purser/domain/v1/library_entry.pb.go:488.34,490.4 1 0
purser/gen/go/purser/domain/v1/library_entry.pb.go:491.3,491.12 1 0
purser/gen/go/purser/domain/v1/library_entry.pb.go:493.2,493.24 1 0
purser/gen/go/purser/domain/v1/library_entry.pb.go:497.64,499.2 1 0
purser/gen/go/purser/domain/v1/library_entry.pb.go:501.52,502.14 1 0
purser/gen/go/purser/domain/v1/library_entry.pb.go:502.14,504.3 1 0
purser/gen/go/purser/domain/v1/library_entry.pb.go:505.2,505.11 1 0
purser/gen/go/purser/domain/v1/library_entry.pb.go:508.55,509.14 1 0
purser/gen/go/purser/domain/v1/library_entry.pb.go:509.14,511.3 1 0
purser/gen/go/purser/domain/v1/library_entry.pb.go:512.2,512.14 1 0
purser/gen/go/purser/domain/v1/library_entry.pb.go:521.46,526.2 4 0
purser/gen/go/purser/domain/v1/library_entry.pb.go:528.54,530.2 1 0
purser/gen/go/purser/domain/v1/library_entry.pb.go:532.52,532.53 0 0
purser/gen/go/purser/domain/v1/library_entry.pb.go:534.74,536.14 2 0
purser/gen/go/purser/domain/v1/library_entry.pb.go:536.14,538.34 2 0
purser/gen/go/purser/domain/v1/library_entry.pb.go:538.34,540.4 1 0
purser/gen/go/purser/domain/v1/library_entry.pb.go:541.3,541.12 1 0
purser/gen/go/purser/domain/v1/library_entry.pb.go:543.2,543.24 1 0
purser/gen/go/purser/domain/v1/library_entry.pb.go:547.65,549.2 1 0
purser/gen/go/purser/domain/v1/library_entry.pb.go:558.56,563.2 4 0
purser/gen/go/purser/domain/v1/library_entry.pb.go:565.64,567.2 1 0
purser/gen/go/purser/domain/v1/library_entry.pb.go:569.62,569.63 0 0
purser/gen/go/purser/domain/v1/library_entry.pb.go:571.84,573.14 2 0
purser/gen/go/purser/domain/v1/library_entry.pb.go:573.14,575.34 2 0
purser/gen/go/purser/domain/v1/library_entry.pb.go:575.34,577.4 1 0
purser/gen/go/purser/domain/v1/library_entry.pb.go:578.3,578.12 1 0
purser/gen/go/purser/domain/v1/library_entry.pb.go:580.2,580.24 1 0
purser/gen/go/purser/domain/v1/library_entry.pb.go:584.75,586.2 1 0
purser/gen/go/purser/domain/v1/library_entry.pb.go:588.63,589.14 1 0
purser/gen/go/purser/domain/v1/library_entry.pb.go:589.14,591.3 1 0
purser/gen/go/purser/domain/v1/library_entry.pb.go:592.2,592.11 1 0
purser/gen/go/purser/domain/v1/library_entry.pb.go:602.57,607.2 4 0
purser/gen/go/purser/domain/v1/library_entry.pb.go:609.65,611.2 1 0
purser/gen/go/purser/domain/v1/library_entry.pb.go:613.63,613.64 0 0
purser/gen/go/purser/domain/v1/library_entry.pb.go:615.85,617.14 2 0
purser/gen/go/purser/domain/v1/library_entry.pb.go:617.14,619.34 2 0
purser/gen/go/purser/domain/v1/library_entry.pb.go:619.34,621.4 1 0
purser/gen/go/purser/domain/v1/library_entry.pb.go:622.3,622.12 1 0
purser/gen/go/purser/domain/v1/library_entry.pb.go:624.2,624.24 1 0
purser/gen/go/purser/domain/v1/library_entry.pb.go:628.76,630.2 1 0
purser/gen/go/purser/domain/v1/library_entry.pb.go:632.83,633.14 1 0
purser/gen/go/purser/domain/v1/library_entry.pb.go:633.14,635.3 1 0
purser/gen/go/purser/domain/v1/library_entry.pb.go:636.2,636.12 1 0
purser/gen/go/purser/domain/v1/library_entry.pb.go:651.45,656.2 4 0
purser/gen/go/purser/domain/v1/library_entry.pb.go:658.53,660.2 1 0
purser/gen/go/purser/domain/v1/library_entry.pb.go:662.51,662.52 0 0
purser/gen/go/purser/domain/v1/library_entry.pb.go:664.73,666.14 2 0
purser/gen/go/purser/domain/v1/library_entry.pb.go:666.14,668.34 2 0
purser/gen/go/purser/domain/v1/library_entry.pb.go:668.34,670.4 1 0
purser/gen/go/purser/domain/v1/library_entry.pb.go:671.3,671.12 1 0
purser/gen/go/purser/domain/v1/library_entry.pb.go:673.2,673.24 1 0
purser/gen/go/purser/domain/v1/library_entry.pb.go:677.64,679.2 1 0
purser/gen/go/purser/domain/v1/library_entry.pb.go:681.57,682.14 1 0
purser/gen/go/purser/domain/v1/library_entry.pb.go:682.14,684.3 1 0
purser/gen/go/purser/domain/v1/library_entry.pb.go:685.2,685.10 1 0
purser/gen/go/purser/domain/v1/library_entry.pb.go:688.59,689.14 1 0
purser/gen/go/purser/domain/v1/library_entry.pb.go:689.14,691.3 1 0
purser/gen/go/purser/domain/v1/library_entry.pb.go:692.2,692.11 1 0
purser/gen/go/purser/domain/v1/library_entry.pb.go:695.54,696.14 1 0
purser/gen/go/purser/domain/v1/library_entry.pb.go:696.14,698.3 1 0
purser/gen/go/purser/domain/v1/library_entry.pb.go:699.2,699.11 1 0
purser/gen/go/purser/domain/v1/library_entry.pb.go:702.58,703.14 1 0
purser/gen/go/purser/domain/v1/library_entry.pb.go:703.14,705.3 1 0
purser/gen/go/purser/domain/v1/library_entry.pb.go:706.2,706.11 1 0
purser/gen/go/purser/domain/v1/library_entry.pb.go:717.46,722.2 4 0
purser/gen/go/purser/domain/v1/library_entry.pb.go:724.54,726.2 1 0
purser/gen/go/purser/domain/v1/library_entry.pb.go:728.52,728.53 0 0
purser/gen/go/purser/domain/v1/library_entry.pb.go:730.74,732.14 2 0
purser/gen/go/purser/domain/v1/library_entry.pb.go:732.14,734.34 2 0
purser/gen/go/purser/domain/v1/library_entry.pb.go:734.34,736.4 1 0
purser/gen/go/purser/domain/v1/library_entry.pb.go:737.3,737.12 1 0
purser/gen/go/purser/domain/v1/library_entry.pb.go:739.2,739.24 1 0
purser/gen/go/purser/domain/v1/library_entry.pb.go:743.65,745.2 1 0
purser/gen/go/purser/domain/v1/library_entry.pb.go:747.74,748.14 1 0
purser/gen/go/purser/domain/v1/library_entry.pb.go:748.14,750.3 1 0
purser/gen/go/purser/domain/v1/library_entry.pb.go:751.2,751.12 1 0
purser/gen/go/purser/domain/v1/library_entry.pb.go:754.64,755.14 1 0
purser/gen/go/purser/domain/v1/library_entry.pb.go:755.14,757.3 1 0
purser/gen/go/purser/domain/v1/library_entry.pb.go:758.2,758.11 1 0
purser/gen/go/purser/domain/v1/library_entry.pb.go:826.69,827.66 1 0
purser/gen/go/purser/domain/v1/library_entry.pb.go:827.66,829.3 1 0
purser/gen/go/purser/domain/v1/library_entry.pb.go:830.2,830.62 1 0
purser/gen/go/purser/domain/v1/library_entry.pb.go:883.13,883.65 1 0
purser/gen/go/purser/domain/v1/library_entry.pb.go:884.55,885.54 1 0
purser/gen/go/purser/domain/v1/library_entry.pb.go:885.54,887.3 1 0
purser/gen/go/purser/domain/v1/library_entry.pb.go:888.2,905.57 6 0
purser/gen/go/purser/domain/v1/media_file.pb.go:47.29,52.2 4 0
purser/gen/go/purser/domain/v1/media_file.pb.go:54.37,56.2 1 0
purser/gen/go/purser/domain/v1/media_file.pb.go:58.35,58.36 0 0
purser/gen/go/purser/domain/v1/media_file.pb.go:60.57,62.14 2 0
purser/gen/go/purser/domain/v1/media_file.pb.go:62.14,64.34 2 0
purser/gen/go/purser/domain/v1/media_file.pb.go:64.34,66.4 1 0
purser/gen/go/purser/domain/v1/media_file.pb.go:67.3,67.12 1 0
purser/gen/go/purser/domain/v1/media_file.pb.go:69.2,69.24 1 0
purser/gen/go/purser/domain/v1/media_file.pb.go:73.48,75.2 1 0
purser/gen/go/purser/domain/v1/media_file.pb.go:77.36,78.14 1 0
purser/gen/go/purser/domain/v1/media_file.pb.go:78.14,80.3 1 0
purser/gen/go/purser/domain/v1/media_file.pb.go:81.2,81.11 1 0
purser/gen/go/purser/domain/v1/media_file.pb.go:84.40,85.14 1 0
purser/gen/go/purser/domain/v1/media_file.pb.go:85.14,87.3 1 0
purser/gen/go/purser/domain/v1/media_file.pb.go:88.2,88.11 1 0
purser/gen/go/purser/domain/v1/media_file.pb.go:91.38,92.14 1 0
purser/gen/go/purser/domain/v1/media_file.pb.go:92.14,94.3 1 0
purser/gen/go/purser/domain/v1/media_file.pb.go:95.2,95.11 1 0
purser/gen/go/purser/domain/v1/media_file.pb.go:98.37,99.14 1 0
purser/gen/go/purser/domain/v1/media_file.pb.go:99.14,101.3 1 0
purser/gen/go/purser/domain/v1/media_file.pb.go:102.2,102.10 1 0
purser/gen/go/purser/domain/v1/media_file.pb.go:105.40,106.14 1 0
purser/gen/go/purser/domain/v1/media_file.pb.go:106.14,108.3 1 0
purser/gen/go/purser/domain/v1/media_file.pb.go:109.2,109.11 1 0
purser/gen/go/purser/domain/v1/media_file.pb.go:112.37,113.14 1 0
purser/gen/go/purser/domain/v1/media_file.pb.go:113.14,115.3 1 0
purser/gen/go/purser/domain/v1/media_file.pb.go:116.2,116.11 1 0
purser/gen/go/purser/domain/v1/media_file.pb.go:119.38,120.14 1 0
purser/gen/go/purser/domain/v1/media_file.pb.go:120.14,122.3 1 0
purser/gen/go/purser/domain/v1/media_file.pb.go:123.2,123.11 1 0
purser/gen/go/purser/domain/v1/media_file.pb.go:126.41,127.14 1 0
purser/gen/go/purser/domain/v1/media_file.pb.go:127.14,129.3 1 0
purser/gen/go/purser/domain/v1/media_file.pb.go:130.2,130.11 1 0
purser/gen/go/purser/domain/v1/media_file.pb.go:133.44,134.14 1 0
purser/gen/go/purser/domain/v1/media_file.pb.go:134.14,136.3 1 0
purser/gen/go/purser/domain/v1/media_file.pb.go:137.2,137.11 1 0
purser/gen/go/purser/domain/v1/media_file.pb.go:140.39,141.14 1 0
purser/gen/go/purser/domain/v1/media_file.pb.go:141.14,143.3 1 0
purser/gen/go/purser/domain/v1/media_file.pb.go:144.2,144.11 1 0
purser/gen/go/purser/domain/v1/media_file.pb.go:147.43,148.14 1 0
purser/gen/go/purser/domain/v1/media_file.pb.go:148.14,150.3 1 0
purser/gen/go/purser/domain/v1/media_file.pb.go:151.2,151.11 1 0
purser/gen/go/purser/domain/v1/media_file.pb.go:154.53,155.14 1 0
purser/gen/go/purser/domain/v1/media_file.pb.go:155.14,157.3 1 0
purser/gen/go/purser/domain/v1/media_file.pb.go:158.2,158.12 1 0
purser/gen/go/purser/domain/v1/media_file.pb.go:170.42,175.2 4 0
purser/gen/go/purser/domain/v1/media_file.pb.go:177.50,179.2 1 0
purser/gen/go/purser/domain/v1/media_file.pb.go:181.48,181.49 0 0
purser/gen/go/purser/domain/v1/media_file.pb.go:183.70,185.14 2 0
purser/gen/go/purser/domain/v1/media_file.pb.go:185.14,187.34 2 0
purser/gen/go/purser/domain/v1/media_file.pb.go:187.34,189.4 1 0
purser/gen/go/purser/domain/v1/media_file.pb.go:190.3,190.12 1 0
purser/gen/go/purser/domain/v1/media_file.pb.go:192.2,192.24 1 0
purser/gen/go/purser/domain/v1/media_file.pb.go:196.61,198.2 1 0
purser/gen/go/purser/domain/v1/media_file.pb.go:200.60,201.14 1 0
purser/gen/go/purser/domain/v1/media_file.pb.go:201.14,203.3 1 0
purser/gen/go/purser/domain/v1/media_file.pb.go:204.2,204.12 1 0
purser/gen/go/purser/domain/v1/media_file.pb.go:214.43,219.2 4 0
purser/gen/go/purser/domain/v1/media_file.pb.go:221.51,223.2 1 0
purser/gen/go/purser/domain/v1/media_file.pb.go:225.49,225.50 0 0
purser/gen/go/purser/domain/v1/media_file.pb.go:227.71,229.14 2 0
purser/gen/go/purser/domain/v1/media_file.pb.go:229.14,231.34 2 0
purser/gen/go/purser/domain/v1/media_file.pb.go:231.34,233.4 1 0
purser/gen/go/purser/domain/v1/media_file.pb.go:234.3,234.12 1 0
purser/gen/go/purser/domain/v1/media_file.pb.go:236.2,236.24 1 0
purser/gen/go/purser/domain/v1/media_file.pb.go:240.62,242.2 1 0
purser/gen/go/purser/domain/v1/media_file.pb.go:244.61,245.14 1 0
purser/gen/go/purser/domain/v1/media_file.pb.go:245.14,247.3 1 0
purser/gen/go/purser/domain/v1/media_file.pb.go:248.2,248.12 1 0
purser/gen/go/purser/domain/v1/media_file.pb.go:258.39,263.2 4 0
purser/gen/go/purser/domain/v1/media_file.pb.go:265.47,267.2 1 0
purser/gen/go/purser/domain/v1/media_file.pb.go:269.45,269.46 0 0
purser/gen/go/purser/domain/v1/media_file.pb.go:271.67,273.14 2 0
purser/gen/go/purser/domain/v1/media_file.pb.go:273.14,275.34 2 0
purser/gen/go/purser/domain/v1/media_file.pb.go:275.34,277.4 1 0
purser/gen/go/purser/domain/v1/media_file.pb.go:278.3,278.12 1 0
purser/gen/go/purser/domain/v1/media_file.pb.go:280.2,280.24 1 0
purser/gen/go/purser/domain/v1/media_file.pb.go:284.58,286.2 1 0
purser/gen/go/purser/domain/v1/media_file.pb.go:288.46,289.14 1 0
purser/gen/go/purser/domain/v1/media_file.pb.go:289.14,291.3 1 0
purser/gen/go/purser/domain/v1/media_file.pb.go:292.2,292.11 1 0
purser/gen/go/purser/domain/v1/media_file.pb.go:302.40,307.2 4 0
purser/gen/go/purser/domain/v1/media_file.pb.go:309.48,311.2 1 0
purser/gen/go/purser/domain/v1/media_file.pb.go:313.46,313.47 0 0
purser/gen/go/purser/domain/v1/media_file.pb.go:315.68,317.14 2 0
purser/gen/go/purser/domain/v1/media_file.pb.go:317.14,319.34 2 0
purser/gen/go/purser/domain/v1/media_file.pb.go:319.34,321.4 1 0
purser/gen/go/purser/domain/v1/media_file.pb.go:322.3,322.12 1 0
purser/gen/go/purser/domain/v1/media_file.pb.go:324.2,324.24 1 0
purser/gen/go/purser/domain/v1/media_file.pb.go:328.59,330.2 1 0
purser/gen/go/purser/domain/v1/media_file.pb.go:332.58,333.14 1 0
purser/gen/go/purser/domain/v1/media_file.pb.go:333.14,335.3 1 0
purser/gen/go/purser/domain/v1/media_file.pb.go:336.2,336.12 1 0
purser/gen/go/purser/domain/v1/media_file.pb.go:347.42,352.2 4 0
purser/gen/go/purser/domain/v1/media_file.pb.go:354.50,356.2 1 0
purser/gen/go/purser/domain/v1/media_file.pb.go:358.48,358.49 0 0
purser/gen/go/purser/domain/v1/media_file.pb.go:360.70,362.14 2 0
purser/gen/go/purser/domain/v1/media_file.pb.go:362.14,364.34 2 0
purser/gen/go/purser/domain/v1/media_file.pb.go:364.34,366.4 1 0
purser/gen/go/purser/domain/v1/media_file.pb.go:367.3,367.12 1 0
purser/gen/go/purser/domain/v1/media_file.pb.go:369.2,369.24 1 0
purser/gen/go/purser/domain/v1/media_file.pb.go:373.61,375.2 1 0
purser/gen/go/purser/domain/v1/media_file.pb.go:377.60,378.14 1 0
purser/gen/go/purser/domain/v1/media_file.pb.go:378.14,380.3 1 0
purser/gen/go/purser/domain/v1/media_file.pb.go:381.2,381.12 1 0
purser/gen/go/purser/domain/v1/media_file.pb.go:384.73,385.14 1 0
purser/gen/go/purser/domain/v1/media_file.pb.go:385.14,387.3 1 0
purser/gen/go/purser/domain/v1/media_file.pb.go:388.2,388.12 1 0
purser/gen/go/purser/domain/v1/media_file.pb.go:398.43,403.2 4 0
purser/gen/go/purser/domain/v1/media_file.pb.go:405.51,407.2 1 0
purser/gen/go/purser/domain/v1/media_file.pb.go:409.49,409.50 0 0
purser/gen/go/purser/domain/v1/media_file.pb.go:411.71,413.14 2 0
purser/gen/go/purser/domain/v1/media_file.pb.go:413.14,415.34 2 0
purser/gen/go/purser/domain/v1/media_file.pb.go:415.34,417.4 1 0
purser/gen/go/purser/domain/v1/media_file.pb.go:418.3,418.12 1 0
purser/gen/go/purser/domain/v1/media_file.pb.go:420.2,420.24 1 0
purser/gen/go/purser/domain/v1/media_file.pb.go:424.62,426.2 1 0
purser/gen/go/purser/domain/v1/media_file.pb.go:428.61,429.14 1 0
purser/gen/go/purser/domain/v1/media_file.pb.go:429.14,431.3 1 0
purser/gen/go/purser/domain/v1/media_file.pb.go:432.2,432.12 1 0
purser/gen/go/purser/domain/v1/media_file.pb.go:442.42,447.2 4 0
purser/gen/go/purser/domain/v1/media_file.pb.go:449.50,451.2 1 0
purser/gen/go/purser/domain/v1/media_file.pb.go:453.48,453.49 0 0
purser/gen/go/purser/domain/v1/media_file.pb.go:455.70,457.14 2 0
purser/gen/go/purser/domain/v1/media_file.pb.go:457.14,459.34 2 0
purser/gen/go/purser/domain/v1/media_file.pb.go:459.34,461.4 1 0
purser/gen/go/purser/domain/v1/media_file.pb.go:462.3,462.12 1 0
purser/gen/go/purser/domain/v1/media_file.pb.go:464.2,464.24 1 0
purser/gen/go/purser/domain/v1/media_file.pb.go:468.61,470.2 1 0
purser/gen/go/purser/domain/v1/media_file.pb.go:472.49,473.14 1 0
purser/gen/go/purser/domain/v1/media_file.pb.go:473.14,475.3 1 0
purser/gen/go/purser/domain/v1/media_file.pb.go:476.2,476.11 1 0
purser/gen/go/purser/domain/v1/media_file.pb.go:485.43,490.2 4 0
purser/gen/go/purser/domain/v1/media_file.pb.go:492.51,494.2 1 0
purser/gen/go/purser/domain/v1/media_file.pb.go:496.49,496.50 0 0
purser/gen/go/purser/domain/v1/media_file.pb.go:498.71,500.14 2 0
purser/gen/go/purser/domain/v1/media_file.pb.go:500.14,502.34 2 0
purser/gen/go/purser/domain/v1/media_file.pb.go:502.34,504.4 1 0
purser/gen/go/purser/domain/v1/media_file.pb.go:505.3,505.12 1 0
purser/gen/go/purser/domain/v1/media_file.pb.go:507.2,507.24 1 0
purser/gen/go/purser/domain/v1/media_file.pb.go:511.62,513.2 1 0
purser/gen/go/purser/domain/v1/media_file.pb.go:525.41,530.2 4 0
purser/gen/go/purser/domain/v1/media_file.pb.go:532.49,534.2 1 0
purser/gen/go/purser/domain/v1/media_file.pb.go:536.47,536.48 0 0
purser/gen/go/purser/domain/v1/media_file.pb.go:538.69,540.14 2 0
purser/gen/go/purser/domain/v1/media_file.pb.go:540.14,542.34 2 0
purser/gen/go/purser/domain/v1/media_file.pb.go:542.34,544.4 1 0
purser/gen/go/purser/domain/v1/media_file.pb.go:545.3,545.12 1 0
purser/gen/go/purser/domain/v1/media_file.pb.go:547.2,547.24 1 0
purser/gen/go/purser/domain/v1/media_file.pb.go:551.60,553.2 1 0
purser/gen/go/purser/domain/v1/media_file.pb.go:555.53,556.14 1 0
purser/gen/go/purser/domain/v1/media_file.pb.go:556.14,558.3 1 0
purser/gen/go/purser/domain/v1/media_file.pb.go:559.2,559.10 1 0
purser/gen/go/purser/domain/v1/media_file.pb.go:562.55,563.14 1 0
purser/gen/go/purser/domain/v1/media_file.pb.go:563.14,565.3 1 0
purser/gen/go/purser/domain/v1/media_file.pb.go:566.2,566.11 1 0
purser/gen/go/purser/domain/v1/media_file.pb.go:569.52,570.14 1 0
purser/gen/go/purser/domain/v1/media_file.pb.go:570.14,572.3 1 0
purser/gen/go/purser/domain/v1/media_file.pb.go:573.2,573.11 1 0
purser/gen/go/purser/domain/v1/media_file.pb.go:584.42,589.2 4 0
purser/gen/go/purser/domain/v1/media_file.pb.go:591.50,593.2 1 0
purser/gen/go/purser/domain/v1/media_file.pb.go:595.48,595.49 0 0
purser/gen/go/purser/domain/v1/media_file.pb.go:597.70,599.14 2 0
purser/gen/go/purser/domain/v1/media_file.pb.go:599.14,601.34 2 0
purser/gen/go/purser/domain/v1/media_file.pb.go:601.34,603.4 1 0
purser/gen/go/purser/domain/v1/media_file.pb.go:604.3,604.12 1 0
purser/gen/go/purser/domain/v1/media_file.pb.go:606.2,606.24 1 0
purser/gen/go/purser/domain/v1/media_file.pb.go:610.61,612.2 1 0
purser/gen/go/purser/domain/v1/media_file.pb.go:614.63,615.14 1 0
purser/gen/go/purser/domain/v1/media_file.pb.go:615.14,617.3 1 0
purser/gen/go/purser/domain/v1/media_file.pb.go:618.2,618.12 1 0
purser/gen/go/purser/domain/v1/media_file.pb.go:621.60,622.14 1 0
purser/gen/go/purser/domain/v1/media_file.pb.go:622.14,624.3 1 0
purser/gen/go/purser/domain/v1/media_file.pb.go:625.2,625.11 1 0
purser/gen/go/purser/domain/v1/media_file.pb.go:695.66,696.63 1 0
purser/gen/go/purser/domain/v1/media_file.pb.go:696.63,698.3 1 0
purser/gen/go/purser/domain/v1/media_file.pb.go:699.2,699.59 1 0
purser/gen/go/purser/domain/v1/media_file.pb.go:744.13,744.62 1 0
purser/gen/go/purser/domain/v1/media_file.pb.go:745.52,746.51 1 0
purser/gen/go/purser/domain/v1/media_file.pb.go:746.51,748.3 1 0
purser/gen/go/purser/domain/v1/media_file.pb.go:749.2,765.54 5 0
purser/gen/go/purser/domain/v1/person.pb.go:67.32,71.2 3 0
purser/gen/go/purser/domain/v1/person.pb.go:73.33,75.2 1 0
purser/gen/go/purser/domain/v1/person.pb.go:77.56,79.2 1 0
purser/gen/go/purser/domain/v1/person.pb.go:81.44,83.2 1 0
purser/gen/go/purser/domain/v1/person.pb.go:85.50,87.2 1 0
purser/gen/go/purser/domain/v1/person.pb.go:90.48,92.2 1 0
purser/gen/go/purser/domain/v1/person.pb.go:116.26,121.2 4 0
purser/gen/go/purser/domain/v1/person.pb.go:123.34,125.2 1 0
purser/gen/go/purser/domain/v1/person.pb.go:127.32,127.33 0 0
purser/gen/go/purser/domain/v1/person.pb.go:129.54,131.14 2 0
purser/gen/go/purser/domain/v1/person.pb.go:131.14,133.34 2 0
purser/gen/go/purser/domain/v1/person.pb.go:133.34,135.4 1 0
purser/gen/go/purser/domain/v1/person.pb.go:136.3,136.12 1 0
purser/gen/go/purser/domain/v1/person.pb.go:138.2,138.24 1 0
purser/gen/go/purser/domain/v1/person.pb.go:142.45,144.2 1 0
purser/gen/go/purser/domain/v1/person.pb.go:146.33,147.14 1 0
purser/gen/go/purser/domain/v1/person.pb.go:147.14,149.3 1 0
purser/gen/go/purser/domain/v1/person.pb.go:150.2,150.11 1 0
purser/gen/go/purser/domain/v1/person.pb.go:153.35,154.14 1 0
purser/gen/go/purser/domain/v1/person.pb.go:154.14,156.3 1 0
purser/gen/go/purser/domain/v1/person.pb.go:157.2,157.11 1 0
purser/gen/go/purser/domain/v1/person.pb.go:160.39,161.14 1 0
purser/gen/go/purser/domain/v1/person.pb.go:161.14,163.3 1 0
purser/gen/go/purser/domain/v1/person.pb.go:164.2,164.11 1 0
purser/gen/go/purser/domain/v1/person.pb.go:167.40,168.14 1 0
purser/gen/go/purser/domain/v1/person.pb.go:168.14,170.3 1 0
purser/gen/go/purser/domain/v1/person.pb.go:171.2,171.12 1 0
purser/gen/go/purser/domain/v1/person.pb.go:174.37,175.14 1 0
purser/gen/go/purser/domain/v1/person.pb.go:175.14,177.3 1 0
purser/gen/go/purser/domain/v1/person.pb.go:178.2,178.34 1 0
purser/gen/go/purser/domain/v1/person.pb.go:181.39,182.14 1 0
purser/gen/go/purser/domain/v1/person.pb.go:182.14,184.3 1 0
purser/gen/go/purser/domain/v1/person.pb.go:185.2,185.11 1 0
purser/gen/go/purser/domain/v1/person.pb.go:188.56,189.14 1 0
purser/gen/go/purser/domain/v1/person.pb.go:189.14,191.3 1 0
purser/gen/go/purser/domain/v1/person.pb.go:192.2,192.12 1 0
purser/gen/go/purser/domain/v1/person.pb.go:195.56,196.14 1 0
purser/gen/go/purser/domain/v1/person.pb.go:196.14,198.3 1 0
purser/gen/go/purser/domain/v1/person.pb.go:199.2,199.12 1 0
purser/gen/go/purser/domain/v1/person.pb.go:202.42,203.14 1 0
purser/gen/go/purser/domain/v1/person.pb.go:203.14,205.3 1 0
purser/gen/go/purser/domain/v1/person.pb.go:206.2,206.11 1 0
purser/gen/go/purser/domain/v1/person.pb.go:209.39,210.14 1 0
purser/gen/go/purser/domain/v1/person.pb.go:210.14,212.3 1 0
purser/gen/go/purser/domain/v1/person.pb.go:213.2,213.11 1 0
purser/gen/go/purser/domain/v1/person.pb.go:216.38,217.14 1 0
purser/gen/go/purser/domain/v1/person.pb.go:217.14,219.3 1 0
purser/gen/go/purser/domain/v1/person.pb.go:220.2,220.14 1 0
purser/gen/go/purser/domain/v1/person.pb.go:223.47,224.14 1 0
purser/gen/go/purser/domain/v1/person.pb.go:224.14,226.3 1 0
purser/gen/go/purser/domain/v1/person.pb.go:227.2,227.45 1 0
purser/gen/go/purser/domain/v1/person.pb.go:230.54,231.14 1 0
purser/gen/go/purser/domain/v1/person.pb.go:231.14,233.3 1 0
purser/gen/go/purser/domain/v1/person.pb.go:234.2,234.12 1 0
purser/gen/go/purser/domain/v1/person.pb.go:237.56,238.14 1 0
purser/gen/go/purser/domain/v1/person.pb.go:238.14,240.3 1 0
purser/gen/go/purser/domain/v1/person.pb.go:241.2,241.12 1 0
purser/gen/go/purser/domain/v1/person.pb.go:255.39,260.2 4 0
purser/gen/go/purser/domain/v1/person.pb.go:262.47,264.2 1 0
purser/gen/go/purser/domain/v1/person.pb.go:266.45,266.46 0 0
purser/gen/go/purser/domain/v1/person.pb.go:268.67,270.14 2 0
purser/gen/go/purser/domain/v1/person.pb.go:270.14,272.34 2 0
purser/gen/go/purser/domain/v1/person.pb.go:272.34,274.4 1 0
purser/gen/go/purser/domain/v1/person.pb.go:275.3,275.12 1 0
purser/gen/go/purser/domain/v1/person.pb.go:277.2,277.24 1 0
purser/gen/go/purser/domain/v1/person.pb.go:281.58,283.2 1 0
purser/gen/go/purser/domain/v1/person.pb.go:285.51,286.14 1 0
purser/gen/go/purser/domain/v1/person.pb.go:286.14,288.3 1 0
purser/gen/go/purser/domain/v1/person.pb.go:289.2,289.12 1 0
purser/gen/go/purser/domain/v1/person.pb.go:299.40,304.2 4 0
purser/gen/go/purser/domain/v1/person.pb.go:306.48,308.2 1 0
purser/gen/go/purser/domain/v1/person.pb.go:310.46,310.47 0 0
purser/gen/go/purser/domain/v1/person.pb.go:312.68,314.14 2 0
purser/gen/go/purser/domain/v1/person.pb.go:314.14,316.34 2 0
purser/gen/go/purser/domain/v1/person.pb.go:316.34,318.4 1 0
purser/gen/go/purser/domain/v1/person.pb.go:319.3,319.12 1 0
purser/gen/go/purser/domain/v1/person.pb.go:321.2,321.24 1 0
purser/gen/go/purser/domain/v1/person.pb.go:325.59,327.2 1 0
purser/gen/go/purser/domain/v1/person.pb.go:329.52,330.14 1 0
purser/gen/go/purser/domain/v1/person.pb.go:330.14,332.3 1 0
purser/gen/go/purser/domain/v1/person.pb.go:333.2,333.12 1 0
purser/gen/go/purser/domain/v1/person.pb.go:343.36,348.2 4 0
purser/gen/go/purser/domain/v1/person.pb.go:350.44,352.2 1 0
purser/gen/go/purser/domain/v1/person.pb.go:354.42,354.43 0 0
purser/gen/go/purser/domain/v1/person.pb.go:356.64,358.14 2 0
purser/gen/go/purser/domain/v1/person.pb.go:358.14,360.34 2 0
purser/gen/go/purser/domain/v1/person.pb.go:360.34,362.4 1 0
purser/gen/go/purser/domain/v1/person.pb.go:363.3,363.12 1 0
purser/gen/go/purser/domain/v1/person.pb.go:365.2,365.24 1 0
purser/gen/go/purser/domain/v1/person.pb.go:369.55,371.2 1 0
purser/gen/go/purser/domain/v1/person.pb.go:373.43,374.14 1 0
purser/gen/go/purser/domain/v1/person.pb.go:374.14,376.3 1 0
purser/gen/go/purser/domain/v1/person.pb.go:377.2,377.11 1 0
purser/gen/go/purser/domain/v1/person.pb.go:387.37,392.2 4 0
purser/gen/go/purser/domain/v1/person.pb.go:394.45,396.2 1 0
purser/gen/go/purser/domain/v1/person.pb.go:398.43,398.44 0 0
purser/gen/go/purser/domain/v1/person.pb.go:400.65,402.14 2 0
purser/gen/go/purser/domain/v1/person.pb.go:402.14,404.34 2 0
purser/gen/go/purser/domain/v1/person.pb.go:404.34,406.4 1 0
purser/gen/go/purser/domain/v1/person.pb.go:407.3,407.12 1 0
purser/gen/go/purser/domain/v1/person.pb.go:409.2,409.24 1 0
purser/gen/go/purser/domain/v1/person.pb.go:413.56,415.2 1 0
purser/gen/go/purser/domain/v1/person.pb.go:417.49,418.14 1 0
purser/gen/go/purser/domain/v1/person.pb.go:418.14,420.3 1 0
purser/gen/go/purser/domain/v1/person.pb.go:421.2,421.12 1 0
purser/gen/go/purser/domain/v1/person.pb.go:433.39,438.2 4 0
purser/gen/go/purser/domain/v1/person.pb.go:440.47,442.2 1 0
purser/gen/go/purser/domain/v1/person.pb.go:444.45,444.46 0 0
purser/gen/go/purser/domain/v1/person.pb.go:446.67,448.14 2 0
purser/gen/go/purser/domain/v1/person.pb.go:448.14,450.34 2 0
purser/gen/go/purser/domain/v1/person.pb.go:450.34,452.4 1 0
purser/gen/go/purser/domain/v1/person.pb.go:453.3,453.12 1 0
purser/gen/go/purser/domain/v1/person.pb.go:455.2,455.24 1 0
purser/gen/go/purser/domain/v1/person.pb.go:459.58,461.2 1 0
purser/gen/go/purser/domain/v1/person.pb.go:463.51,464.14 1 0
purser/gen/go/purser/domain/v1/person.pb.go:464.14,466.3 1 0
purser/gen/go/purser/domain/v1/person.pb.go:467.2,467.12 1 0
purser/gen/go/purser/domain/v1/person.pb.go:470.70,471.14 1 0
purser/gen/go/purser/domain/v1/person.pb.go:471.14,473.3 1 0
purser/gen/go/purser/domain/v1/person.pb.go:474.2,474.12 1 0
purser/gen/go/purser/domain/v1/person.pb.go:484.40,489.2 4 0
purser/gen/go/purser/domain/v1/person.pb.go:491.48,493.2 1 0
purser/gen/go/purser/domain/v1/person.pb.go:495.46,495.47 0 0
purser/gen/go/purser/domain/v1/person.pb.go:497.68,499.14 2 0
purser/gen/go/purser/domain/v1/person.pb.go:499.14,501.34 2 0
purser/gen/go/purser/domain/v1/person.pb.go:501.34,503.4 1 0
purser/gen/go/purser/domain/v1/person.pb.go:504.3,504.12 1 0
purser/gen/go/purser/domain/v1/person.pb.go:506.2,506.24 1 0
purser/gen/go/purser/domain/v1/person.pb.go:510.59,512.2 1 0
purser/gen/go/purser/domain/v1/person.pb.go:514.52,515.14 1 0
purser/gen/go/purser/domain/v1/person.pb.go:515.14,517.3 1 0
purser/gen/go/purser/domain/v1/person.pb.go:518.2,518.12 1 0
purser/gen/go/purser/domain/v1/person.pb.go:533.39,538.2 4 0
purser/gen/go/purser/domain/v1/person.pb.go:540.47,542.2 1 0
purser/gen/go/purser/domain/v1/person.pb.go:544.45,544.46 0 0
purser/gen/go/purser/domain/v1/person.pb.go:546.67,548.14 2 0
purser/gen/go/purser/domain/v1/person.pb.go:548.14,550.34 2 0
purser/gen/go/purser/domain/v1/person.pb.go:550.34,552.4 1 0
purser/gen/go/purser/domain/v1/person.pb.go:553.3,553.12 1 0
purser/gen/go/purser/domain/v1/person.pb.go:555.2,555.24 1 0
purser/gen/go/purser/domain/v1/person.pb.go:559.58,561.2 1 0
purser/gen/go/purser/domain/v1/person.pb.go:563.46,564.14 1 0
purser/gen/go/purser/domain/v1/person.pb.go:564.14,566.3 1 0
purser/gen/go/purser/domain/v1/person.pb.go:567.2,567.11 1 0
purser/gen/go/purser/domain/v1/person.pb.go:570.49,571.14 1 0
purser/gen/go/purser/domain/v1/person.pb.go:571.14,573.3 1 0
purser/gen/go/purser/domain/v1/person.pb.go:574.2,574.14 1 0
purser/gen/go/purser/domain/v1/person.pb.go:583.40,588.2 4 0
purser/gen/go/purser/domain/v1/person.pb.go:590.48,592.2 1 0
purser/gen/go/purser/domain/v1/person.pb.go:594.46,594.47 0 0
purser/gen/go/purser/domain/v1/person.pb.go:596.68,598.14 2 0
purser/gen/go/purser/domain/v1/person.pb.go:598.14,600.34 2 0
purser/gen/go/purser/domain/v1/person.pb.go:600.34,602.4 1 0
purser/gen/go/purser/domain/v1/person.pb.go:603.3,603.12 1 0
purser/gen/go/purser/domain/v1/person.pb.go:605.2,605.24 1 0
purser/gen/go/purser/domain/v1/person.pb.go:609.59,611.2 1 0
purser/gen/go/purser/domain/v1/person.pb.go:620.50,625.2 4 0
purser/gen/go/purser/domain/v1/person.pb.go:627.58,629.2 1 0
purser/gen/go/purser/domain/v1/person.pb.go:631.56,631.57 0 0
purser/gen/go/purser/domain/v1/person.pb.go:633.78,635.14 2 0
purser/gen/go/purser/domain/v1/person.pb.go:635.14,637.34 2 0
purser/gen/go/purser/domain/v1/person.pb.go:637.34,639.4 1 0
purser/gen/go/purser/domain/v1/person.pb.go:640.3,640.12 1 0
purser/gen/go/purser/domain/v1/person.pb.go:642.2,642.24 1 0
purser/gen/go/purser/domain/v1/person.pb.go:646.69,648.2 1 0
purser/gen/go/purser/domain/v1/person.pb.go:650.57,651.14 1 0
purser/gen/go/purser/domain/v1/person.pb.go:651.14,653.3 1 0
purser/gen/go/purser/domain/v1/person.pb.go:654.2,654.11 1 0
purser/gen/go/purser/domain/v1/person.pb.go:664.51,669.2 4 0
purser/gen/go/purser/domain/v1/person.pb.go:671.59,673.2 1 0
purser/gen/go/purser/domain/v1/person.pb.go:675.57,675.58 0 0
purser/gen/go/purser/domain/v1/person.pb.go:677.79,679.14 2 0
purser/gen/go/purser/domain/v1/person.pb.go:679.14,681.34 2 0
purser/gen/go/purser/domain/v1/person.pb.go:681.34,683.4 1 0
purser/gen/go/purser/domain/v1/person.pb.go:684.3,684.12 1 0
purser/gen/go/purser/domain/v1/person.pb.go:686.2,686.24 1 0
purser/gen/go/purser/domain/v1/person.pb.go:690.70,692.2 1 0
purser/gen/go/purser/domain/v1/person.pb.go:694.77,695.14 1 0
purser/gen/go/purser/domain/v1/person.pb.go:695.14,697.3 1 0
purser/gen/go/purser/domain/v1/person.pb.go:698.2,698.12 1 0
purser/gen/go/purser/domain/v1/person.pb.go:709.37,714.2 4 0
purser/gen/go/purser/domain/v1/person.pb.go:716.45,718.2 1 0
purser/gen/go/purser/domain/v1/person.pb.go:720.43,720.44 0 0
purser/gen/go/purser/domain/v1/person.pb.go:722.65,724.14 2 0
purser/gen/go/purser/domain/v1/person.pb.go:724.14,726.34 2 0
purser/gen/go/purser/domain/v1/person.pb.go:726.34,728.4 1 0
purser/gen/go/purser/domain/v1/person.pb.go:729.3,729.12 1 0
purser/gen/go/purser/domain/v1/person.pb.go:731.2,731.24 1 0
purser/gen/go/purser/domain/v1/person.pb.go:735.56,737.2 1 0
purser/gen/go/purser/domain/v1/person.pb.go:739.49,740.14 1 0
purser/gen/go/purser/domain/v1/person.pb.go:740.14,742.3 1 0
purser/gen/go/purser/domain/v1/person.pb.go:743.2,743.10 1 0
purser/gen/go/purser/domain/v1/person.pb.go:746.51,747.14 1 0
purser/gen/go/purser/domain/v1/person.pb.go:747.14,749.3 1 0
purser/gen/go/purser/domain/v1/person.pb.go:750.2,750.11 1 0
purser/gen/go/purser/domain/v1/person.pb.go:761.38,766.2 4 0
purser/gen/go/purser/domain/v1/person.pb.go:768.46,770.2 1 0
purser/gen/go/purser/domain/v1/person.pb.go:772.44,772.45 0 0
purser/gen/go/purser/domain/v1/person.pb.go:774.66,776.14 2 0
purser/gen/go/purser/domain/v1/person.pb.go:776.14,778.34 2 0
purser/gen/go/purser/domain/v1/person.pb.go:778.34,780.4 1 0
purser/gen/go/purser/domain/v1/person.pb.go:781.3,781.12 1 0
purser/gen/go/purser/domain/v1/person.pb.go:783.2,783.24 1 0
purser/gen/go/purser/domain/v1/person.pb.go:787.57,789.2 1 0
purser/gen/go/purser/domain/v1/person.pb.go:791.52,792.14 1 0
purser/gen/go/purser/domain/v1/person.pb.go:792.14,794.3 1 0
purser/gen/go/purser/domain/v1/person.pb.go:795.2,795.12 1 0
purser/gen/go/purser/domain/v1/person.pb.go:798.56,799.14 1 0
purser/gen/go/purser/domain/v1/person.pb.go:799.14,801.3 1 0
purser/gen/go/purser/domain/v1/person.pb.go:802.2,802.11 1 0
purser/gen/go/purser/domain/v1/person.pb.go:881.62,882.59 1 0
purser/gen/go/purser/domain/v1/person.pb.go:882.59,884.3 1 0
purser/gen/go/purser/domain/v1/person.pb.go:885.2,885.55 1 0
purser/gen/go/purser/domain/v1/person.pb.go:944.13,944.58 1 0
purser/gen/go/purser/domain/v1/person.pb.go:945.48,946.47 1 0
purser/gen/go/purser/domain/v1/person.pb.go:946.47,948.3 1 0
purser/gen/go/purser/domain/v1/person.pb.go:949.2,967.50 6 0
purser/gen/go/purser/domain/v1/tag.pb.go:40.23,45.2 4 0
purser/gen/go/purser/domain/v1/tag.pb.go:47.31,49.2 1 0
purser/gen/go/purser/domain/v1/tag.pb.go:51.29,51.30 0 0
purser/gen/go/purser/domain/v1/tag.pb.go:53.51,55.14 2 0
purser/gen/go/purser/domain/v1/tag.pb.go:55.14,57.34 2 0
purser/gen/go/purser/domain/v1/tag.pb.go:57.34,59.4 1 0
purser/gen/go/purser/domain/v1/tag.pb.go:60.3,60.12 1 0
purser/gen/go/purser/domain/v1/tag.pb.go:62.2,62.24 1 0
purser/gen/go/purser/domain/v1/tag.pb.go:66.42,68.2 1 0
purser/gen/go/purser/domain/v1/tag.pb.go:70.30,71.14 1 0
purser/gen/go/purser/domain/v1/tag.pb.go:71.14,73.3 1 0
purser/gen/go/purser/domain/v1/tag.pb.go:74.2,74.11 1 0
purser/gen/go/purser/domain/v1/tag.pb.go:77.31,78.14 1 0
purser/gen/go/purser/domain/v1/tag.pb.go:78.14,80.3 1 0
purser/gen/go/purser/domain/v1/tag.pb.go:81.2,81.11 1 0
purser/gen/go/purser/domain/v1/tag.pb.go:84.33,85.14 1 0
purser/gen/go/purser/domain/v1/tag.pb.go:85.14,87.3 1 0
purser/gen/go/purser/domain/v1/tag.pb.go:88.2,88.11 1 0
purser/gen/go/purser/domain/v1/tag.pb.go:91.35,92.14 1 0
purser/gen/go/purser/domain/v1/tag.pb.go:92.14,94.3 1 0
purser/gen/go/purser/domain/v1/tag.pb.go:95.2,95.39 1 0
purser/gen/go/purser/domain/v1/tag.pb.go:98.36,99.14 1 0
purser/gen/go/purser/domain/v1/tag.pb.go:99.14,101.3 1 0
purser/gen/go/purser/domain/v1/tag.pb.go:102.2,102.11 1 0
purser/gen/go/purser/domain/v1/tag.pb.go:114.36,119.2 4 0
purser/gen/go/purser/domain/v1/tag.pb.go:121.44,123.2 1 0
purser/gen/go/purser/domain/v1/tag.pb.go:125.42,125.43 0 0
purser/gen/go/purser/domain/v1/tag.pb.go:127.64,129.14 2 0
purser/gen/go/purser/domain/v1/tag.pb.go:129.14,131.34 2 0
purser/gen/go/purser/domain/v1/tag.pb.go:131.34,133.4 1 0
purser/gen/go/purser/domain/v1/tag.pb.go:134.3,134.12 1 0
purser/gen/go/purser/domain/v1/tag.pb.go:136.2,136.24 1 0
purser/gen/go/purser/domain/v1/tag.pb.go:140.55,142.2 1 0
purser/gen/go/purser/domain/v1/tag.pb.go:144.42,145.14 1 0
purser/gen/go/purser/domain/v1/tag.pb.go:145.14,147.3 1 0
purser/gen/go/purser/domain/v1/tag.pb.go:148.2,148.12 1 0
purser/gen/go/purser/domain/v1/tag.pb.go:162.37,167.2 4 0
purser/gen/go/purser/domain/v1/tag.pb.go:169.45,171.2 1 0
purser/gen/go/purser/domain/v1/tag.pb.go:173.43,173.44 0 0
purser/gen/go/purser/domain/v1/tag.pb.go:175.65,177.14 2 0
purser/gen/go/purser/domain/v1/tag.pb.go:177.14,179.34 2 0
purser/gen/go/purser/domain/v1/tag.pb.go:179.34,181.4 1 0
purser/gen/go/purser/domain/v1/tag.pb.go:182.3,182.12 1 0
purser/gen/go/purser/domain/v1/tag.pb.go:184.2,184.24 1 0
purser/gen/go/purser/domain/v1/tag.pb.go:188.56,190.2 1 0
purser/gen/go/purser/domain/v1/tag.pb.go:192.43,193.14 1 0
purser/gen/go/purser/domain/v1/tag.pb.go:193.14,195.3 1 0
purser/gen/go/purser/domain/v1/tag.pb.go:196.2,196.12 1 0
purser/gen/go/purser/domain/v1/tag.pb.go:206.33,211.2 4 0
purser/gen/go/purser/domain/v1/tag.pb.go:213.41,215.2 1 0
purser/gen/go/purser/domain/v1/tag.pb.go:217.39,217.40 0 0
purser/gen/go/purser/domain/v1/tag.pb.go:219.61,221.14 2 0
purser/gen/go/purser/domain/v1/tag.pb.go:221.14,223.34 2 0
purser/gen/go/purser/domain/v1/tag.pb.go:223.34,225.4 1 0
purser/gen/go/purser/domain/v1/tag.pb.go:226.3,226.12 1 0
purser/gen/go/purser/domain/v1/tag.pb.go:228.2,228.24 1 0
purser/gen/go/purser/domain/v1/tag.pb.go:232.52,234.2 1 0
purser/gen/go/purser/domain/v1/tag.pb.go:236.40,237.14 1 0
purser/gen/go/purser/domain/v1/tag.pb.go:237.14,239.3 1 0
purser/gen/go/purser/domain/v1/tag.pb.go:240.2,240.11 1 0
purser/gen/go/purser/domain/v1/tag.pb.go:250.34,255.2 4 0
purser/gen/go/purser/domain/v1/tag.pb.go:257.42,259.2 1 0
purser/gen/go/purser/domain/v1/tag.pb.go:261.40,261.41 0 0
purser/gen/go/purser/domain/v1/tag.pb.go:263.62,265.14 2 0
purser/gen/go/purser/domain/v1/tag.pb.go:265.14,267.34 2 0
purser/gen/go/purser/domain/v1/tag.pb.go:267.34,269.4 1 0
purser/gen/go/purser/domain/v1/tag.pb.go:270.3,270.12 1 0
purser/gen/go/purser/domain/v1/tag.pb.go:272.2,272.24 1 0
purser/gen/go/purser/domain/v1/tag.pb.go:276.53,278.2 1 0
purser/gen/go/purser/domain/v1/tag.pb.go:280.40,281.14 1 0
purser/gen/go/purser/domain/v1/tag.pb.go:281.14,283.3 1 0
purser/gen/go/purser/domain/v1/tag.pb.go:284.2,284.12 1 0
purser/gen/go/purser/domain/v1/tag.pb.go:299.36,304.2 4 0
purser/gen/go/purser/domain/v1/tag.pb.go:306.44,308.2 1 0
purser/gen/go/purser/domain/v1/tag.pb.go:310.42,310.43 0 0
purser/gen/go/purser/domain/v1/tag.pb.go:312.64,314.14 2 0
purser/gen/go/purser/domain/v1/tag.pb.go:314.14,316.34 2 0
purser/gen/go/purser/domain/v1/tag.pb.go:316.34,318.4 1 0
purser/gen/go/purser/domain/v1/tag.pb.go:319.3,319.12 1 0
purser/gen/go/purser/domain/v1/tag.pb.go:321.2,321.24 1 0
purser/gen/go/purser/domain/v1/tag.pb.go:325.55,327.2 1 0
purser/gen/go/purser/domain/v1/tag.pb.go:329.42,330.14 1 0
purser/gen/go/purser/domain/v1/tag.pb.go:330.14,332.3 1 0
purser/gen/go/purser/domain/v1/tag.pb.go:333.2,333.12 1 0
purser/gen/go/purser/domain/v1/tag.pb.go:336.67,337.14 1 0
purser/gen/go/purser/domain/v1/tag.pb.go:337.14,339.3 1 0
purser/gen/go/purser/domain/v1/tag.pb.go:340.2,340.12 1 0
purser/gen/go/purser/domain/v1/tag.pb.go:350.37,355.2 4 0
purser/gen/go/purser/domain/v1/tag.pb.go:357.45,359.2 1 0
purser/gen/go/purser/domain/v1/tag.pb.go:361.43,361.44 0 0
purser/gen/go/purser/domain/v1/tag.pb.go:363.65,365.14 2 0
purser/gen/go/purser/domain/v1/tag.pb.go:365.14,367.34 2 0
purser/gen/go/purser/domain/v1/tag.pb.go:367.34,369.4 1 0
purser/gen/go/purser/domain/v1/tag.pb.go:370.3,370.12 1 0
purser/gen/go/purser/domain/v1/tag.pb.go:372.2,372.24 1 0
purser/gen/go/purser/domain/v1/tag.pb.go:376.56,378.2 1 0
purser/gen/go/purser/domain/v1/tag.pb.go:380.43,381.14 1 0
purser/gen/go/purser/domain/v1/tag.pb.go:381.14,383.3 1 0
purser/gen/go/purser/domain/v1/tag.pb.go:384.2,384.12 1 0
purser/gen/go/purser/domain/v1/tag.pb.go:399.36,404.2 4 0
purser/gen/go/purser/domain/v1/tag.pb.go:406.44,408.2 1 0
purser/gen/go/purser/domain/v1/tag.pb.go:410.42,410.43 0 0
purser/gen/go/purser/domain/v1/tag.pb.go:412.64,414.14 2 0
purser/gen/go/purser/domain/v1/tag.pb.go:414.14,416.34 2 0
purser/gen/go/purser/domain/v1/tag.pb.go:416.34,418.4 1 0
purser/gen/go/purser/domain/v1/tag.pb.go:419.3,419.12 1 0
purser/gen/go/purser/domain/v1/tag.pb.go:421.2,421.24 1 0
purser/gen/go/purser/domain/v1/tag.pb.go:425.55,427.2 1 0
purser/gen/go/purser/domain/v1/tag.pb.go:429.43,430.14 1 0
purser/gen/go/purser/domain/v1/tag.pb.go:430.14,432.3 1 0
purser/gen/go/purser/domain/v1/tag.pb.go:433.2,433.11 1 0
purser/gen/go/purser/domain/v1/tag.pb.go:436.46,437.14 1 0
purser/gen/go/purser/domain/v1/tag.pb.go:437.14,439.3 1 0
purser/gen/go/purser/domain/v1/tag.pb.go:440.2,440.14 1 0
purser/gen/go/purser/domain/v1/tag.pb.go:449.37,454.2 4 0
purser/gen/go/purser/domain/v1/tag.pb.go:456.45,458.2 1 0
purser/gen/go/purser/domain/v1/tag.pb.go:460.43,460.44 0 0
purser/gen/go/purser/domain/v1/tag.pb.go:462.65,464.14 2 0
purser/gen/go/purser/domain/v1/tag.pb.go:464.14,466.34 2 0
purser/gen/go/purser/domain/v1/tag.pb.go:466.34,468.4 1 0
purser/gen/go/purser/domain/v1/tag.pb.go:469.3,469.12 1 0
purser/gen/go/purser/domain/v1/tag.pb.go:471.2,471.24 1 0
purser/gen/go/purser/domain/v1/tag.pb.go:475.56,477.2 1 0
purser/gen/go/purser/domain/v1/tag.pb.go:486.47,491.2 4 0
purser/gen/go/purser/domain/v1/tag.pb.go:493.55,495.2 1 0
purser/gen/go/purser/domain/v1/tag.pb.go:497.53,497.54 0 0
purser/gen/go/purser/domain/v1/tag.pb.go:499.75,501.14 2 0
purser/gen/go/purser/domain/v1/tag.pb.go:501.14,503.34 2 0
purser/gen/go/purser/domain/v1/tag.pb.go:503.34,505.4 1 0
purser/gen/go/purser/domain/v1/tag.pb.go:506.3,506.12 1 0
purser/gen/go/purser/domain/v1/tag.pb.go:508.2,508.24 1 0
purser/gen/go/purser/domain/v1/tag.pb.go:512.66,514.2 1 0
purser/gen/go/purser/domain/v1/tag.pb.go:516.54,517.14 1 0
purser/gen/go/purser/domain/v1/tag.pb.go:517.14,519.3 1 0
purser/gen/go/purser/domain/v1/tag.pb.go:520.2,520.11 1 0
purser/gen/go/purser/domain/v1/tag.pb.go:530.48,535.2 4 0
purser/gen/go/purser/domain/v1/tag.pb.go:537.56,539.2 1 0
purser/gen/go/purser/domain/v1/tag.pb.go:541.54,541.55 0 0
purser/gen/go/purser/domain/v1/tag.pb.go:543.76,545.14 2 0
purser/gen/go/purser/domain/v1/tag.pb.go:545.14,547.34 2 0
purser/gen/go/purser/domain/v1/tag.pb.go:547.34,549.4 1 0
purser/gen/go/purser/domain/v1/tag.pb.go:550.3,550.12 1 0
purser/gen/go/purser/domain/v1/tag.pb.go:552.2,552.24 1 0
purser/gen/go/purser/domain/v1/tag.pb.go:556.67,558.2 1 0
purser/gen/go/purser/domain/v1/tag.pb.go:560.74,561.14 1 0
purser/gen/go/purser/domain/v1/tag.pb.go:561.14,563.3 1 0
purser/gen/go/purser/domain/v1/tag.pb.go:564.2,564.12 1 0
purser/gen/go/purser/domain/v1/tag.pb.go:579.41,584.2 4 0
purser/gen/go/purser/domain/v1/tag.pb.go:586.49,588.2 1 0
purser/gen/go/purser/domain/v1/tag.pb.go:590.47,590.48 0 0
purser/gen/go/purser/domain/v1/tag.pb.go:592.69,594.14 2 0
purser/gen/go/purser/domain/v1/tag.pb.go:594.14,596.34 2 0
purser/gen/go/purser/domain/v1/tag.pb.go:596.34,598.4 1 0
purser/gen/go/purser/domain/v1/tag.pb.go:599.3,599.12 1 0
purser/gen/go/purser/domain/v1/tag.pb.go:601.2,601.24 1 0
purser/gen/go/purser/domain/v1/tag.pb.go:605.60,607.2 1 0
purser/gen/go/purser/domain/v1/tag.pb.go:609.51,610.14 1 0
purser/gen/go/purser/domain/v1/tag.pb.go:610.14,612.3 1 0
purser/gen/go/purser/domain/v1/tag.pb.go:613.2,613.12 1 0
purser/gen/go/purser/domain/v1/tag.pb.go:616.51,617.14 1 0
purser/gen/go/purser/domain/v1/tag.pb.go:617.14,619.3 1 0
purser/gen/go/purser/domain/v1/tag.pb.go:620.2,620.14 1 0
purser/gen/go/purser/domain/v1/tag.pb.go:629.42,634.2 4 0
purser/gen/go/purser/domain/v1/tag.pb.go:636.50,638.2 1 0
purser/gen/go/purser/domain/v1/tag.pb.go:640.48,640.49 0 0
purser/gen/go/purser/domain/v1/tag.pb.go:642.70,644.14 2 0
purser/gen/go/purser/domain/v1/tag.pb.go:644.14,646.34 2 0
purser/gen/go/purser/domain/v1/tag.pb.go:646.34,648.4 1 0
purser/gen/go/purser/domain/v1/tag.pb.go:649.3,649.12 1 0
purser/gen/go/purser/domain/v1/tag.pb.go:651.2,651.24 1 0
purser/gen/go/purser/domain/v1/tag.pb.go:655.61,657.2 1 0
purser/gen/go/purser/domain/v1/tag.pb.go:667.35,672.2 4 0
purser/gen/go/purser/domain/v1/tag.pb.go:674.43,676.2 1 0
purser/gen/go/purser/domain/v1/tag.pb.go:678.41,678.42 0 0
purser/gen/go/purser/domain/v1/tag.pb.go:680.63,682.14 2 0
purser/gen/go/purser/domain/v1/tag.pb.go:682.14,684.34 2 0
purser/gen/go/purser/domain/v1/tag.pb.go:684.34,686.4 1 0
purser/gen/go/purser/domain/v1/tag.pb.go:687.3,687.12 1 0
purser/gen/go/purser/domain/v1/tag.pb.go:689.2,689.24 1 0
purser/gen/go/purser/domain/v1/tag.pb.go:693.54,695.2 1 0
purser/gen/go/purser/domain/v1/tag.pb.go:697.47,698.14 1 0
purser/gen/go/purser/domain/v1/tag.pb.go:698.14,700.3 1 0
purser/gen/go/purser/domain/v1/tag.pb.go:701.2,701.10 1 0
purser/gen/go/purser/domain/v1/tag.pb.go:704.49,705.14 1 0
purser/gen/go/purser/domain/v1/tag.pb.go:705.14,707.3 1 0
purser/gen/go/purser/domain/v1/tag.pb.go:708.2,708.11 1 0
purser/gen/go/purser/domain/v1/tag.pb.go:719.36,724.2 4 0
purser/gen/go/purser/domain/v1/tag.pb.go:726.44,728.2 1 0
purser/gen/go/purser/domain/v1/tag.pb.go:730.42,730.43 0 0
purser/gen/go/purser/domain/v1/tag.pb.go:732.64,734.14 2 0
purser/gen/go/purser/domain/v1/tag.pb.go:734.14,736.34 2 0
purser/gen/go/purser/domain/v1/tag.pb.go:736.34,738.4 1 0
purser/gen/go/purser/domain/v1/tag.pb.go:739.3,739.12 1 0
purser/gen/go/purser/domain/v1/tag.pb.go:741.2,741.24 1 0
purser/gen/go/purser/domain/v1/tag.pb.go:745.55,747.2 1 0
purser/gen/go/purser/domain/v1/tag.pb.go:749.45,750.14 1 0
purser/gen/go/purser/domain/v1/tag.pb.go:750.14,752.3 1 0
purser/gen/go/purser/domain/v1/tag.pb.go:753.2,753.12 1 0
purser/gen/go/purser/domain/v1/tag.pb.go:756.54,757.14 1 0
purser/gen/go/purser/domain/v1/tag.pb.go:757.14,759.3 1 0
purser/gen/go/purser/domain/v1/tag.pb.go:760.2,760.11 1 0
purser/gen/go/purser/domain/v1/tag.pb.go:822.59,823.56 1 0
purser/gen/go/purser/domain/v1/tag.pb.go:823.56,825.3 1 0
purser/gen/go/purser/domain/v1/tag.pb.go:826.2,826.52 1 0
purser/gen/go/purser/domain/v1/tag.pb.go:881.13,881.55 1 0
purser/gen/go/purser/domain/v1/tag.pb.go:882.45,883.44 1 0
purser/gen/go/purser/domain/v1/tag.pb.go:883.44,885.3 1 0
purser/gen/go/purser/domain/v1/tag.pb.go:886.2,903.47 6 0
purser/gen/go/purser/domain/v1/tag_assignment.pb.go:38.33,43.2 4 0
purser/gen/go/purser/domain/v1/tag_assignment.pb.go:45.41,47.2 1 0
purser/gen/go/purser/domain/v1/tag_assignment.pb.go:49.39,49.40 0 0
purser/gen/go/purser/domain/v1/tag_assignment.pb.go:51.61,53.14 2 0
purser/gen/go/purser/domain/v1/tag_assignment.pb.go:53.14,55.34 2 0
purser/gen/go/purser/domain/v1/tag_assignment.pb.go:55.34,57.4 1 0
purser/gen/go/purser/domain/v1/tag_assignment.pb.go:58.3,58.12 1 0
purser/gen/go/purser/domain/v1/tag_assignment.pb.go:60.2,60.24 1 0
purser/gen/go/purser/domain/v1/tag_assignment.pb.go:64.52,66.2 1 0
purser/gen/go/purser/domain/v1/tag_assignment.pb.go:68.43,69.14 1 0
purser/gen/go/purser/domain/v1/tag_assignment.pb.go:69.14,71.3 1 0
purser/gen/go/purser/domain/v1/tag_assignment.pb.go:72.2,72.11 1 0
purser/gen/go/purser/domain/v1/tag_assignment.pb.go:75.52,76.14 1 0
purser/gen/go/purser/domain/v1/tag_assignment.pb.go:76.14,78.3 1 0
purser/gen/go/purser/domain/v1/tag_assignment.pb.go:79.2,79.43 1 0
purser/gen/go/purser/domain/v1/tag_assignment.pb.go:82.46,83.14 1 0
purser/gen/go/purser/domain/v1/tag_assignment.pb.go:83.14,85.3 1 0
purser/gen/go/purser/domain/v1/tag_assignment.pb.go:86.2,86.11 1 0
purser/gen/go/purser/domain/v1/tag_assignment.pb.go:96.46,101.2 4 0
purser/gen/go/purser/domain/v1/tag_assignment.pb.go:103.54,105.2 1 0
purser/gen/go/purser/domain/v1/tag_assignment.pb.go:107.52,107.53 0 0
purser/gen/go/purser/domain/v1/tag_assignment.pb.go:109.74,111.14 2 0
purser/gen/go/purser/domain/v1/tag_assignment.pb.go:111.14,113.34 2 0
purser/gen/go/purser/domain/v1/tag_assignment.pb.go:113.34,115.4 1 0
purser/gen/go/purser/domain/v1/tag_assignment.pb.go:116.3,116.12 1 0
purser/gen/go/purser/domain/v1/tag_assignment.pb.go:118.2,118.24 1 0
purser/gen/go/purser/domain/v1/tag_assignment.pb.go:122.65,124.2 1 0
purser/gen/go/purser/domain/v1/tag_assignment.pb.go:126.72,127.14 1 0
purser/gen/go/purser/domain/v1/tag_assignment.pb.go:127.14,129.3 1 0
purser/gen/go/purser/domain/v1/tag_assignment.pb.go:130.2,130.12 1 0
purser/gen/go/purser/domain/v1/tag_assignment.pb.go:140.47,145.2 4 0
purser/gen/go/purser/domain/v1/tag_assignment.pb.go:147.55,149.2 1 0
purser/gen/go/purser/domain/v1/tag_assignment.pb.go:151.53,151.54 0 0
purser/gen/go/purser/domain/v1/tag_assignment.pb.go:153.75,155.14 2 0
purser/gen/go/purser/domain/v1/tag_assignment.pb.go:155.14,157.34 2 0
purser/gen/go/purser/domain/v1/tag_assignment.pb.go:157.34,159.4 1 0
purser/gen/go/purser/domain/v1/tag_assignment.pb.go:160.3,160.12 1 0
purser/gen/go/purser/domain/v1/tag_assignment.pb.go:162.2,162.24 1 0
purser/gen/go/purser/domain/v1/tag_assignment.pb.go:166.66,168.2 1 0
purser/gen/go/purser/domain/v1/tag_assignment.pb.go:170.73,171.14 1 0
purser/gen/go/purser/domain/v1/tag_assignment.pb.go:171.14,173.3 1 0
purser/gen/go/purser/domain/v1/tag_assignment.pb.go:174.2,174.12 1 0
purser/gen/go/purser/domain/v1/tag_assignment.pb.go:186.43,191.2 4 0
purser/gen/go/purser/domain/v1/tag_assignment.pb.go:193.51,195.2 1 0
purser/gen/go/purser/domain/v1/tag_assignment.pb.go:197.49,197.50 0 0
purser/gen/go/purser/domain/v1/tag_assignment.pb.go:199.71,201.14 2 0
purser/gen/go/purser/domain/v1/tag_assignment.pb.go:201.14,203.34 2 0
purser/gen/go/purser/domain/v1/tag_assignment.pb.go:203.34,205.4 1 0
purser/gen/go/purser/domain/v1/tag_assignment.pb.go:206.3,206.12 1 0
purser/gen/go/purser/domain/v1/tag_assignment.pb.go:208.2,208.24 1 0
purser/gen/go/purser/domain/v1/tag_assignment.pb.go:212.62,214.2 1 0
purser/gen/go/purser/domain/v1/tag_assignment.pb.go:216.53,217.14 1 0
purser/gen/go/purser/domain/v1/tag_assignment.pb.go:217.14,219.3 1 0
purser/gen/go/purser/domain/v1/tag_assignment.pb.go:220.2,220.11 1 0
purser/gen/go/purser/domain/v1/tag_assignment.pb.go:223.62,224.14 1 0
purser/gen/go/purser/domain/v1/tag_assignment.pb.go:224.14,226.3 1 0
purser/gen/go/purser/domain/v1/tag_assignment.pb.go:227.2,227.43 1 0
purser/gen/go/purser/domain/v1/tag_assignment.pb.go:230.56,231.14 1 0
purser/gen/go/purser/domain/v1/tag_assignment.pb.go:231.14,233.3 1 0
purser/gen/go/purser/domain/v1/tag_assignment.pb.go:234.2,234.11 1 0
purser/gen/go/purser/domain/v1/tag_assignment.pb.go:244.44,249.2 4 0
purser/gen/go/purser/domain/v1/tag_assignment.pb.go:251.52,253.2 1 0
purser/gen/go/purser/domain/v1/tag_assignment.pb.go:255.50,255.51 0 0
purser/gen/go/purser/domain/v1/tag_assignment.pb.go:257.72,259.14 2 0
purser/gen/go/purser/domain/v1/tag_assignment.pb.go:259.14,261.34 2 0
purser/gen/go/purser/domain/v1/tag_assignment.pb.go:261.34,263.4 1 0
purser/gen/go/purser/domain/v1/tag_assignment.pb.go:264.3,264.12 1 0
purser/gen/go/purser/domain/v1/tag_assignment.pb.go:266.2,266.24 1 0
purser/gen/go/purser/domain/v1/tag_assignment.pb.go:270.63,272.2 1 0
purser/gen/go/purser/domain/v1/tag_assignment.pb.go:274.70,275.14 1 0
purser/gen/go/purser/domain/v1/tag_assignment.pb.go:275.14,277.3 1 0
purser/gen/go/purser/domain/v1/tag_assignment.pb.go:278.2,278.12 1 0
purser/gen/go/purser/domain/v1/tag_assignment.pb.go:290.46,295.2 4 0
purser/gen/go/purser/domain/v1/tag_assignment.pb.go:297.54,299.2 1 0
purser/gen/go/purser/domain/v1/tag_assignment.pb.go:301.52,301.53 0 0
purser/gen/go/purser/domain/v1/tag_assignment.pb.go:303.74,305.14 2 0
purser/gen/go/purser/domain/v1/tag_assignment.pb.go:305.14,307.34 2 0
purser/gen/go/purser/domain/v1/tag_assignment.pb.go:307.34,309.4 1 0
purser/gen/go/purser/domain/v1/tag_assignment.pb.go:310.3,310.12 1 0
purser/gen/go/purser/domain/v1/tag_assignment.pb.go:312.2,312.24 1 0
purser/gen/go/purser/domain/v1/tag_assignment.pb.go:316.65,318.2 1 0
purser/gen/go/purser/domain/v1/tag_assignment.pb.go:320.56,321.14 1 0
purser/gen/go/purser/domain/v1/tag_assignment.pb.go:321.14,323.3 1 0
purser/gen/go/purser/domain/v1/tag_assignment.pb.go:324.2,324.11 1 0
purser/gen/go/purser/domain/v1/tag_assignment.pb.go:327.65,328.14 1 0
purser/gen/go/purser/domain/v1/tag_assignment.pb.go:328.14,330.3 1 0
purser/gen/go/purser/domain/v1/tag_assignment.pb.go:331.2,331.43 1 0
purser/gen/go/purser/domain/v1/tag_assignment.pb.go:334.59,335.14 1 0
purser/gen/go/purser/domain/v1/tag_assignment.pb.go:335.14,337.3 1 0
purser/gen/go/purser/domain/v1/tag_assignment.pb.go:338.2,338.11 1 0
purser/gen/go/purser/domain/v1/tag_assignment.pb.go:347.47,352.2 4 0
purser/gen/go/purser/domain/v1/tag_assignment.pb.go:354.55,356.2 1 0
purser/gen/go/purser/domain/v1/tag_assignment.pb.go:358.53,358.54 0 0
purser/gen/go/purser/domain/v1/tag_assignment.pb.go:360.75,362.14 2 0
purser/gen/go/purser/domain/v1/tag_assignment.pb.go:362.14,364.34 2 0
purser/gen/go/purser/domain/v1/tag_assignment.pb.go:364.34,366.4 1 0
purser/gen/go/purser/domain/v1/tag_assignment.pb.go:367.3,367.12 1 0
purser/gen/go/purser/domain/v1/tag_assignment.pb.go:369.2,369.24 1 0
purser/gen/go/purser/domain/v1/tag_assignment.pb.go:373.66,375.2 1 0
purser/gen/go/purser/domain/v1/tag_assignment.pb.go:392.45,397.2 4 0
purser/gen/go/purser/domain/v1/tag_assignment.pb.go:399.53,401.2 1 0
purser/gen/go/purser/domain/v1/tag_assignment.pb.go:403.51,403.52 0 0
purser/gen/go/purser/domain/v1/tag_assignment.pb.go:405.73,407.14 2 0
purser/gen/go/purser/domain/v1/tag_assignment.pb.go:407.14,409.34 2 0
purser/gen/go/purser/domain/v1/tag_assignment.pb.go:409.34,411.4 1 0
purser/gen/go/purser/domain/v1/tag_assignment.pb.go:412.3,412.12 1 0
purser/gen/go/purser/domain/v1/tag_assignment.pb.go:414.2,414.24 1 0
purser/gen/go/purser/domain/v1/tag_assignment.pb.go:418.64,420.2 1 0
purser/gen/go/purser/domain/v1/tag_assignment.pb.go:422.55,423.14 1 0
purser/gen/go/purser/domain/v1/tag_assignment.pb.go:423.14,425.3 1 0
purser/gen/go/purser/domain/v1/tag_assignment.pb.go:426.2,426.11 1 0
purser/gen/go/purser/domain/v1/tag_assignment.pb.go:429.64,430.14 1 0
purser/gen/go/purser/domain/v1/tag_assignment.pb.go:430.14,432.3 1 0
purser/gen/go/purser/domain/v1/tag_assignment.pb.go:433.2,433.43 1 0
purser/gen/go/purser/domain/v1/tag_assignment.pb.go:436.58,437.14 1 0
purser/gen/go/purser/domain/v1/tag_assignment.pb.go:437.14,439.3 1 0
purser/gen/go/purser/domain/v1/tag_assignment.pb.go:440.2,440.11 1 0
purser/gen/go/purser/domain/v1/tag_assignment.pb.go:443.57,444.14 1 0
purser/gen/go/purser/domain/v1/tag_assignment.pb.go:444.14,446.3 1 0
purser/gen/go/purser/domain/v1/tag_assignment.pb.go:447.2,447.10 1 0
purser/gen/go/purser/domain/v1/tag_assignment.pb.go:450.59,451.14 1 0
purser/gen/go/purser/domain/v1/tag_assignment.pb.go:451.14,453.3 1 0
purser/gen/go/purser/domain/v1/tag_assignment.pb.go:454.2,454.11 1 0
purser/gen/go/purser/domain/v1/tag_assignment.pb.go:465.46,470.2 4 0
purser/gen/go/purser/domain/v1/tag_assignment.pb.go:472.54,474.2 1 0
purser/gen/go/purser/domain/v1/tag_assignment.pb.go:476.52,476.53 0 0
purser/gen/go/purser/domain/v1/tag_assignment.pb.go:478.74,480.14 2 0
purser/gen/go/purser/domain/v1/tag_assignment.pb.go:480.14,482.34 2 0
purser/gen/go/purser/domain/v1/tag_assignment.pb.go:482.34,484.4 1 0
purser/gen/go/purser/domain/v1/tag_assignment.pb.go:485.3,485.12 1 0
purser/gen/go/purser/domain/v1/tag_assignment.pb.go:487.2,487.24 1 0
purser/gen/go/purser/domain/v1/tag_assignment.pb.go:491.65,493.2 1 0
purser/gen/go/purser/domain/v1/tag_assignment.pb.go:495.75,496.14 1 0
purser/gen/go/purser/domain/v1/tag_assignment.pb.go:496.14,498.3 1 0
purser/gen/go/purser/domain/v1/tag_assignment.pb.go:499.2,499.12 1 0
purser/gen/go/purser/domain/v1/tag_assignment.pb.go:502.64,503.14 1 0
purser/gen/go/purser/domain/v1/tag_assignment.pb.go:503.14,505.3 1 0
purser/gen/go/purser/domain/v1/tag_assignment.pb.go:506.2,506.11 1 0
purser/gen/go/purser/domain/v1/tag_assignment.pb.go:522.51,527.2 4 0
purser/gen/go/purser/domain/v1/tag_assignment.pb.go:529.59,531.2 1 0
purser/gen/go/purser/domain/v1/tag_assignment.pb.go:533.57,533.58 0 0
purser/gen/go/purser/domain/v1/tag_assignment.pb.go:535.79,537.14 2 0
purser/gen/go/purser/domain/v1/tag_assignment.pb.go:537.14,539.34 2 0
purser/gen/go/purser/domain/v1/tag_assignment.pb.go:539.34,541.4 1 0
purser/gen/go/purser/domain/v1/tag_assignment.pb.go:542.3,542.12 1 0
purser/gen/go/purser/domain/v1/tag_assignment.pb.go:544.2,544.24 1 0
purser/gen/go/purser/domain/v1/tag_assignment.pb.go:548.70,550.2 1 0
purser/gen/go/purser/domain/v1/tag_assignment.pb.go:552.61,553.14 1 0
purser/gen/go/purser/domain/v1/tag_assignment.pb.go:553.14,555.3 1 0
purser/gen/go/purser/domain/v1/tag_assignment.pb.go:556.2,556.11 1 0
purser/gen/go/purser/domain/v1/tag_assignment.pb.go:559.70,560.14 1 0
purser/gen/go/purser/domain/v1/tag_assignment.pb.go:560.14,562.3 1 0
purser/gen/go/purser/domain/v1/tag_assignment.pb.go:563.2,563.43 1 0
purser/gen/go/purser/domain/v1/tag_assignment.pb.go:566.67,567.14 1 0
purser/gen/go/purser/domain/v1/tag_assignment.pb.go:567.14,569.3 1 0
purser/gen/go/purser/domain/v1/tag_assignment.pb.go:570.2,570.12 1 0
purser/gen/go/purser/domain/v1/tag_assignment.pb.go:580.52,585.2 4 0
purser/gen/go/purser/domain/v1/tag_assignment.pb.go:587.60,589.2 1 0
purser/gen/go/purser/domain/v1/tag_assignment.pb.go:591.58,591.59 0 0
purser/gen/go/purser/domain/v1/tag_assignment.pb.go:593.80,595.14 2 0
purser/gen/go/purser/domain/v1/tag_assignment.pb.go:595.14,597.34 2 0
purser/gen/go/purser/domain/v1/tag_assignment.pb.go:597.34,599.4 1 0
purser/gen/go/purser/domain/v1/tag_assignment.pb.go:600.3,600.12 1 0
purser/gen/go/purser/domain/v1/tag_assignment.pb.go:602.2,602.24 1 0
purser/gen/go/purser/domain/v1/tag_assignment.pb.go:606.71,608.2 1 0
purser/gen/go/purser/domain/v1/tag_assignment.pb.go:610.81,611.14 1 0
purser/gen/go/purser/domain/v1/tag_assignment.pb.go:611.14,613.3 1 0
purser/gen/go/purser/domain/v1/tag_assignment.pb.go:614.2,614.12 1 0
purser/gen/go/purser/domain/v1/tag_assignment.pb.go:675.70,676.67 1 0
purser/gen/go/purser/domain/v1/tag_assignment.pb.go:676.67,678.3 1 0
purser/gen/go/purser/domain/v1/tag_assignment.pb.go:679.2,679.63 1 0
purser/gen/go/purser/domain/v1/tag_assignment.pb.go:725.13,725.66 1 0
purser/gen/go/purser/domain/v1/tag_assignment.pb.go:726.56,727.55 1 0
purser/gen/go/purser/domain/v1/tag_assignment.pb.go:727.55,729.3 1 0
purser/gen/go/purser/domain/v1/tag_assignment.pb.go:730.2,747.58 6 0
purser/gen/go/purser/afterdark/v1/browse.pb.go:38.33,43.2 4 0
purser/gen/go/purser/afterdark/v1/browse.pb.go:45.41,47.2 1 0
purser/gen/go/purser/afterdark/v1/browse.pb.go:49.39,49.40 0 0
purser/gen/go/purser/afterdark/v1/browse.pb.go:51.61,53.14 2 0
purser/gen/go/purser/afterdark/v1/browse.pb.go:53.14,55.34 2 0
purser/gen/go/purser/afterdark/v1/browse.pb.go:55.34,57.4 1 0
purser/gen/go/purser/afterdark/v1/browse.pb.go:58.3,58.12 1 0
purser/gen/go/purser/afterdark/v1/browse.pb.go:60.2,60.24 1 0
purser/gen/go/purser/afterdark/v1/browse.pb.go:64.52,66.2 1 0
purser/gen/go/purser/afterdark/v1/browse.pb.go:68.48,69.14 1 0
purser/gen/go/purser/afterdark/v1/browse.pb.go:69.14,71.3 1 0
purser/gen/go/purser/afterdark/v1/browse.pb.go:72.2,72.12 1 0
purser/gen/go/purser/afterdark/v1/browse.pb.go:75.65,76.14 1 0
purser/gen/go/purser/afterdark/v1/browse.pb.go:76.14,78.3 1 0
purser/gen/go/purser/afterdark/v1/browse.pb.go:79.2,79.12 1 0
purser/gen/go/purser/afterdark/v1/browse.pb.go:91.46,96.2 4 0
purser/gen/go/purser/afterdark/v1/browse.pb.go:98.54,100.2 1 0
purser/gen/go/purser/afterdark/v1/browse.pb.go:102.52,102.53 0 0
purser/gen/go/purser/afterdark/v1/browse.pb.go:104.74,106.14 2 0
purser/gen/go/purser/afterdark/v1/browse.pb.go:106.14,108.34 2 0
purser/gen/go/purser/afterdark/v1/browse.pb.go:108.34,110.4 1 0
purser/gen/go/purser/afterdark/v1/browse.pb.go:111.3,111.12 1 0
purser/gen/go/purser/afterdark/v1/browse.pb.go:113.2,113.24 1 0
purser/gen/go/purser/afterdark/v1/browse.pb.go:117.65,119.2 1 0
purser/gen/go/purser/afterdark/v1/browse.pb.go:121.60,122.14 1 0
purser/gen/go/purser/afterdark/v1/browse.pb.go:122.14,124.3 1 0
purser/gen/go/purser/afterdark/v1/browse.pb.go:125.2,125.11 1 0
purser/gen/go/purser/afterdark/v1/browse.pb.go:128.58,129.14 1 0
purser/gen/go/purser/afterdark/v1/browse.pb.go:129.14,131.3 1 0
purser/gen/go/purser/afterdark/v1/browse.pb.go:132.2,132.10 1 0
purser/gen/go/purser/afterdark/v1/browse.pb.go:135.60,136.14 1 0
purser/gen/go/purser/afterdark/v1/browse.pb.go:136.14,138.3 1 0
purser/gen/go/purser/afterdark/v1/browse.pb.go:139.2,139.11 1 0
purser/gen/go/purser/afterdark/v1/browse.pb.go:150.47,155.2 4 0
purser/gen/go/purser/afterdark/v1/browse.pb.go:157.55,159.2 1 0
purser/gen/go/purser/afterdark/v1/browse.pb.go:161.53,161.54 0 0
purser/gen/go/purser/afterdark/v1/browse.pb.go:163.75,165.14 2 0
purser/gen/go/purser/afterdark/v1/browse.pb.go:165.14,167.34 2 0
purser/gen/go/purser/afterdark/v1/browse.pb.go:167.34,169.4 1 0
purser/gen/go/purser/afterdark/v1/browse.pb.go:170.3,170.12 1 0
purser/gen/go/purser/afterdark/v1/browse.pb.go:172.2,172.24 1 0
purser/gen/go/purser/afterdark/v1/browse.pb.go:176.66,178.2 1 0
purser/gen/go/purser/afterdark/v1/browse.pb.go:180.62,181.14 1 0
purser/gen/go/purser/afterdark/v1/browse.pb.go:181.14,183.3 1 0
purser/gen/go/purser/afterdark/v1/browse.pb.go:184.2,184.12 1 0
purser/gen/go/purser/afterdark/v1/browse.pb.go:187.65,188.14 1 0
purser/gen/go/purser/afterdark/v1/browse.pb.go:188.14,190.3 1 0
purser/gen/go/purser/afterdark/v1/browse.pb.go:191.2,191.11 1 0
purser/gen/go/purser/afterdark/v1/browse.pb.go:203.49,208.2 4 0
purser/gen/go/purser/afterdark/v1/browse.pb.go:210.57,212.2 1 0
purser/gen/go/purser/afterdark/v1/browse.pb.go:214.55,214.56 0 0
purser/gen/go/purser/afterdark/v1/browse.pb.go:216.77,218.14 2 0
purser/gen/go/purser/afterdark/v1/browse.pb.go:218.14,220.34 2 0
purser/gen/go/purser/afterdark/v1/browse.pb.go:220.34,222.4 1 0
purser/gen/go/purser/afterdark/v1/browse.pb.go:223.3,223.12 1 0
purser/gen/go/purser/afterdark/v1/browse.pb.go:225.2,225.24 1 0
purser/gen/go/purser/afterdark/v1/browse.pb.go:229.68,231.2 1 0
purser/gen/go/purser/afterdark/v1/browse.pb.go:233.62,234.14 1 0
purser/gen/go/purser/afterdark/v1/browse.pb.go:234.14,236.3 1 0
purser/gen/go/purser/afterdark/v1/browse.pb.go:237.2,237.11 1 0
purser/gen/go/purser/afterdark/v1/browse.pb.go:240.61,241.14 1 0
purser/gen/go/purser/afterdark/v1/browse.pb.go:241.14,243.3 1 0
purser/gen/go/purser/afterdark/v1/browse.pb.go:244.2,244.10 1 0
purser/gen/go/purser/afterdark/v1/browse.pb.go:247.63,248.14 1 0
purser/gen/go/purser/afterdark/v1/browse.pb.go:248.14,250.3 1 0
purser/gen/go/purser/afterdark/v1/browse.pb.go:251.2,251.11 1 0
purser/gen/go/purser/afterdark/v1/browse.pb.go:262.50,267.2 4 0
purser/gen/go/purser/afterdark/v1/browse.pb.go:269.58,271.2 1 0
purser/gen/go/purser/afterdark/v1/browse.pb.go:273.56,273.57 0 0
purser/gen/go/purser/afterdark/v1/browse.pb.go:275.78,277.14 2 0
purser/gen/go/purser/afterdark/v1/browse.pb.go:277.14,279.34 2 0
purser/gen/go/purser/afterdark/v1/browse.pb.go:279.34,281.4 1 0
purser/gen/go/purser/afterdark/v1/browse.pb.go:282.3,282.12 1 0
purser/gen/go/purser/afterdark/v1/browse.pb.go:284.2,284.24 1 0
purser/gen/go/purser/afterdark/v1/browse.pb.go:288.69,290.2 1 0
purser/gen/go/purser/afterdark/v1/browse.pb.go:292.65,293.14 1 0
purser/gen/go/purser/afterdark/v1/browse.pb.go:293.14,295.3 1 0
purser/gen/go/purser/afterdark/v1/browse.pb.go:296.2,296.12 1 0
purser/gen/go/purser/afterdark/v1/browse.pb.go:299.68,300.14 1 0
purser/gen/go/purser/afterdark/v1/browse.pb.go:300.14,302.3 1 0
purser/gen/go/purser/afterdark/v1/browse.pb.go:303.2,303.11 1 0
purser/gen/go/purser/afterdark/v1/browse.pb.go:315.49,320.2 4 0
purser/gen/go/purser/afterdark/v1/browse.pb.go:322.57,324.2 1 0
purser/gen/go/purser/afterdark/v1/browse.pb.go:326.55,326.56 0 0
purser/gen/go/purser/afterdark/v1/browse.pb.go:328.77,330.14 2 0
purser/gen/go/purser/afterdark/v1/browse.pb.go:330.14,332.34 2 0
purser/gen/go/purser/afterdark/v1/browse.pb.go:332.34,334.4 1 0
purser/gen/go/purser/afterdark/v1/browse.pb.go:335.3,335.12 1 0
purser/gen/go/purser/afterdark/v1/browse.pb.go:337.2,337.24 1 0
purser/gen/go/purser/afterdark/v1/browse.pb.go:341.68,343.2 1 0
purser/gen/go/purser/afterdark/v1/browse.pb.go:345.60,346.14 1 0
purser/gen/go/purser/afterdark/v1/browse.pb.go:346.14,348.3 1 0
purser/gen/go/purser/afterdark/v1/browse.pb.go:349.2,349.11 1 0
purser/gen/go/purser/afterdark/v1/browse.pb.go:352.61,353.14 1 0
purser/gen/go/purser/afterdark/v1/browse.pb.go:353.14,355.3 1 0
purser/gen/go/purser/afterdark/v1/browse.pb.go:356.2,356.10 1 0
purser/gen/go/purser/afterdark/v1/browse.pb.go:359.63,360.14 1 0
purser/gen/go/purser/afterdark/v1/browse.pb.go:360.14,362.3 1 0
purser/gen/go/purser/afterdark/v1/browse.pb.go:363.2,363.11 1 0
purser/gen/go/purser/afterdark/v1/browse.pb.go:374.50,379.2 4 0
purser/gen/go/purser/afterdark/v1/browse.pb.go:381.58,383.2 1 0
purser/gen/go/purser/afterdark/v1/browse.pb.go:385.56,385.57 0 0
purser/gen/go/purser/afterdark/v1/browse.pb.go:387.78,389.14 2 0
purser/gen/go/purser/afterdark/v1/browse.pb.go:389.14,391.34 2 0
purser/gen/go/purser/afterdark/v1/browse.pb.go:391.34,393.4 1 0
purser/gen/go/purser/afterdark/v1/browse.pb.go:394.3,394.12 1 0
purser/gen/go/purser/afterdark/v1/browse.pb.go:396.2,396.24 1 0
purser/gen/go/purser/afterdark/v1/browse.pb.go:400.69,402.2 1 0
purser/gen/go/purser/afterdark/v1/browse.pb.go:404.75,405.14 1 0
purser/gen/go/purser/afterdark/v1/browse.pb.go:405.14,407.3 1 0
purser/gen/go/purser/afterdark/v1/browse.pb.go:408.2,408.12 1 0
purser/gen/go/purser/afterdark/v1/browse.pb.go:411.68,412.14 1 0
purser/gen/go/purser/afterdark/v1/browse.pb.go:412.14,414.3 1 0
purser/gen/go/purser/afterdark/v1/browse.pb.go:415.2,415.11 1 0
purser/gen/go/purser/afterdark/v1/browse.pb.go:427.50,432.2 4 0
purser/gen/go/purser/afterdark/v1/browse.pb.go:434.58,436.2 1 0
purser/gen/go/purser/afterdark/v1/browse.pb.go:438.56,438.57 0 0
purser/gen/go/purser/afterdark/v1/browse.pb.go:440.78,442.14 2 0
purser/gen/go/purser/afterdark/v1/browse.pb.go:442.14,444.34 2 0
purser/gen/go/purser/afterdark/v1/browse.pb.go:444.34,446.4 1 0
purser/gen/go/purser/afterdark/v1/browse.pb.go:447.3,447.12 1 0
purser/gen/go/purser/afterdark/v1/browse.pb.go:449.2,449.24 1 0
purser/gen/go/purser/afterdark/v1/browse.pb.go:453.69,455.2 1 0
purser/gen/go/purser/afterdark/v1/browse.pb.go:457.69,458.14 1 0
purser/gen/go/purser/afterdark/v1/browse.pb.go:458.14,460.3 1 0
purser/gen/go/purser/afterdark/v1/browse.pb.go:461.2,461.11 1 0
purser/gen/go/purser/afterdark/v1/browse.pb.go:464.62,465.14 1 0
purser/gen/go/purser/afterdark/v1/browse.pb.go:465.14,467.3 1 0
purser/gen/go/purser/afterdark/v1/browse.pb.go:468.2,468.10 1 0
purser/gen/go/purser/afterdark/v1/browse.pb.go:471.64,472.14 1 0
purser/gen/go/purser/afterdark/v1/browse.pb.go:472.14,474.3 1 0
purser/gen/go/purser/afterdark/v1/browse.pb.go:475.2,475.11 1 0
purser/gen/go/purser/afterdark/v1/browse.pb.go:486.51,491.2 4 0
purser/gen/go/purser/afterdark/v1/browse.pb.go:493.59,495.2 1 0
purser/gen/go/purser/afterdark/v1/browse.pb.go:497.57,497.58 0 0
purser/gen/go/purser/afterdark/v1/browse.pb.go:499.79,501.14 2 0
purser/gen/go/purser/afterdark/v1/browse.pb.go:501.14,503.34 2 0
purser/gen/go/purser/afterdark/v1/browse.pb.go:503.34,505.4 1 0
purser/gen/go/purser/afterdark/v1/browse.pb.go:506.3,506.12 1 0
purser/gen/go/purser/afterdark/v1/browse.pb.go:508.2,508.24 1 0
purser/gen/go/purser/afterdark/v1/browse.pb.go:512.70,514.2 1 0
purser/gen/go/purser/afterdark/v1/browse.pb.go:516.76,517.14 1 0
purser/gen/go/purser/afterdark/v1/browse.pb.go:517.14,519.3 1 0
purser/gen/go/purser/afterdark/v1/browse.pb.go:520.2,520.12 1 0
purser/gen/go/purser/afterdark/v1/browse.pb.go:523.69,524.14 1 0
purser/gen/go/purser/afterdark/v1/browse.pb.go:524.14,526.3 1 0
purser/gen/go/purser/afterdark/v1/browse.pb.go:527.2,527.11 1 0
purser/gen/go/purser/afterdark/v1/browse.pb.go:539.51,544.2 4 0
purser/gen/go/purser/afterdark/v1/browse.pb.go:546.59,548.2 1 0
purser/gen/go/purser/afterdark/v1/browse.pb.go:550.57,550.58 0 0
purser/gen/go/purser/afterdark/v1/browse.pb.go:552.79,554.14 2 0
purser/gen/go/purser/afterdark/v1/browse.pb.go:554.14,556.34 2 0
purser/gen/go/purser/afterdark/v1/browse.pb.go:556.34,558.4 1 0
purser/gen/go/purser/afterdark/v1/browse.pb.go:559.3,559.12 1 0
purser/gen/go/purser/afterdark/v1/browse.pb.go:561.2,561.24 1 0
purser/gen/go/purser/afterdark/v1/browse.pb.go:565.70,567.2 1 0
purser/gen/go/purser/afterdark/v1/browse.pb.go:569.65,570.14 1 0
purser/gen/go/purser/afterdark/v1/browse.pb.go:570.14,572.3 1 0
purser/gen/go/purser/afterdark/v1/browse.pb.go:573.2,573.11 1 0
purser/gen/go/purser/afterdark/v1/browse.pb.go:576.63,577.14 1 0
purser/gen/go/purser/afterdark/v1/browse.pb.go:577.14,579.3 1 0
purser/gen/go/purser/afterdark/v1/browse.pb.go:580.2,580.10 1 0
purser/gen/go/purser/afterdark/v1/browse.pb.go:583.65,584.14 1 0
purser/gen/go/purser/afterdark/v1/browse.pb.go:584.14,586.3 1 0
purser/gen/go/purser/afterdark/v1/browse.pb.go:587.2,587.11 1 0
purser/gen/go/purser/afterdark/v1/browse.pb.go:598.52,603.2 4 0
purser/gen/go/purser/afterdark/v1/browse.pb.go:605.60,607.2 1 0
purser/gen/go/purser/afterdark/v1/browse.pb.go:609.58,609.59 0 0
purser/gen/go/purser/afterdark/v1/browse.pb.go:611.80,613.14 2 0
purser/gen/go/purser/afterdark/v1/browse.pb.go:613.14,615.34 2 0
purser/gen/go/purser/afterdark/v1/browse.pb.go:615.34,617.4 1 0
purser/gen/go/purser/afterdark/v1/browse.pb.go:618.3,618.12 1 0
purser/gen/go/purser/afterdark/v1/browse.pb.go:620.2,620.24 1 0
purser/gen/go/purser/afterdark/v1/browse.pb.go:624.71,626.2 1 0
purser/gen/go/purser/afterdark/v1/browse.pb.go:628.77,629.14 1 0
purser/gen/go/purser/afterdark/v1/browse.pb.go:629.14,631.3 1 0
purser/gen/go/purser/afterdark/v1/browse.pb.go:632.2,632.12 1 0
purser/gen/go/purser/afterdark/v1/browse.pb.go:635.70,636.14 1 0
purser/gen/go/purser/afterdark/v1/browse.pb.go:636.14,638.3 1 0
purser/gen/go/purser/afterdark/v1/browse.pb.go:639.2,639.11 1 0
purser/gen/go/purser/afterdark/v1/browse.pb.go:650.41,655.2 4 0
purser/gen/go/purser/afterdark/v1/browse.pb.go:657.49,659.2 1 0
purser/gen/go/purser/afterdark/v1/browse.pb.go:661.47,661.48 0 0
purser/gen/go/purser/afterdark/v1/browse.pb.go:663.69,665.14 2 0
purser/gen/go/purser/afterdark/v1/browse.pb.go:665.14,667.34 2 0
purser/gen/go/purser/afterdark/v1/browse.pb.go:667.34,669.4 1 0
purser/gen/go/purser/afterdark/v1/browse.pb.go:670.3,670.12 1 0
purser/gen/go/purser/afterdark/v1/browse.pb.go:672.2,672.24 1 0
purser/gen/go/purser/afterdark/v1/browse.pb.go:676.60,678.2 1 0
purser/gen/go/purser/afterdark/v1/browse.pb.go:680.53,681.14 1 0
purser/gen/go/purser/afterdark/v1/browse.pb.go:681.14,683.3 1 0
purser/gen/go/purser/afterdark/v1/browse.pb.go:684.2,684.10 1 0
purser/gen/go/purser/afterdark/v1/browse.pb.go:687.55,688.14 1 0
purser/gen/go/purser/afterdark/v1/browse.pb.go:688.14,690.3 1 0
purser/gen/go/purser/afterdark/v1/browse.pb.go:691.2,691.11 1 0
purser/gen/go/purser/afterdark/v1/browse.pb.go:702.42,707.2 4 0
purser/gen/go/purser/afterdark/v1/browse.pb.go:709.50,711.2 1 0
purser/gen/go/purser/afterdark/v1/browse.pb.go:713.48,713.49 0 0
purser/gen/go/purser/afterdark/v1/browse.pb.go:715.70,717.14 2 0
purser/gen/go/purser/afterdark/v1/browse.pb.go:717.14,719.34 2 0
purser/gen/go/purser/afterdark/v1/browse.pb.go:719.34,721.4 1 0
purser/gen/go/purser/afterdark/v1/browse.pb.go:722.3,722.12 1 0
purser/gen/go/purser/afterdark/v1/browse.pb.go:724.2,724.24 1 0
purser/gen/go/purser/afterdark/v1/browse.pb.go:728.61,730.2 1 0
purser/gen/go/purser/afterdark/v1/browse.pb.go:732.67,733.14 1 0
purser/gen/go/purser/afterdark/v1/browse.pb.go:733.14,735.3 1 0
purser/gen/go/purser/afterdark/v1/browse.pb.go:736.2,736.12 1 0
purser/gen/go/purser/afterdark/v1/browse.pb.go:739.60,740.14 1 0
purser/gen/go/purser/afterdark/v1/browse.pb.go:740.14,742.3 1 0
purser/gen/go/purser/afterdark/v1/browse.pb.go:743.2,743.11 1 0
purser/gen/go/purser/afterdark/v1/browse.pb.go:824.65,825.62 1 0
purser/gen/go/purser/afterdark/v1/browse.pb.go:825.62,827.3 1 0
purser/gen/go/purser/afterdark/v1/browse.pb.go:828.2,828.58 1 0
purser/gen/go/purser/afterdark/v1/browse.pb.go:878.13,878.61 1 0
purser/gen/go/purser/afterdark/v1/browse.pb.go:879.51,880.50 1 0
purser/gen/go/purser/afterdark/v1/browse.pb.go:880.50,882.3 1 0
purser/gen/go/purser/afterdark/v1/browse.pb.go:883.2,900.53 6 0
purser/gen/go/purser/afterdark/v1/performer_profile.pb.go:34.28,39.2 4 0
purser/gen/go/purser/afterdark/v1/performer_profile.pb.go:41.36,43.2 1 0
purser/gen/go/purser/afterdark/v1/performer_profile.pb.go:45.34,45.35 0 0
purser/gen/go/purser/afterdark/v1/performer_profile.pb.go:47.56,49.14 2 0
purser/gen/go/purser/afterdark/v1/performer_profile.pb.go:49.14,51.34 2 0
purser/gen/go/purser/afterdark/v1/performer_profile.pb.go:51.34,53.4 1 0
purser/gen/go/purser/afterdark/v1/performer_profile.pb.go:54.3,54.12 1 0
purser/gen/go/purser/afterdark/v1/performer_profile.pb.go:56.2,56.24 1 0
purser/gen/go/purser/afterdark/v1/performer_profile.pb.go:60.47,62.2 1 0
purser/gen/go/purser/afterdark/v1/performer_profile.pb.go:64.41,65.14 1 0
purser/gen/go/purser/afterdark/v1/performer_profile.pb.go:65.14,67.3 1 0
purser/gen/go/purser/afterdark/v1/performer_profile.pb.go:68.2,68.11 1 0
purser/gen/go/purser/afterdark/v1/performer_profile.pb.go:71.44,72.14 1 0
purser/gen/go/purser/afterdark/v1/performer_profile.pb.go:72.14,74.3 1 0
purser/gen/go/purser/afterdark/v1/performer_profile.pb.go:75.2,75.11 1 0
purser/gen/go/purser/afterdark/v1/performer_profile.pb.go:96.36,101.2 4 0
purser/gen/go/purser/afterdark/v1/performer_profile.pb.go:103.44,105.2 1 0
purser/gen/go/purser/afterdark/v1/performer_profile.pb.go:107.42,107.43 0 0
purser/gen/go/purser/afterdark/v1/performer_profile.pb.go:109.64,111.14 2 0
purser/gen/go/purser/afterdark/v1/performer_profile.pb.go:111.14,113.34 2 0
purser/gen/go/purser/afterdark/v1/performer_profile.pb.go:113.34,115.4 1 0
purser/gen/go/purser/afterdark/v1/performer_profile.pb.go:116.3,116.12 1 0
purser/gen/go/purser/afterdark/v1/performer_profile.pb.go:118.2,118.24 1 0
purser/gen/go/purser/afterdark/v1/performer_profile.pb.go:122.55,124.2 1 0
purser/gen/go/purser/afterdark/v1/performer_profile.pb.go:126.49,127.14 1 0
purser/gen/go/purser/afterdark/v1/performer_profile.pb.go:127.14,129.3 1 0
purser/gen/go/purser/afterdark/v1/performer_profile.pb.go:130.2,130.11 1 0
purser/gen/go/purser/afterdark/v1/performer_profile.pb.go:133.48,134.14 1 0
purser/gen/go/purser/afterdark/v1/performer_profile.pb.go:134.14,136.3 1 0
purser/gen/go/purser/afterdark/v1/performer_profile.pb.go:137.2,137.11 1 0
purser/gen/go/purser/afterdark/v1/performer_profile.pb.go:140.49,141.14 1 0
purser/gen/go/purser/afterdark/v1/performer_profile.pb.go:141.14,143.3 1 0
purser/gen/go/purser/afterdark/v1/performer_profile.pb.go:144.2,144.11 1 0
purser/gen/go/purser/afterdark/v1/performer_profile.pb.go:147.51,148.14 1 0
purser/gen/go/purser/afterdark/v1/performer_profile.pb.go:148.14,150.3 1 0
purser/gen/go/purser/afterdark/v1/performer_profile.pb.go:151.2,151.11 1 0
purser/gen/go/purser/afterdark/v1/performer_profile.pb.go:154.53,155.14 1 0
purser/gen/go/purser/afterdark/v1/performer_profile.pb.go:155.14,157.3 1 0
purser/gen/go/purser/afterdark/v1/performer_profile.pb.go:158.2,158.12 1 0
purser/gen/go/purser/afterdark/v1/performer_profile.pb.go:161.55,162.14 1 0
purser/gen/go/purser/afterdark/v1/performer_profile.pb.go:162.14,164.3 1 0
purser/gen/go/purser/afterdark/v1/performer_profile.pb.go:165.2,165.12 1 0
purser/gen/go/purser/afterdark/v1/performer_profile.pb.go:168.55,169.14 1 0
purser/gen/go/purser/afterdark/v1/performer_profile.pb.go:169.14,171.3 1 0
purser/gen/go/purser/afterdark/v1/performer_profile.pb.go:172.2,172.10 1 0
purser/gen/go/purser/afterdark/v1/performer_profile.pb.go:175.53,176.14 1 0
purser/gen/go/purser/afterdark/v1/performer_profile.pb.go:176.14,178.3 1 0
purser/gen/go/purser/afterdark/v1/performer_profile.pb.go:179.2,179.10 1 0
purser/gen/go/purser/afterdark/v1/performer_profile.pb.go:192.49,197.2 4 0
purser/gen/go/purser/afterdark/v1/performer_profile.pb.go:199.57,201.2 1 0
purser/gen/go/purser/afterdark/v1/performer_profile.pb.go:203.55,203.56 0 0
purser/gen/go/purser/afterdark/v1/performer_profile.pb.go:205.77,207.14 2 0
purser/gen/go/purser/afterdark/v1/performer_profile.pb.go:207.14,209.34 2 0
purser/gen/go/purser/afterdark/v1/performer_profile.pb.go:209.34,211.4 1 0
purser/gen/go/purser/afterdark/v1/performer_profile.pb.go:212.3,212.12 1 0
purser/gen/go/purser/afterdark/v1/performer_profile.pb.go:214.2,214.24 1 0
purser/gen/go/purser/afterdark/v1/performer_profile.pb.go:218.68,220.2 1 0
purser/gen/go/purser/afterdark/v1/performer_profile.pb.go:222.81,223.14 1 0
purser/gen/go/purser/afterdark/v1/performer_profile.pb.go:223.14,225.3 1 0
purser/gen/go/purser/afterdark/v1/performer_profile.pb.go:226.2,226.12 1 0
purser/gen/go/purser/afterdark/v1/performer_profile.pb.go:236.50,241.2 4 0
purser/gen/go/purser/afterdark/v1/performer_profile.pb.go:243.58,245.2 1 0
purser/gen/go/purser/afterdark/v1/performer_profile.pb.go:247.56,247.57 0 0
purser/gen/go/purser/afterdark/v1/performer_profile.pb.go:249.78,251.14 2 0
purser/gen/go/purser/afterdark/v1/performer_profile.pb.go:251.14,253.34 2 0
purser/gen/go/purser/afterdark/v1/performer_profile.pb.go:253.34,255.4 1 0
purser/gen/go/purser/afterdark/v1/performer_profile.pb.go:256.3,256.12 1 0
purser/gen/go/purser/afterdark/v1/performer_profile.pb.go:258.2,258.24 1 0
purser/gen/go/purser/afterdark/v1/performer_profile.pb.go:262.69,264.2 1 0
purser/gen/go/purser/afterdark/v1/performer_profile.pb.go:266.82,267.14 1 0
purser/gen/go/purser/afterdark/v1/performer_profile.pb.go:267.14,269.3 1 0
purser/gen/go/purser/afterdark/v1/performer_profile.pb.go:270.2,270.12 1 0
purser/gen/go/purser/afterdark/v1/performer_profile.pb.go:280.46,285.2 4 0
purser/gen/go/purser/afterdark/v1/performer_profile.pb.go:287.54,289.2 1 0
purser/gen/go/purser/afterdark/v1/performer_profile.pb.go:291.52,291.53 0 0
purser/gen/go/purser/afterdark/v1/performer_profile.pb.go:293.74,295.14 2 0
purser/gen/go/purser/afterdark/v1/performer_profile.pb.go:295.14,297.34 2 0
purser/gen/go/purser/afterdark/v1/performer_profile.pb.go:297.34,299.4 1 0
purser/gen/go/purser/afterdark/v1/performer_profile.pb.go:300.3,300.12 1 0
purser/gen/go/purser/afterdark/v1/performer_profile.pb.go:302.2,302.24 1 0
purser/gen/go/purser/afterdark/v1/performer_profile.pb.go:306.65,308.2 1 0
purser/gen/go/purser/afterdark/v1/performer_profile.pb.go:310.59,311.14 1 0
purser/gen/go/purser/afterdark/v1/performer_profile.pb.go:311.14,313.3 1 0
purser/gen/go/purser/afterdark/v1/performer_profile.pb.go:314.2,314.11 1 0
purser/gen/go/purser/afterdark/v1/performer_profile.pb.go:324.47,329.2 4 0
purser/gen/go/purser/afterdark/v1/performer_profile.pb.go:331.55,333.2 1 0
purser/gen/go/purser/afterdark/v1/performer_profile.pb.go:335.53,335.54 0 0
purser/gen/go/purser/afterdark/v1/performer_profile.pb.go:337.75,339.14 2 0
purser/gen/go/purser/afterdark/v1/performer_profile.pb.go:339.14,341.34 2 0
purser/gen/go/purser/afterdark/v1/performer_profile.pb.go:341.34,343.4 1 0
purser/gen/go/purser/afterdark/v1/performer_profile.pb.go:344.3,344.12 1 0
purser/gen/go/purser/afterdark/v1/performer_profile.pb.go:346.2,346.24 1 0
purser/gen/go/purser/afterdark/v1/performer_profile.pb.go:350.66,352.2 1 0
purser/gen/go/purser/afterdark/v1/performer_profile.pb.go:354.79,355.14 1 0
purser/gen/go/purser/afterdark/v1/performer_profile.pb.go:355.14,357.3 1 0
purser/gen/go/purser/afterdark/v1/performer_profile.pb.go:358.2,358.12 1 0
purser/gen/go/purser/afterdark/v1/performer_profile.pb.go:369.49,374.2 4 0
purser/gen/go/purser/afterdark/v1/performer_profile.pb.go:376.57,378.2 1 0
purser/gen/go/purser/afterdark/v1/performer_profile.pb.go:380.55,380.56 0 0
purser/gen/go/purser/afterdark/v1/performer_profile.pb.go:382.77,384.14 2 0
purser/gen/go/purser/afterdark/v1/performer_profile.pb.go:384.14,386.34 2 0
purser/gen/go/purser/afterdark/v1/performer_profile.pb.go:386.34,388.4 1 0
purser/gen/go/purser/afterdark/v1/performer_profile.pb.go:389.3,389.12 1 0
purser/gen/go/purser/afterdark/v1/performer_profile.pb.go:391.2,391.24 1 0
purser/gen/go/purser/afterdark/v1/performer_profile.pb.go:395.68,397.2 1 0
purser/gen/go/purser/afterdark/v1/performer_profile.pb.go:399.81,400.14 1 0
purser/gen/go/purser/afterdark/v1/performer_profile.pb.go:400.14,402.3 1 0
purser/gen/go/purser/afterdark/v1/performer_profile.pb.go:403.2,403.12 1 0
purser/gen/go/purser/afterdark/v1/performer_profile.pb.go:406.80,407.14 1 0
purser/gen/go/purser/afterdark/v1/performer_profile.pb.go:407.14,409.3 1 0
purser/gen/go/purser/afterdark/v1/performer_profile.pb.go:410.2,410.12 1 0
purser/gen/go/purser/afterdark/v1/performer_profile.pb.go:420.50,425.2 4 0
purser/gen/go/purser/afterdark/v1/performer_profile.pb.go:427.58,429.2 1 0
purser/gen/go/purser/afterdark/v1/performer_profile.pb.go:431.56,431.57 0 0
purser/gen/go/purser/afterdark/v1/performer_profile.pb.go:433.78,435.14 2 0
purser/gen/go/purser/afterdark/v1/performer_profile.pb.go:435.14,437.34 2 0
purser/gen/go/purser/afterdark/v1/performer_profile.pb.go:437.34,439.4 1 0
purser/gen/go/purser/afterdark/v1/performer_profile.pb.go:440.3,440.12 1 0
purser/gen/go/purser/afterdark/v1/performer_profile.pb.go:442.2,442.24 1 0
purser/gen/go/purser/afterdark/v1/performer_profile.pb.go:446.69,448.2 1 0
purser/gen/go/purser/afterdark/v1/performer_profile.pb.go:450.82,451.14 1 0
purser/gen/go/purser/afterdark/v1/performer_profile.pb.go:451.14,453.3 1 0
purser/gen/go/purser/afterdark/v1/performer_profile.pb.go:454.2,454.12 1 0
purser/gen/go/purser/afterdark/v1/performer_profile.pb.go:464.49,469.2 4 0
purser/gen/go/purser/afterdark/v1/performer_profile.pb.go:471.57,473.2 1 0
purser/gen/go/purser/afterdark/v1/performer_profile.pb.go:475.55,475.56 0 0
purser/gen/go/purser/afterdark/v1/performer_profile.pb.go:477.77,479.14 2 0
purser/gen/go/purser/afterdark/v1/performer_profile.pb.go:479.14,481.34 2 0
purser/gen/go/purser/afterdark/v1/performer_profile.pb.go:481.34,483.4 1 0
purser/gen/go/purser/afterdark/v1/performer_profile.pb.go:484.3,484.12 1 0
purser/gen/go/purser/afterdark/v1/performer_profile.pb.go:486.2,486.24 1 0
purser/gen/go/purser/afterdark/v1/performer_profile.pb.go:490.68,492.2 1 0
purser/gen/go/purser/afterdark/v1/performer_profile.pb.go:494.62,495.14 1 0
purser/gen/go/purser/afterdark/v1/performer_profile.pb.go:495.14,497.3 1 0
purser/gen/go/purser/afterdark/v1/performer_profile.pb.go:498.2,498.11 1 0
purser/gen/go/purser/afterdark/v1/performer_profile.pb.go:507.50,512.2 4 0
purser/gen/go/purser/afterdark/v1/performer_profile.pb.go:514.58,516.2 1 0
purser/gen/go/purser/afterdark/v1/performer_profile.pb.go:518.56,518.57 0 0
purser/gen/go/purser/afterdark/v1/performer_profile.pb.go:520.78,522.14 2 0
purser/gen/go/purser/afterdark/v1/performer_profile.pb.go:522.14,524.34 2 0
purser/gen/go/purser/afterdark/v1/performer_profile.pb.go:524.34,526.4 1 0
purser/gen/go/purser/afterdark/v1/performer_profile.pb.go:527.3,527.12 1 0
purser/gen/go/purser/afterdark/v1/performer_profile.pb.go:529.2,529.24 1 0
purser/gen/go/purser/afterdark/v1/performer_profile.pb.go:533.69,535.2 1 0
purser/gen/go/purser/afterdark/v1/performer_profile.pb.go:545.48,550.2 4 0
purser/gen/go/purser/afterdark/v1/performer_profile.pb.go:552.56,554.2 1 0
purser/gen/go/purser/afterdark/v1/performer_profile.pb.go:556.54,556.55 0 0
purser/gen/go/purser/afterdark/v1/performer_profile.pb.go:558.76,560.14 2 0
purser/gen/go/purser/afterdark/v1/performer_profile.pb.go:560.14,562.34 2 0
purser/gen/go/purser/afterdark/v1/performer_profile.pb.go:562.34,564.4 1 0
purser/gen/go/purser/afterdark/v1/performer_profile.pb.go:565.3,565.12 1 0
purser/gen/go/purser/afterdark/v1/performer_profile.pb.go:567.2,567.24 1 0
purser/gen/go/purser/afterdark/v1/performer_profile.pb.go:571.67,573.2 1 0
purser/gen/go/purser/afterdark/v1/performer_profile.pb.go:575.60,576.14 1 0
purser/gen/go/purser/afterdark/v1/performer_profile.pb.go:576.14,578.3 1 0
purser/gen/go/purser/afterdark/v1/performer_profile.pb.go:579.2,579.10 1 0
purser/gen/go/purser/afterdark/v1/performer_profile.pb.go:582.62,583.14 1 0
purser/gen/go/purser/afterdark/v1/performer_profile.pb.go:583.14,585.3 1 0
purser/gen/go/purser/afterdark/v1/performer_profile.pb.go:586.2,586.11 1 0
purser/gen/go/purser/afterdark/v1/performer_profile.pb.go:597.49,602.2 4 0
purser/gen/go/purser/afterdark/v1/performer_profile.pb.go:604.57,606.2 1 0
purser/gen/go/purser/afterdark/v1/performer_profile.pb.go:608.55,608.56 0 0
purser/gen/go/purser/afterdark/v1/performer_profile.pb.go:610.77,612.14 2 0
purser/gen/go/purser/afterdark/v1/performer_profile.pb.go:612.14,614.34 2 0
purser/gen/go/purser/afterdark/v1/performer_profile.pb.go:614.34,616.4 1 0
purser/gen/go/purser/afterdark/v1/performer_profile.pb.go:617.3,617.12 1 0
purser/gen/go/purser/afterdark/v1/performer_profile.pb.go:619.2,619.24 1 0
purser/gen/go/purser/afterdark/v1/performer_profile.pb.go:623.68,625.2 1 0
purser/gen/go/purser/afterdark/v1/performer_profile.pb.go:627.84,628.14 1 0
purser/gen/go/purser/afterdark/v1/performer_profile.pb.go:628.14,630.3 1 0
purser/gen/go/purser/afterdark/v1/performer_profile.pb.go:631.2,631.12 1 0
purser/gen/go/purser/afterdark/v1/performer_profile.pb.go:634.67,635.14 1 0
purser/gen/go/purser/afterdark/v1/performer_profile.pb.go:635.14,637.3 1 0
purser/gen/go/purser/afterdark/v1/performer_profile.pb.go:638.2,638.11 1 0
purser/gen/go/purser/afterdark/v1/performer_profile.pb.go:695.76,696.73 1 0
purser/gen/go/purser/afterdark/v1/performer_profile.pb.go:696.73,698.3 1 0
purser/gen/go/purser/afterdark/v1/performer_profile.pb.go:699.2,699.69 1 0
purser/gen/go/purser/afterdark/v1/performer_profile.pb.go:745.13,745.72 1 0
purser/gen/go/purser/afterdark/v1/performer_profile.pb.go:746.62,747.61 1 0
purser/gen/go/purser/afterdark/v1/performer_profile.pb.go:747.61,749.3 1 0
purser/gen/go/purser/afterdark/v1/performer_profile.pb.go:750.2,766.64 5 0
purser/gen/go/purser/job/v1/jobv1connect/job.connect.go:61.120,90.2 3 0
purser/gen/go/purser/job/v1/jobv1connect/job.connect.go:101.154,103.2 1 0
purser/gen/go/purser/job/v1/jobv1connect/job.connect.go:106.142,108.2 1 0
purser/gen/go/purser/job/v1/jobv1connect/job.connect.go:111.148,113.2 1 0
purser/gen/go/purser/job/v1/jobv1connect/job.connect.go:116.153,118.2 1 0
purser/gen/go/purser/job/v1/jobv1connect/job.connect.go:133.104,159.101 6 0
purser/gen/go/purser/job/v1/jobv1connect/job.connect.go:159.101,160.21 1 0
purser/gen/go/purser/job/v1/jobv1connect/job.connect.go:161.38,162.47 1 0
purser/gen/go/purser/job/v1/jobv1connect/job.connect.go:163.34,164.43 1 0
purser/gen/go/purser/job/v1/jobv1connect/job.connect.go:165.36,166.45 1 0
purser/gen/go/purser/job/v1/jobv1connect/job.connect.go:167.36,168.45 1 0
purser/gen/go/purser/job/v1/jobv1connect/job.connect.go:169.11,170.23 1 0
purser/gen/go/purser/job/v1/jobv1connect/job.connect.go:178.157,180.2 1 0
purser/gen/go/purser/job/v1/jobv1connect/job.connect.go:182.145,184.2 1 0
purser/gen/go/purser/job/v1/jobv1connect/job.connect.go:186.151,188.2 1 0
purser/gen/go/purser/job/v1/jobv1connect/job.connect.go:190.145,192.2 1 0
purser/pkg/fswatch/config.go:41.29,49.2 1 15
purser/pkg/fswatch/config.go:52.34,53.25 1 21
purser/pkg/fswatch/config.go:53.25,55.3 1 1
purser/pkg/fswatch/config.go:56.2,56.25 1 20
purser/pkg/fswatch/config.go:56.25,58.3 1 3
purser/pkg/fswatch/config.go:59.2,59.32 1 17
purser/pkg/fswatch/config.go:59.32,61.3 1 1
purser/pkg/fswatch/config.go:62.2,62.23 1 16
purser/pkg/fswatch/config.go:62.23,64.3 1 1
purser/pkg/fswatch/config.go:65.2,65.12 1 15
purser/pkg/fswatch/event.go:20.36,21.11 1 103
purser/pkg/fswatch/event.go:22.15,23.19 1 96
purser/pkg/fswatch/event.go:24.15,25.19 1 6
purser/pkg/fswatch/event.go:26.15,27.19 1 1
purser/pkg/fswatch/event.go:28.10,29.19 1 0
purser/pkg/fswatch/options.go:26.32,32.2 1 12
purser/pkg/fswatch/options.go:35.40,36.26 1 0
purser/pkg/fswatch/options.go:36.26,36.42 1 0
purser/pkg/fswatch/options.go:40.57,41.26 1 0
purser/pkg/fswatch/options.go:41.26,41.51 1 0
purser/pkg/fswatch/options.go:45.56,46.26 1 0
purser/pkg/fswatch/options.go:46.26,46.50 1 0
purser/pkg/fswatch/options.go:53.42,54.26 1 1
purser/pkg/fswatch/options.go:54.26,54.44 1 1
purser/pkg/fswatch/resolver.go:38.66,40.16 2 495
purser/pkg/fswatch/resolver.go:40.16,42.3 1 0
purser/pkg/fswatch/resolver.go:43.2,44.16 2 495
purser/pkg/fswatch/resolver.go:44.16,46.3 1 12
purser/pkg/fswatch/resolver.go:48.2,49.60 2 483
purser/pkg/fswatch/resolver.go:49.60,51.3 1 1
purser/pkg/fswatch/resolver.go:53.2,54.26 2 482
purser/pkg/fswatch/resolver.go:54.26,56.3 1 4
purser/pkg/fswatch/resolver.go:58.2,59.41 2 478
purser/pkg/fswatch/source.go:15.33,16.12 1 264
purser/pkg/fswatch/source.go:17.16,18.18 1 263
purser/pkg/fswatch/source.go:19.15,20.17 1 0
purser/pkg/fswatch/source.go:21.16,22.18 1 1
purser/pkg/fswatch/source.go:23.16,24.18 1 0
purser/pkg/fswatch/source.go:25.10,26.19 1 0
purser/pkg/fswatch/watcher.go:95.87,96.19 1 15
purser/pkg/fswatch/watcher.go:96.19,98.3 1 1
purser/pkg/fswatch/watcher.go:99.2,99.21 1 14
purser/pkg/fswatch/watcher.go:99.21,101.3 1 1
purser/pkg/fswatch/watcher.go:102.2,102.39 1 13
purser/pkg/fswatch/watcher.go:102.39,104.3 1 1
purser/pkg/fswatch/watcher.go:106.2,107.26 2 12
purser/pkg/fswatch/watcher.go:107.26,109.17 2 12
purser/pkg/fswatch/watcher.go:109.17,111.4 1 0
purser/pkg/fswatch/watcher.go:112.3,112.55 1 12
purser/pkg/fswatch/watcher.go:115.2,116.27 2 12
purser/pkg/fswatch/watcher.go:116.27,118.3 1 1
purser/pkg/fswatch/watcher.go:120.2,121.21 2 12
purser/pkg/fswatch/watcher.go:121.21,123.3 1 11
purser/pkg/fswatch/watcher.go:125.2,146.142 4 12
purser/pkg/fswatch/watcher.go:146.142,148.3 1 0
purser/pkg/fswatch/watcher.go:149.2,149.147 1 12
purser/pkg/fswatch/watcher.go:149.147,151.3 1 0
purser/pkg/fswatch/watcher.go:152.2,152.164 1 12
purser/pkg/fswatch/watcher.go:152.164,154.3 1 0
purser/pkg/fswatch/watcher.go:155.2,155.187 1 12
purser/pkg/fswatch/watcher.go:155.187,157.3 1 0
purser/pkg/fswatch/watcher.go:159.2,159.15 1 12
purser/pkg/fswatch/watcher.go:166.52,167.31 1 12
purser/pkg/fswatch/watcher.go:167.31,169.17 2 12
purser/pkg/fswatch/watcher.go:169.17,171.4 1 1
purser/pkg/fswatch/watcher.go:172.3,172.20 1 11
purser/pkg/fswatch/watcher.go:172.20,174.4 1 1
purser/pkg/fswatch/watcher.go:175.3,175.37 1 10
purser/pkg/fswatch/watcher.go:178.2,180.12 3 10
purser/pkg/fswatch/watcher.go:187.41,187.60 1 37
purser/pkg/fswatch/watcher.go:191.41,191.60 1 1
purser/pkg/fswatch/watcher.go:196.33,198.24 2 10
purser/pkg/fswatch/watcher.go:198.24,202.3 3 10
purser/pkg/fswatch/watcher.go:203.2,203.12 1 10
purser/pkg/fswatch/watcher.go:206.44,212.15 4 10
purser/pkg/fswatch/watcher.go:212.15,213.31 1 10
purser/pkg/fswatch/watcher.go:213.31,215.4 1 2
purser/pkg/fswatch/watcher.go:216.3,218.18 3 10
purser/pkg/fswatch/watcher.go:221.2,221.6 1 10
purser/pkg/fswatch/watcher.go:221.6,222.10 1 308
purser/pkg/fswatch/watcher.go:223.21,224.10 1 9
purser/pkg/fswatch/watcher.go:225.17,226.10 1 1
purser/pkg/fswatch/watcher.go:227.28,228.11 1 264
purser/pkg/fswatch/watcher.go:228.11,230.13 2 0
purser/pkg/fswatch/watcher.go:232.4,232.25 1 264
purser/pkg/fswatch/watcher.go:233.26,234.11 1 0
purser/pkg/fswatch/watcher.go:234.11,236.13 2 0
purser/pkg/fswatch/watcher.go:238.4,238.28 1 0
purser/pkg/fswatch/watcher.go:239.30,241.35 2 34
purser/pkg/fswatch/watcher.go:241.35,242.13 1 0
purser/pkg/fswatch/watcher.go:244.4,244.32 1 34
purser/pkg/fswatch/watcher.go:257.78,258.82 1 46
purser/pkg/fswatch/watcher.go:258.82,259.17 1 221
purser/pkg/fswatch/watcher.go:259.17,262.4 2 0
purser/pkg/fswatch/watcher.go:263.3,263.16 1 221
purser/pkg/fswatch/watcher.go:263.16,265.4 1 48
purser/pkg/fswatch/watcher.go:266.3,266.50 1 221
purser/pkg/fswatch/watcher.go:266.50,272.4 2 211
purser/pkg/fswatch/watcher.go:273.3,273.13 1 221
purser/pkg/fswatch/watcher.go:275.2,275.16 1 46
purser/pkg/fswatch/watcher.go:275.16,277.3 1 0
purser/pkg/fswatch/watcher.go:280.62,281.42 1 48
purser/pkg/fswatch/watcher.go:281.42,283.3 1 3
purser/pkg/fswatch/watcher.go:284.2,284.43 1 45
purser/pkg/fswatch/watcher.go:284.43,287.3 2 1
purser/pkg/fswatch/watcher.go:288.2,290.57 3 44
purser/pkg/fswatch/watcher.go:298.68,299.27 1 1
purser/pkg/fswatch/watcher.go:299.27,300.77 1 2
purser/pkg/fswatch/watcher.go:300.77,304.4 3 1
purser/pkg/fswatch/watcher.go:308.64,310.9 2 264
purser/pkg/fswatch/watcher.go:310.9,312.3 1 0
purser/pkg/fswatch/watcher.go:314.2,318.9 3 264
purser/pkg/fswatch/watcher.go:318.9,320.3 1 3
purser/pkg/fswatch/watcher.go:325.2,325.68 1 261
purser/pkg/fswatch/watcher.go:325.68,328.3 2 1
purser/pkg/fswatch/watcher.go:330.2,330.24 1 260
purser/pkg/fswatch/watcher.go:330.24,331.65 1 260
purser/pkg/fswatch/watcher.go:331.65,334.4 2 36
purser/pkg/fswatch/watcher.go:337.2,338.48 2 224
purser/pkg/fswatch/watcher.go:345.95,349.13 3 435
purser/pkg/fswatch/watcher.go:349.13,351.40 2 37
purser/pkg/fswatch/watcher.go:351.40,353.4 1 34
purser/pkg/fswatch/watcher.go:354.3,360.22 2 37
purser/pkg/fswatch/watcher.go:362.2,362.12 1 435
purser/pkg/fswatch/watcher.go:362.12,364.3 1 396
purser/pkg/fswatch/watcher.go:366.2,369.74 3 435
purser/pkg/fswatch/watcher.go:369.74,371.3 1 5
purser/pkg/fswatch/watcher.go:373.2,375.41 2 435
purser/pkg/fswatch/watcher.go:375.41,378.3 2 435
purser/pkg/fswatch/watcher.go:382.2,382.26 1 0
purser/pkg/fswatch/watcher.go:385.77,386.42 1 1
purser/pkg/fswatch/watcher.go:386.42,389.3 2 1
purser/pkg/fswatch/watcher.go:390.2,397.15 6 1
purser/pkg/fswatch/watcher.go:403.78,411.25 4 34
purser/pkg/fswatch/watcher.go:411.25,413.3 1 218
purser/pkg/fswatch/watcher.go:414.2,425.23 4 34
purser/pkg/fswatch/watcher.go:425.23,427.3 1 32
purser/pkg/fswatch/watcher.go:428.2,436.15 5 34
purser/pkg/fswatch/watcher.go:439.55,441.28 2 264
purser/pkg/fswatch/watcher.go:441.28,442.16 1 264
purser/pkg/fswatch/watcher.go:442.16,444.4 1 0
purser/pkg/fswatch/watcher.go:445.3,446.17 2 264
purser/pkg/fswatch/watcher.go:446.17,447.12 1 0
purser/pkg/fswatch/watcher.go:449.3,450.61 2 264
purser/pkg/fswatch/watcher.go:450.61,451.12 1 0
purser/pkg/fswatch/watcher.go:453.3,453.25 1 264
purser/pkg/fswatch/watcher.go:453.25,455.4 1 264
purser/pkg/fswatch/watcher.go:457.2,457.16 1 264
purser/pkg/fswatch/watcher.go:457.16,459.3 1 0
purser/pkg/fswatch/watcher.go:460.2,460.19 1 264
purser/pkg/fswatch/watcher.go:469.87,471.34 2 435
purser/pkg/fswatch/watcher.go:471.34,473.10 2 34
purser/pkg/fswatch/watcher.go:474.58,474.58 0 34
purser/pkg/fswatch/watcher.go:475.17,475.17 0 0
purser/pkg/fswatch/watcher.go:486.45,487.20 1 438
purser/pkg/fswatch/watcher.go:487.20,489.3 1 37
purser/pkg/fswatch/watcher.go:490.2,490.20 1 401
purser/pkg/fswatch/watcher.go:490.20,492.3 1 401
purser/pkg/fswatch/watcher.go:493.2,493.15 1 401
purser/pkg/fswatch/watcher.go:499.37,501.12 2 35
purser/pkg/fswatch/watcher.go:501.12,503.10 2 35
purser/pkg/fswatch/watcher.go:504.23,504.23 0 35
purser/pkg/fswatch/watcher.go:505.17,505.17 0 0
purser/pkg/fswatch/watcher.go:510.64,513.12 3 1
purser/pkg/fswatch/watcher.go:513.12,515.10 2 1
purser/pkg/fswatch/watcher.go:516.24,516.24 0 1
purser/pkg/fswatch/watcher.go:517.17,517.17 0 0
purser/pkg/fswatch/watcher.go:522.51,523.26 1 397
purser/pkg/fswatch/watcher.go:523.26,524.43 1 1579
purser/pkg/fswatch/watcher.go:524.43,526.4 1 1
purser/pkg/fswatch/watcher.go:528.2,528.14 1 396
purser/gen/go/purser/afterdark/v1/afterdarkv1connect/browse.connect.go:73.126,114.2 3 0
purser/gen/go/purser/afterdark/v1/afterdarkv1connect/browse.connect.go:127.184,129.2 1 0
purser/gen/go/purser/afterdark/v1/afterdarkv1connect/browse.connect.go:132.193,134.2 1 0
purser/gen/go/purser/afterdark/v1/afterdarkv1connect/browse.connect.go:137.193,139.2 1 0
purser/gen/go/purser/afterdark/v1/afterdarkv1connect/browse.connect.go:142.196,144.2 1 0
purser/gen/go/purser/afterdark/v1/afterdarkv1connect/browse.connect.go:147.199,149.2 1 0
purser/gen/go/purser/afterdark/v1/afterdarkv1connect/browse.connect.go:152.169,154.2 1 0
purser/gen/go/purser/afterdark/v1/afterdarkv1connect/browse.connect.go:171.110,209.110 8 0
purser/gen/go/purser/afterdark/v1/afterdarkv1connect/browse.connect.go:209.110,210.21 1 0
purser/gen/go/purser/afterdark/v1/afterdarkv1connect/browse.connect.go:211.50,212.59 1 0
purser/gen/go/purser/afterdark/v1/afterdarkv1connect/browse.connect.go:213.53,214.62 1 0
purser/gen/go/purser/afterdark/v1/afterdarkv1connect/browse.connect.go:215.53,216.62 1 0
purser/gen/go/purser/afterdark/v1/afterdarkv1connect/browse.connect.go:217.54,218.63 1 0
purser/gen/go/purser/afterdark/v1/afterdarkv1connect/browse.connect.go:219.55,220.64 1 0
purser/gen/go/purser/afterdark/v1/afterdarkv1connect/browse.connect.go:221.45,222.54 1 0
purser/gen/go/purser/afterdark/v1/afterdarkv1connect/browse.connect.go:223.11,224.23 1 0
purser/gen/go/purser/afterdark/v1/afterdarkv1connect/browse.connect.go:232.187,234.2 1 0
purser/gen/go/purser/afterdark/v1/afterdarkv1connect/browse.connect.go:236.196,238.2 1 0
purser/gen/go/purser/afterdark/v1/afterdarkv1connect/browse.connect.go:240.196,242.2 1 0
purser/gen/go/purser/afterdark/v1/afterdarkv1connect/browse.connect.go:244.199,246.2 1 0
purser/gen/go/purser/afterdark/v1/afterdarkv1connect/browse.connect.go:248.202,250.2 1 0
purser/gen/go/purser/afterdark/v1/afterdarkv1connect/browse.connect.go:252.172,254.2 1 0
purser/gen/go/purser/afterdark/v1/afterdarkv1connect/performer_profile.connect.go:71.146,106.2 3 0
purser/gen/go/purser/afterdark/v1/afterdarkv1connect/performer_profile.connect.go:118.203,120.2 1 0
purser/gen/go/purser/afterdark/v1/afterdarkv1connect/performer_profile.connect.go:123.194,125.2 1 0
purser/gen/go/purser/afterdark/v1/afterdarkv1connect/performer_profile.connect.go:128.203,130.2 1 0
purser/gen/go/purser/afterdark/v1/afterdarkv1connect/performer_profile.connect.go:133.203,135.2 1 0
purser/gen/go/purser/afterdark/v1/afterdarkv1connect/performer_profile.connect.go:138.200,140.2 1 0
purser/gen/go/purser/afterdark/v1/afterdarkv1connect/performer_profile.connect.go:157.130,189.120 7 0
purser/gen/go/purser/afterdark/v1/afterdarkv1connect/performer_profile.connect.go:189.120,190.21 1 0
purser/gen/go/purser/afterdark/v1/afterdarkv1connect/performer_profile.connect.go:191.63,192.72 1 0
purser/gen/go/purser/afterdark/v1/afterdarkv1connect/performer_profile.connect.go:193.60,194.69 1 0
purser/gen/go/purser/afterdark/v1/afterdarkv1connect/performer_profile.connect.go:195.63,196.72 1 0
purser/gen/go/purser/afterdark/v1/afterdarkv1connect/performer_profile.connect.go:197.63,198.72 1 0
purser/gen/go/purser/afterdark/v1/afterdarkv1connect/performer_profile.connect.go:199.62,200.71 1 0
purser/gen/go/purser/afterdark/v1/afterdarkv1connect/performer_profile.connect.go:201.11,202.23 1 0
purser/gen/go/purser/afterdark/v1/afterdarkv1connect/performer_profile.connect.go:210.206,212.2 1 0
purser/gen/go/purser/afterdark/v1/afterdarkv1connect/performer_profile.connect.go:214.197,216.2 1 0
purser/gen/go/purser/afterdark/v1/afterdarkv1connect/performer_profile.connect.go:218.206,220.2 1 0
purser/gen/go/purser/afterdark/v1/afterdarkv1connect/performer_profile.connect.go:222.206,224.2 1 0
purser/gen/go/purser/afterdark/v1/afterdarkv1connect/performer_profile.connect.go:226.203,228.2 1 0
purser/gen/go/purser/job/v1/job.pb.go:60.38,64.2 3 0
purser/gen/go/purser/job/v1/job.pb.go:66.36,68.2 1 0
purser/gen/go/purser/job/v1/job.pb.go:70.59,72.2 1 0
purser/gen/go/purser/job/v1/job.pb.go:74.47,76.2 1 0
purser/gen/go/purser/job/v1/job.pb.go:78.53,80.2 1 0
purser/gen/go/purser/job/v1/job.pb.go:83.51,85.2 1 0
purser/gen/go/purser/job/v1/job.pb.go:114.44,118.2 3 0
purser/gen/go/purser/job/v1/job.pb.go:120.39,122.2 1 0
purser/gen/go/purser/job/v1/job.pb.go:124.62,126.2 1 0
purser/gen/go/purser/job/v1/job.pb.go:128.50,130.2 1 0
purser/gen/go/purser/job/v1/job.pb.go:132.56,134.2 1 0
purser/gen/go/purser/job/v1/job.pb.go:137.54,139.2 1 0
purser/gen/go/purser/job/v1/job.pb.go:157.24,162.2 4 0
purser/gen/go/purser/job/v1/job.pb.go:164.32,166.2 1 0
purser/gen/go/purser/job/v1/job.pb.go:168.30,168.31 0 0
purser/gen/go/purser/job/v1/job.pb.go:170.52,172.14 2 0
purser/gen/go/purser/job/v1/job.pb.go:172.14,174.34 2 0
purser/gen/go/purser/job/v1/job.pb.go:174.34,176.4 1 0
purser/gen/go/purser/job/v1/job.pb.go:177.3,177.12 1 0
purser/gen/go/purser/job/v1/job.pb.go:179.2,179.24 1 0
purser/gen/go/purser/job/v1/job.pb.go:183.43,185.2 1 0
purser/gen/go/purser/job/v1/job.pb.go:187.31,188.14 1 0
purser/gen/go/purser/job/v1/job.pb.go:188.14,190.3 1 0
purser/gen/go/purser/job/v1/job.pb.go:191.2,191.11 1 0
purser/gen/go/purser/job/v1/job.pb.go:194.33,195.14 1 0
purser/gen/go/purser/job/v1/job.pb.go:195.14,197.3 1 0
purser/gen/go/purser/job/v1/job.pb.go:198.2,198.11 1 0
purser/gen/go/purser/job/v1/job.pb.go:201.38,202.14 1 0
purser/gen/go/purser/job/v1/job.pb.go:202.14,204.3 1 0
purser/gen/go/purser/job/v1/job.pb.go:205.2,205.41 1 0
purser/gen/go/purser/job/v1/job.pb.go:208.54,209.14 1 0
purser/gen/go/purser/job/v1/job.pb.go:209.14,211.3 1 0
purser/gen/go/purser/job/v1/job.pb.go:212.2,212.12 1 0
purser/gen/go/purser/job/v1/job.pb.go:215.55,216.14 1 0
purser/gen/go/purser/job/v1/job.pb.go:216.14,218.3 1 0
purser/gen/go/purser/job/v1/job.pb.go:219.2,219.12 1 0
purser/gen/go/purser/job/v1/job.pb.go:222.36,223.14 1 0
purser/gen/go/purser/job/v1/job.pb.go:223.14,225.3 1 0
purser/gen/go/purser/job/v1/job.pb.go:226.2,226.11 1 0
purser/gen/go/purser/job/v1/job.pb.go:229.46,230.14 1 0
purser/gen/go/purser/job/v1/job.pb.go:230.14,232.3 1 0
purser/gen/go/purser/job/v1/job.pb.go:233.2,233.12 1 0
purser/gen/go/purser/job/v1/job.pb.go:251.24,256.2 4 0
purser/gen/go/purser/job/v1/job.pb.go:258.32,260.2 1 0
purser/gen/go/purser/job/v1/job.pb.go:262.30,262.31 0 0
purser/gen/go/purser/job/v1/job.pb.go:264.52,266.14 2 0
purser/gen/go/purser/job/v1/job.pb.go:266.14,268.34 2 0
purser/gen/go/purser/job/v1/job.pb.go:268.34,270.4 1 0
purser/gen/go/purser/job/v1/job.pb.go:271.3,271.12 1 0
purser/gen/go/purser/job/v1/job.pb.go:273.2,273.24 1 0
purser/gen/go/purser/job/v1/job.pb.go:277.43,279.2 1 0
purser/gen/go/purser/job/v1/job.pb.go:281.31,282.14 1 0
purser/gen/go/purser/job/v1/job.pb.go:282.14,284.3 1 0
purser/gen/go/purser/job/v1/job.pb.go:285.2,285.11 1 0
purser/gen/go/purser/job/v1/job.pb.go:288.34,289.14 1 0
purser/gen/go/purser/job/v1/job.pb.go:289.14,291.3 1 0
purser/gen/go/purser/job/v1/job.pb.go:292.2,292.11 1 0
purser/gen/go/purser/job/v1/job.pb.go:295.38,296.14 1 0
purser/gen/go/purser/job/v1/job.pb.go:296.14,298.3 1 0
purser/gen/go/purser/job/v1/job.pb.go:299.2,299.41 1 0
purser/gen/go/purser/job/v1/job.pb.go:302.54,303.14 1 0
purser/gen/go/purser/job/v1/job.pb.go:303.14,305.3 1 0
purser/gen/go/purser/job/v1/job.pb.go:306.2,306.12 1 0
purser/gen/go/purser/job/v1/job.pb.go:309.55,310.14 1 0
purser/gen/go/purser/job/v1/job.pb.go:310.14,312.3 1 0
purser/gen/go/purser/job/v1/job.pb.go:313.2,313.12 1 0
purser/gen/go/purser/job/v1/job.pb.go:316.35,317.14 1 0
purser/gen/go/purser/job/v1/job.pb.go:317.14,319.3 1 0
purser/gen/go/purser/job/v1/job.pb.go:320.2,320.12 1 0
purser/gen/go/purser/job/v1/job.pb.go:323.38,324.14 1 0
purser/gen/go/purser/job/v1/job.pb.go:324.14,326.3 1 0
purser/gen/go/purser/job/v1/job.pb.go:327.2,327.10 1 0
purser/gen/go/purser/job/v1/job.pb.go:348.23,353.2 4 0
purser/gen/go/purser/job/v1/job.pb.go:355.31,357.2 1 0
purser/gen/go/purser/job/v1/job.pb.go:359.29,359.30 0 0
purser/gen/go/purser/job/v1/job.pb.go:361.51,363.14 2 0
purser/gen/go/purser/job/v1/job.pb.go:363.14,365.34 2 0
purser/gen/go/purser/job/v1/job.pb.go:365.34,367.4 1 0
purser/gen/go/purser/job/v1/job.pb.go:368.3,368.12 1 0
purser/gen/go/purser/job/v1/job.pb.go:370.2,370.24 1 0
purser/gen/go/purser/job/v1/job.pb.go:374.42,376.2 1 0
purser/gen/go/purser/job/v1/job.pb.go:378.30,379.14 1 0
purser/gen/go/purser/job/v1/job.pb.go:379.14,381.3 1 0
purser/gen/go/purser/job/v1/job.pb.go:382.2,382.11 1 0
purser/gen/go/purser/job/v1/job.pb.go:385.32,386.14 1 0
purser/gen/go/purser/job/v1/job.pb.go:386.14,388.3 1 0
purser/gen/go/purser/job/v1/job.pb.go:389.2,389.11 1 0
purser/gen/go/purser/job/v1/job.pb.go:392.37,393.14 1 0
purser/gen/go/purser/job/v1/job.pb.go:393.14,395.3 1 0
purser/gen/go/purser/job/v1/job.pb.go:396.2,396.41 1 0
purser/gen/go/purser/job/v1/job.pb.go:399.53,400.14 1 0
purser/gen/go/purser/job/v1/job.pb.go:400.14,402.3 1 0
purser/gen/go/purser/job/v1/job.pb.go:403.2,403.12 1 0
purser/gen/go/purser/job/v1/job.pb.go:406.53,407.14 1 0
purser/gen/go/purser/job/v1/job.pb.go:407.14,409.3 1 0
purser/gen/go/purser/job/v1/job.pb.go:410.2,410.12 1 0
purser/gen/go/purser/job/v1/job.pb.go:413.54,414.14 1 0
purser/gen/go/purser/job/v1/job.pb.go:414.14,416.3 1 0
purser/gen/go/purser/job/v1/job.pb.go:417.2,417.12 1 0
purser/gen/go/purser/job/v1/job.pb.go:420.34,421.14 1 0
purser/gen/go/purser/job/v1/job.pb.go:421.14,423.3 1 0
purser/gen/go/purser/job/v1/job.pb.go:424.2,424.12 1 0
purser/gen/go/purser/job/v1/job.pb.go:427.37,428.14 1 0
purser/gen/go/purser/job/v1/job.pb.go:428.14,430.3 1 0
purser/gen/go/purser/job/v1/job.pb.go:431.2,431.10 1 0
purser/gen/go/purser/job/v1/job.pb.go:451.37,456.2 4 0
purser/gen/go/purser/job/v1/job.pb.go:458.45,460.2 1 0
purser/gen/go/purser/job/v1/job.pb.go:462.43,462.44 0 0
purser/gen/go/purser/job/v1/job.pb.go:464.65,466.14 2 0
purser/gen/go/purser/job/v1/job.pb.go:466.14,468.34 2 0
purser/gen/go/purser/job/v1/job.pb.go:468.34,470.4 1 0
purser/gen/go/purser/job/v1/job.pb.go:471.3,471.12 1 0
purser/gen/go/purser/job/v1/job.pb.go:473.2,473.24 1 0
purser/gen/go/purser/job/v1/job.pb.go:477.56,479.2 1 0
purser/gen/go/purser/job/v1/job.pb.go:481.46,482.14 1 0
purser/gen/go/purser/job/v1/job.pb.go:482.14,484.3 1 0
purser/gen/go/purser/job/v1/job.pb.go:485.2,485.11 1 0
purser/gen/go/purser/job/v1/job.pb.go:488.54,489.14 1 0
purser/gen/go/purser/job/v1/job.pb.go:489.14,491.3 1 0
purser/gen/go/purser/job/v1/job.pb.go:492.2,492.12 1 0
purser/gen/go/purser/job/v1/job.pb.go:495.59,496.14 1 0
purser/gen/go/purser/job/v1/job.pb.go:496.14,498.3 1 0
purser/gen/go/purser/job/v1/job.pb.go:499.2,499.12 1 0
purser/gen/go/purser/job/v1/job.pb.go:509.38,514.2 4 0
purser/gen/go/purser/job/v1/job.pb.go:516.46,518.2 1 0
purser/gen/go/purser/job/v1/job.pb.go:520.44,520.45 0 0
purser/gen/go/purser/job/v1/job.pb.go:522.66,524.14 2 0
purser/gen/go/purser/job/v1/job.pb.go:524.14,526.34 2 0
purser/gen/go/purser/job/v1/job.pb.go:526.34,528.4 1 0
purser/gen/go/purser/job/v1/job.pb.go:529.3,529.12 1 0
purser/gen/go/purser/job/v1/job.pb.go:531.2,531.24 1 0
purser/gen/go/purser/job/v1/job.pb.go:535.57,537.2 1 0
purser/gen/go/purser/job/v1/job.pb.go:539.48,540.14 1 0
purser/gen/go/purser/job/v1/job.pb.go:540.14,542.3 1 0
purser/gen/go/purser/job/v1/job.pb.go:543.2,543.11 1 0
purser/gen/go/purser/job/v1/job.pb.go:553.33,558.2 4 0
purser/gen/go/purser/job/v1/job.pb.go:560.41,562.2 1 0
purser/gen/go/purser/job/v1/job.pb.go:564.39,564.40 0 0
purser/gen/go/purser/job/v1/job.pb.go:566.61,568.14 2 0
purser/gen/go/purser/job/v1/job.pb.go:568.14,570.34 2 0
purser/gen/go/purser/job/v1/job.pb.go:570.34,572.4 1 0
purser/gen/go/purser/job/v1/job.pb.go:573.3,573.12 1 0
purser/gen/go/purser/job/v1/job.pb.go:575.2,575.24 1 0
purser/gen/go/purser/job/v1/job.pb.go:579.52,581.2 1 0
purser/gen/go/purser/job/v1/job.pb.go:583.40,584.14 1 0
purser/gen/go/purser/job/v1/job.pb.go:584.14,586.3 1 0
purser/gen/go/purser/job/v1/job.pb.go:587.2,587.11 1 0
purser/gen/go/purser/job/v1/job.pb.go:597.34,602.2 4 0
purser/gen/go/purser/job/v1/job.pb.go:604.42,606.2 1 0
purser/gen/go/purser/job/v1/job.pb.go:608.40,608.41 0 0
purser/gen/go/purser/job/v1/job.pb.go:610.62,612.14 2 0
purser/gen/go/purser/job/v1/job.pb.go:612.14,614.34 2 0
purser/gen/go/purser/job/v1/job.pb.go:614.34,616.4 1 0
purser/gen/go/purser/job/v1/job.pb.go:617.3,617.12 1 0
purser/gen/go/purser/job/v1/job.pb.go:619.2,619.24 1 0
purser/gen/go/purser/job/v1/job.pb.go:623.53,625.2 1 0
purser/gen/go/purser/job/v1/job.pb.go:627.40,628.14 1 0
purser/gen/go/purser/job/v1/job.pb.go:628.14,630.3 1 0
purser/gen/go/purser/job/v1/job.pb.go:631.2,631.12 1 0
purser/gen/go/purser/job/v1/job.pb.go:647.35,652.2 4 0
purser/gen/go/purser/job/v1/job.pb.go:654.43,656.2 1 0
purser/gen/go/purser/job/v1/job.pb.go:658.41,658.42 0 0
purser/gen/go/purser/job/v1/job.pb.go:660.63,662.14 2 0
purser/gen/go/purser/job/v1/job.pb.go:662.14,664.34 2 0
purser/gen/go/purser/job/v1/job.pb.go:664.34,666.4 1 0
purser/gen/go/purser/job/v1/job.pb.go:667.3,667.12 1 0
purser/gen/go/purser/job/v1/job.pb.go:669.2,669.24 1 0
purser/gen/go/purser/job/v1/job.pb.go:673.54,675.2 1 0
purser/gen/go/purser/job/v1/job.pb.go:677.47,678.14 1 0
purser/gen/go/purser/job/v1/job.pb.go:678.14,680.3 1 0
purser/gen/go/purser/job/v1/job.pb.go:681.2,681.10 1 0
purser/gen/go/purser/job/v1/job.pb.go:684.49,685.14 1 0
purser/gen/go/purser/job/v1/job.pb.go:685.14,687.3 1 0
purser/gen/go/purser/job/v1/job.pb.go:688.2,688.11 1 0
purser/gen/go/purser/job/v1/job.pb.go:691.44,692.14 1 0
purser/gen/go/purser/job/v1/job.pb.go:692.14,694.3 1 0
purser/gen/go/purser/job/v1/job.pb.go:695.2,695.11 1 0
purser/gen/go/purser/job/v1/job.pb.go:698.49,699.14 1 0
purser/gen/go/purser/job/v1/job.pb.go:699.14,701.3 1 0
purser/gen/go/purser/job/v1/job.pb.go:702.2,702.41 1 0
purser/gen/go/purser/job/v1/job.pb.go:713.36,718.2 4 0
purser/gen/go/purser/job/v1/job.pb.go:720.44,722.2 1 0
purser/gen/go/purser/job/v1/job.pb.go:724.42,724.43 0 0
purser/gen/go/purser/job/v1/job.pb.go:726.64,728.14 2 0
purser/gen/go/purser/job/v1/job.pb.go:728.14,730.34 2 0
purser/gen/go/purser/job/v1/job.pb.go:730.34,732.4 1 0
purser/gen/go/purser/job/v1/job.pb.go:733.3,733.12 1 0
purser/gen/go/purser/job/v1/job.pb.go:735.2,735.24 1 0
purser/gen/go/purser/job/v1/job.pb.go:739.55,741.2 1 0
purser/gen/go/purser/job/v1/job.pb.go:743.45,744.14 1 0
purser/gen/go/purser/job/v1/job.pb.go:744.14,746.3 1 0
purser/gen/go/purser/job/v1/job.pb.go:747.2,747.12 1 0
purser/gen/go/purser/job/v1/job.pb.go:750.54,751.14 1 0
purser/gen/go/purser/job/v1/job.pb.go:751.14,753.3 1 0
purser/gen/go/purser/job/v1/job.pb.go:754.2,754.11 1 0
purser/gen/go/purser/job/v1/job.pb.go:772.28,777.2 4 0
purser/gen/go/purser/job/v1/job.pb.go:779.36,781.2 1 0
purser/gen/go/purser/job/v1/job.pb.go:783.34,783.35 0 0
purser/gen/go/purser/job/v1/job.pb.go:785.56,787.14 2 0
purser/gen/go/purser/job/v1/job.pb.go:787.14,789.34 2 0
purser/gen/go/purser/job/v1/job.pb.go:789.34,791.4 1 0
purser/gen/go/purser/job/v1/job.pb.go:792.3,792.12 1 0
purser/gen/go/purser/job/v1/job.pb.go:794.2,794.24 1 0
purser/gen/go/purser/job/v1/job.pb.go:798.47,800.2 1 0
purser/gen/go/purser/job/v1/job.pb.go:802.43,803.14 1 0
purser/gen/go/purser/job/v1/job.pb.go:803.14,805.3 1 0
purser/gen/go/purser/job/v1/job.pb.go:806.2,806.48 1 0
purser/gen/go/purser/job/v1/job.pb.go:809.39,810.14 1 0
purser/gen/go/purser/job/v1/job.pb.go:810.14,812.3 1 0
purser/gen/go/purser/job/v1/job.pb.go:813.2,813.11 1 0
purser/gen/go/purser/job/v1/job.pb.go:816.39,817.14 1 0
purser/gen/go/purser/job/v1/job.pb.go:817.14,819.3 1 0
purser/gen/go/purser/job/v1/job.pb.go:820.2,820.11 1 0
purser/gen/go/purser/job/v1/job.pb.go:823.34,824.14 1 0
purser/gen/go/purser/job/v1/job.pb.go:824.14,826.3 1 0
purser/gen/go/purser/job/v1/job.pb.go:827.2,827.12 1 0
purser/gen/go/purser/job/v1/job.pb.go:837.35,842.2 4 0
purser/gen/go/purser/job/v1/job.pb.go:844.43,846.2 1 0
purser/gen/go/purser/job/v1/job.pb.go:848.41,848.42 0 0
purser/gen/go/purser/job/v1/job.pb.go:850.63,852.14 2 0
purser/gen/go/purser/job/v1/job.pb.go:852.14,854.34 2 0
purser/gen/go/purser/job/v1/job.pb.go:854.34,856.4 1 0
purser/gen/go/purser/job/v1/job.pb.go:857.3,857.12 1 0
purser/gen/go/purser/job/v1/job.pb.go:859.2,859.24 1 0
purser/gen/go/purser/job/v1/job.pb.go:863.54,865.2 1 0
purser/gen/go/purser/job/v1/job.pb.go:867.45,868.14 1 0
purser/gen/go/purser/job/v1/job.pb.go:868.14,870.3 1 0
purser/gen/go/purser/job/v1/job.pb.go:871.2,871.11 1 0
purser/gen/go/purser/job/v1/job.pb.go:969.56,970.53 1 0
purser/gen/go/purser/job/v1/job.pb.go:970.53,972.3 1 0
purser/gen/go/purser/job/v1/job.pb.go:973.2,973.49 1 0
purser/gen/go/purser/job/v1/job.pb.go:1031.13,1031.52 1 0
purser/gen/go/purser/job/v1/job.pb.go:1032.42,1033.41 1 0
purser/gen/go/purser/job/v1/job.pb.go:1033.41,1035.3 1 0
purser/gen/go/purser/job/v1/job.pb.go:1036.2,1053.44 5 0
purser/gen/go/purser/music/v1/release.pb.go:55.46,59.2 3 0
purser/gen/go/purser/music/v1/release.pb.go:61.40,63.2 1 0
purser/gen/go/purser/music/v1/release.pb.go:65.63,67.2 1 0
purser/gen/go/purser/music/v1/release.pb.go:69.51,71.2 1 0
purser/gen/go/purser/music/v1/release.pb.go:73.57,75.2 1 0
purser/gen/go/purser/music/v1/release.pb.go:78.55,80.2 1 0
purser/gen/go/purser/music/v1/release.pb.go:110.27,115.2 4 0
purser/gen/go/purser/music/v1/release.pb.go:117.35,119.2 1 0
purser/gen/go/purser/music/v1/release.pb.go:121.33,121.34 0 0
purser/gen/go/purser/music/v1/release.pb.go:123.55,125.14 2 0
purser/gen/go/purser/music/v1/release.pb.go:125.14,127.34 2 0
purser/gen/go/purser/music/v1/release.pb.go:127.34,129.4 1 0
purser/gen/go/purser/music/v1/release.pb.go:130.3,130.12 1 0
purser/gen/go/purser/music/v1/release.pb.go:132.2,132.24 1 0
purser/gen/go/purser/music/v1/release.pb.go:136.46,138.2 1 0
purser/gen/go/purser/music/v1/release.pb.go:140.34,141.14 1 0
purser/gen/go/purser/music/v1/release.pb.go:141.14,143.3 1 0
purser/gen/go/purser/music/v1/release.pb.go:144.2,144.11 1 0
purser/gen/go/purser/music/v1/release.pb.go:147.39,148.14 1 0
purser/gen/go/purser/music/v1/release.pb.go:148.14,150.3 1 0
purser/gen/go/purser/music/v1/release.pb.go:151.2,151.11 1 0
purser/gen/go/purser/music/v1/release.pb.go:154.46,155.14 1 0
purser/gen/go/purser/music/v1/release.pb.go:155.14,157.3 1 0
purser/gen/go/purser/music/v1/release.pb.go:158.2,158.11 1 0
purser/gen/go/purser/music/v1/release.pb.go:161.37,162.14 1 0
purser/gen/go/purser/music/v1/release.pb.go:162.14,164.3 1 0
purser/gen/go/purser/music/v1/release.pb.go:165.2,165.11 1 0
purser/gen/go/purser/music/v1/release.pb.go:168.39,169.14 1 0
purser/gen/go/purser/music/v1/release.pb.go:169.14,171.3 1 0
purser/gen/go/purser/music/v1/release.pb.go:172.2,172.11 1 0
purser/gen/go/purser/music/v1/release.pb.go:175.52,176.14 1 0
purser/gen/go/purser/music/v1/release.pb.go:176.14,178.3 1 0
purser/gen/go/purser/music/v1/release.pb.go:179.2,179.12 1 0
purser/gen/go/purser/music/v1/release.pb.go:182.37,183.14 1 0
purser/gen/go/purser/music/v1/release.pb.go:183.14,185.3 1 0
purser/gen/go/purser/music/v1/release.pb.go:186.2,186.11 1 0
purser/gen/go/purser/music/v1/release.pb.go:189.45,190.14 1 0
purser/gen/go/purser/music/v1/release.pb.go:190.14,192.3 1 0
purser/gen/go/purser/music/v1/release.pb.go:193.2,193.11 1 0
purser/gen/go/purser/music/v1/release.pb.go:196.39,197.14 1 0
purser/gen/go/purser/music/v1/release.pb.go:197.14,199.3 1 0
purser/gen/go/purser/music/v1/release.pb.go:200.2,200.11 1 0
purser/gen/go/purser/music/v1/release.pb.go:203.38,204.14 1 0
purser/gen/go/purser/music/v1/release.pb.go:204.14,206.3 1 0
purser/gen/go/purser/music/v1/release.pb.go:207.2,207.11 1 0
purser/gen/go/purser/music/v1/release.pb.go:210.42,211.14 1 0
purser/gen/go/purser/music/v1/release.pb.go:211.14,213.3 1 0
purser/gen/go/purser/music/v1/release.pb.go:214.2,214.10 1 0
purser/gen/go/purser/music/v1/release.pb.go:217.41,218.14 1 0
purser/gen/go/purser/music/v1/release.pb.go:218.14,220.3 1 0
purser/gen/go/purser/music/v1/release.pb.go:221.2,221.10 1 0
purser/gen/go/purser/music/v1/release.pb.go:224.39,225.14 1 0
purser/gen/go/purser/music/v1/release.pb.go:225.14,227.3 1 0
purser/gen/go/purser/music/v1/release.pb.go:228.2,228.14 1 0
purser/gen/go/purser/music/v1/release.pb.go:231.39,232.14 1 0
purser/gen/go/purser/music/v1/release.pb.go:232.14,234.3 1 0
purser/gen/go/purser/music/v1/release.pb.go:235.2,235.14 1 0
purser/gen/go/purser/music/v1/release.pb.go:238.45,239.14 1 0
purser/gen/go/purser/music/v1/release.pb.go:239.14,241.3 1 0
purser/gen/go/purser/music/v1/release.pb.go:242.2,242.49 1 0
purser/gen/go/purser/music/v1/release.pb.go:245.36,246.14 1 0
purser/gen/go/purser/music/v1/release.pb.go:246.14,248.3 1 0
purser/gen/go/purser/music/v1/release.pb.go:249.2,249.11 1 0
purser/gen/go/purser/music/v1/release.pb.go:252.55,253.14 1 0
purser/gen/go/purser/music/v1/release.pb.go:253.14,255.3 1 0
purser/gen/go/purser/music/v1/release.pb.go:256.2,256.12 1 0
purser/gen/go/purser/music/v1/release.pb.go:259.57,260.14 1 0
purser/gen/go/purser/music/v1/release.pb.go:260.14,262.3 1 0
purser/gen/go/purser/music/v1/release.pb.go:263.2,263.12 1 0
purser/gen/go/purser/music/v1/release.pb.go:275.45,280.2 4 0
purser/gen/go/purser/music/v1/release.pb.go:282.53,284.2 1 0
purser/gen/go/purser/music/v1/release.pb.go:286.51,286.52 0 0
purser/gen/go/purser/music/v1/release.pb.go:288.73,290.14 2 0
purser/gen/go/purser/music/v1/release.pb.go:290.14,292.34 2 0
purser/gen/go/purser/music/v1/release.pb.go:292.34,294.4 1 0
purser/gen/go/purser/music/v1/release.pb.go:295.3,295.12 1 0
purser/gen/go/purser/music/v1/release.pb.go:297.2,297.24 1 0
purser/gen/go/purser/music/v1/release.pb.go:301.64,303.2 1 0
purser/gen/go/purser/music/v1/release.pb.go:305.64,306.14 1 0
purser/gen/go/purser/music/v1/release.pb.go:306.14,308.3 1 0
purser/gen/go/purser/music/v1/release.pb.go:309.2,309.12 1 0
purser/gen/go/purser/music/v1/release.pb.go:319.46,324.2 4 0
purser/gen/go/purser/music/v1/release.pb.go:326.54,328.2 1 0
purser/gen/go/purser/music/v1/release.pb.go:330.52,330.53 0 0
purser/gen/go/purser/music/v1/release.pb.go:332.74,334.14 2 0
purser/gen/go/purser/music/v1/release.pb.go:334.14,336.34 2 0
purser/gen/go/purser/music/v1/release.pb.go:336.34,338.4 1 0
purser/gen/go/purser/music/v1/release.pb.go:339.3,339.12 1 0
purser/gen/go/purser/music/v1/release.pb.go:341.2,341.24 1 0
purser/gen/go/purser/music/v1/release.pb.go:345.65,347.2 1 0
purser/gen/go/purser/music/v1/release.pb.go:349.65,350.14 1 0
purser/gen/go/purser/music/v1/release.pb.go:350.14,352.3 1 0
purser/gen/go/purser/music/v1/release.pb.go:353.2,353.12 1 0
purser/gen/go/purser/music/v1/release.pb.go:363.42,368.2 4 0
purser/gen/go/purser/music/v1/release.pb.go:370.50,372.2 1 0
purser/gen/go/purser/music/v1/release.pb.go:374.48,374.49 0 0
purser/gen/go/purser/music/v1/release.pb.go:376.70,378.14 2 0
purser/gen/go/purser/music/v1/release.pb.go:378.14,380.34 2 0
purser/gen/go/purser/music/v1/release.pb.go:380.34,382.4 1 0
purser/gen/go/purser/music/v1/release.pb.go:383.3,383.12 1 0
purser/gen/go/purser/music/v1/release.pb.go:385.2,385.24 1 0
purser/gen/go/purser/music/v1/release.pb.go:389.61,391.2 1 0
purser/gen/go/purser/music/v1/release.pb.go:393.49,394.14 1 0
purser/gen/go/purser/music/v1/release.pb.go:394.14,396.3 1 0
purser/gen/go/purser/music/v1/release.pb.go:397.2,397.11 1 0
purser/gen/go/purser/music/v1/release.pb.go:407.43,412.2 4 0
purser/gen/go/purser/music/v1/release.pb.go:414.51,416.2 1 0
purser/gen/go/purser/music/v1/release.pb.go:418.49,418.50 0 0
purser/gen/go/purser/music/v1/release.pb.go:420.71,422.14 2 0
purser/gen/go/purser/music/v1/release.pb.go:422.14,424.34 2 0
purser/gen/go/purser/music/v1/release.pb.go:424.34,426.4 1 0
purser/gen/go/purser/music/v1/release.pb.go:427.3,427.12 1 0
purser/gen/go/purser/music/v1/release.pb.go:429.2,429.24 1 0
purser/gen/go/purser/music/v1/release.pb.go:433.62,435.2 1 0
purser/gen/go/purser/music/v1/release.pb.go:437.62,438.14 1 0
purser/gen/go/purser/music/v1/release.pb.go:438.14,440.3 1 0
purser/gen/go/purser/music/v1/release.pb.go:441.2,441.12 1 0
purser/gen/go/purser/music/v1/release.pb.go:451.48,456.2 4 0
purser/gen/go/purser/music/v1/release.pb.go:458.56,460.2 1 0
purser/gen/go/purser/music/v1/release.pb.go:462.54,462.55 0 0
purser/gen/go/purser/music/v1/release.pb.go:464.76,466.14 2 0
purser/gen/go/purser/music/v1/release.pb.go:466.14,468.34 2 0
purser/gen/go/purser/music/v1/release.pb.go:468.34,470.4 1 0
purser/gen/go/purser/music/v1/release.pb.go:471.3,471.12 1 0
purser/gen/go/purser/music/v1/release.pb.go:473.2,473.24 1 0
purser/gen/go/purser/music/v1/release.pb.go:477.67,479.2 1 0
purser/gen/go/purser/music/v1/release.pb.go:481.57,482.14 1 0
purser/gen/go/purser/music/v1/release.pb.go:482.14,484.3 1 0
purser/gen/go/purser/music/v1/release.pb.go:485.2,485.11 1 0
purser/gen/go/purser/music/v1/release.pb.go:495.49,500.2 4 0
purser/gen/go/purser/music/v1/release.pb.go:502.57,504.2 1 0
purser/gen/go/purser/music/v1/release.pb.go:506.55,506.56 0 0
purser/gen/go/purser/music/v1/release.pb.go:508.77,510.14 2 0
purser/gen/go/purser/music/v1/release.pb.go:510.14,512.34 2 0
purser/gen/go/purser/music/v1/release.pb.go:512.34,514.4 1 0
purser/gen/go/purser/music/v1/release.pb.go:515.3,515.12 1 0
purser/gen/go/purser/music/v1/release.pb.go:517.2,517.24 1 0
purser/gen/go/purser/music/v1/release.pb.go:521.68,523.2 1 0
purser/gen/go/purser/music/v1/release.pb.go:525.68,526.14 1 0
purser/gen/go/purser/music/v1/release.pb.go:526.14,528.3 1 0
purser/gen/go/purser/music/v1/release.pb.go:529.2,529.12 1 0
purser/gen/go/purser/music/v1/release.pb.go:539.51,544.2 4 0
purser/gen/go/purser/music/v1/release.pb.go:546.59,548.2 1 0
purser/gen/go/purser/music/v1/release.pb.go:550.57,550.58 0 0
purser/gen/go/purser/music/v1/release.pb.go:552.79,554.14 2 0
purser/gen/go/purser/music/v1/release.pb.go:554.14,556.34 2 0
purser/gen/go/purser/music/v1/release.pb.go:556.34,558.4 1 0
purser/gen/go/purser/music/v1/release.pb.go:559.3,559.12 1 0
purser/gen/go/purser/music/v1/release.pb.go:561.2,561.24 1 0
purser/gen/go/purser/music/v1/release.pb.go:565.70,567.2 1 0
purser/gen/go/purser/music/v1/release.pb.go:569.63,570.14 1 0
purser/gen/go/purser/music/v1/release.pb.go:570.14,572.3 1 0
purser/gen/go/purser/music/v1/release.pb.go:573.2,573.11 1 0
purser/gen/go/purser/music/v1/release.pb.go:583.52,588.2 4 0
purser/gen/go/purser/music/v1/release.pb.go:590.60,592.2 1 0
purser/gen/go/purser/music/v1/release.pb.go:594.58,594.59 0 0
purser/gen/go/purser/music/v1/release.pb.go:596.80,598.14 2 0
purser/gen/go/purser/music/v1/release.pb.go:598.14,600.34 2 0
purser/gen/go/purser/music/v1/release.pb.go:600.34,602.4 1 0
purser/gen/go/purser/music/v1/release.pb.go:603.3,603.12 1 0
purser/gen/go/purser/music/v1/release.pb.go:605.2,605.24 1 0
purser/gen/go/purser/music/v1/release.pb.go:609.71,611.2 1 0
purser/gen/go/purser/music/v1/release.pb.go:613.71,614.14 1 0
purser/gen/go/purser/music/v1/release.pb.go:614.14,616.3 1 0
purser/gen/go/purser/music/v1/release.pb.go:617.2,617.12 1 0
purser/gen/go/purser/music/v1/release.pb.go:628.45,633.2 4 0
purser/gen/go/purser/music/v1/release.pb.go:635.53,637.2 1 0
purser/gen/go/purser/music/v1/release.pb.go:639.51,639.52 0 0
purser/gen/go/purser/music/v1/release.pb.go:641.73,643.14 2 0
purser/gen/go/purser/music/v1/release.pb.go:643.14,645.34 2 0
purser/gen/go/purser/music/v1/release.pb.go:645.34,647.4 1 0
purser/gen/go/purser/music/v1/release.pb.go:648.3,648.12 1 0
purser/gen/go/purser/music/v1/release.pb.go:650.2,650.24 1 0
purser/gen/go/purser/music/v1/release.pb.go:654.64,656.2 1 0
purser/gen/go/purser/music/v1/release.pb.go:658.64,659.14 1 0
purser/gen/go/purser/music/v1/release.pb.go:659.14,661.3 1 0
purser/gen/go/purser/music/v1/release.pb.go:662.2,662.12 1 0
purser/gen/go/purser/music/v1/release.pb.go:665.76,666.14 1 0
purser/gen/go/purser/music/v1/release.pb.go:666.14,668.3 1 0
purser/gen/go/purser/music/v1/release.pb.go:669.2,669.12 1 0
purser/gen/go/purser/music/v1/release.pb.go:679.46,684.2 4 0
purser/gen/go/purser/music/v1/release.pb.go:686.54,688.2 1 0
purser/gen/go/purser/music/v1/release.pb.go:690.52,690.53 0 0
purser/gen/go/purser/music/v1/release.pb.go:692.74,694.14 2 0
purser/gen/go/purser/music/v1/release.pb.go:694.14,696.34 2 0
purser/gen/go/purser/music/v1/release.pb.go:696.34,698.4 1 0
purser/gen/go/purser/music/v1/release.pb.go:699.3,699.12 1 0
purser/gen/go/purser/music/v1/release.pb.go:701.2,701.24 1 0
purser/gen/go/purser/music/v1/release.pb.go:705.65,707.2 1 0
purser/gen/go/purser/music/v1/release.pb.go:709.65,710.14 1 0
purser/gen/go/purser/music/v1/release.pb.go:710.14,712.3 1 0
purser/gen/go/purser/music/v1/release.pb.go:713.2,713.12 1 0
purser/gen/go/purser/music/v1/release.pb.go:730.45,735.2 4 0
purser/gen/go/purser/music/v1/release.pb.go:737.53,739.2 1 0
purser/gen/go/purser/music/v1/release.pb.go:741.51,741.52 0 0
purser/gen/go/purser/music/v1/release.pb.go:743.73,745.14 2 0
purser/gen/go/purser/music/v1/release.pb.go:745.14,747.34 2 0
purser/gen/go/purser/music/v1/release.pb.go:747.34,749.4 1 0
purser/gen/go/purser/music/v1/release.pb.go:750.3,750.12 1 0
purser/gen/go/purser/music/v1/release.pb.go:752.2,752.24 1 0
purser/gen/go/purser/music/v1/release.pb.go:756.64,758.2 1 0
purser/gen/go/purser/music/v1/release.pb.go:760.52,761.14 1 0
purser/gen/go/purser/music/v1/release.pb.go:761.14,763.3 1 0
purser/gen/go/purser/music/v1/release.pb.go:764.2,764.11 1 0
purser/gen/go/purser/music/v1/release.pb.go:767.55,768.14 1 0
purser/gen/go/purser/music/v1/release.pb.go:768.14,770.3 1 0
purser/gen/go/purser/music/v1/release.pb.go:771.2,771.14 1 0
purser/gen/go/purser/music/v1/release.pb.go:780.46,785.2 4 0
purser/gen/go/purser/music/v1/release.pb.go:787.54,789.2 1 0
purser/gen/go/purser/music/v1/release.pb.go:791.52,791.53 0 0
purser/gen/go/purser/music/v1/release.pb.go:793.74,795.14 2 0
purser/gen/go/purser/music/v1/release.pb.go:795.14,797.34 2 0
purser/gen/go/purser/music/v1/release.pb.go:797.34,799.4 1 0
purser/gen/go/purser/music/v1/release.pb.go:800.3,800.12 1 0
purser/gen/go/purser/music/v1/release.pb.go:802.2,802.24 1 0
purser/gen/go/purser/music/v1/release.pb.go:806.65,808.2 1 0
purser/gen/go/purser/music/v1/release.pb.go:817.56,822.2 4 0
purser/gen/go/purser/music/v1/release.pb.go:824.64,826.2 1 0
purser/gen/go/purser/music/v1/release.pb.go:828.62,828.63 0 0
purser/gen/go/purser/music/v1/release.pb.go:830.84,832.14 2 0
purser/gen/go/purser/music/v1/release.pb.go:832.14,834.34 2 0
purser/gen/go/purser/music/v1/release.pb.go:834.34,836.4 1 0
purser/gen/go/purser/music/v1/release.pb.go:837.3,837.12 1 0
purser/gen/go/purser/music/v1/release.pb.go:839.2,839.24 1 0
purser/gen/go/purser/music/v1/release.pb.go:843.75,845.2 1 0
purser/gen/go/purser/music/v1/release.pb.go:847.63,848.14 1 0
purser/gen/go/purser/music/v1/release.pb.go:848.14,850.3 1 0
purser/gen/go/purser/music/v1/release.pb.go:851.2,851.11 1 0
purser/gen/go/purser/music/v1/release.pb.go:861.57,866.2 4 0
purser/gen/go/purser/music/v1/release.pb.go:868.65,870.2 1 0
purser/gen/go/purser/music/v1/release.pb.go:872.63,872.64 0 0
purser/gen/go/purser/music/v1/release.pb.go:874.85,876.14 2 0
purser/gen/go/purser/music/v1/release.pb.go:876.14,878.34 2 0
purser/gen/go/purser/music/v1/release.pb.go:878.34,880.4 1 0
purser/gen/go/purser/music/v1/release.pb.go:881.3,881.12 1 0
purser/gen/go/purser/music/v1/release.pb.go:883.2,883.24 1 0
purser/gen/go/purser/music/v1/release.pb.go:887.76,889.2 1 0
purser/gen/go/purser/music/v1/release.pb.go:891.86,892.14 1 0
purser/gen/go/purser/music/v1/release.pb.go:892.14,894.3 1 0
purser/gen/go/purser/music/v1/release.pb.go:895.2,895.12 1 0
purser/gen/go/purser/music/v1/release.pb.go:911.44,916.2 4 0
purser/gen/go/purser/music/v1/release.pb.go:918.52,920.2 1 0
purser/gen/go/purser/music/v1/release.pb.go:922.50,922.51 0 0
purser/gen/go/purser/music/v1/release.pb.go:924.72,926.14 2 0
purser/gen/go/purser/music/v1/release.pb.go:926.14,928.34 2 0
purser/gen/go/purser/music/v1/release.pb.go:928.34,930.4 1 0
purser/gen/go/purser/music/v1/release.pb.go:931.3,931.12 1 0
purser/gen/go/purser/music/v1/release.pb.go:933.2,933.24 1 0
purser/gen/go/purser/music/v1/release.pb.go:937.63,939.2 1 0
purser/gen/go/purser/music/v1/release.pb.go:941.56,942.14 1 0
purser/gen/go/purser/music/v1/release.pb.go:942.14,944.3 1 0
purser/gen/go/purser/music/v1/release.pb.go:945.2,945.10 1 0
purser/gen/go/purser/music/v1/release.pb.go:948.58,949.14 1 0
purser/gen/go/purser/music/v1/release.pb.go:949.14,951.3 1 0
purser/gen/go/purser/music/v1/release.pb.go:952.2,952.11 1 0
purser/gen/go/purser/music/v1/release.pb.go:955.56,956.14 1 0
purser/gen/go/purser/music/v1/release.pb.go:956.14,958.3 1 0
purser/gen/go/purser/music/v1/release.pb.go:959.2,959.11 1 0
purser/gen/go/purser/music/v1/release.pb.go:962.63,963.14 1 0
purser/gen/go/purser/music/v1/release.pb.go:963.14,965.3 1 0
purser/gen/go/purser/music/v1/release.pb.go:966.2,966.11 1 0
purser/gen/go/purser/music/v1/release.pb.go:977.45,982.2 4 0
purser/gen/go/purser/music/v1/release.pb.go:984.53,986.2 1 0
purser/gen/go/purser/music/v1/release.pb.go:988.51,988.52 0 0
purser/gen/go/purser/music/v1/release.pb.go:990.73,992.14 2 0
purser/gen/go/purser/music/v1/release.pb.go:992.14,994.34 2 0
purser/gen/go/purser/music/v1/release.pb.go:994.34,996.4 1 0
purser/gen/go/purser/music/v1/release.pb.go:997.3,997.12 1 0
purser/gen/go/purser/music/v1/release.pb.go:999.2,999.24 1 0
purser/gen/go/purser/music/v1/release.pb.go:1003.64,1005.2 1 0
purser/gen/go/purser/music/v1/release.pb.go:1007.67,1008.14 1 0
purser/gen/go/purser/music/v1/release.pb.go:1008.14,1010.3 1 0
purser/gen/go/purser/music/v1/release.pb.go:1011.2,1011.12 1 0
purser/gen/go/purser/music/v1/release.pb.go:1014.63,1015.14 1 0
purser/gen/go/purser/music/v1/release.pb.go:1015.14,1017.3 1 0
purser/gen/go/purser/music/v1/release.pb.go:1018.2,1018.11 1 0
purser/gen/go/purser/music/v1/release.pb.go:1030.49,1035.2 4 0
purser/gen/go/purser/music/v1/release.pb.go:1037.57,1039.2 1 0
purser/gen/go/purser/music/v1/release.pb.go:1041.55,1041.56 0 0
purser/gen/go/purser/music/v1/release.pb.go:1043.77,1045.14 2 0
purser/gen/go/purser/music/v1/release.pb.go:1045.14,1047.34 2 0
purser/gen/go/purser/music/v1/release.pb.go:1047.34,1049.4 1 0
purser/gen/go/purser/music/v1/release.pb.go:1050.3,1050.12 1 0
purser/gen/go/purser/music/v1/release.pb.go:1052.2,1052.24 1 0
purser/gen/go/purser/music/v1/release.pb.go:1056.68,1058.2 1 0
purser/gen/go/purser/music/v1/release.pb.go:1060.63,1061.14 1 0
purser/gen/go/purser/music/v1/release.pb.go:1061.14,1063.3 1 0
purser/gen/go/purser/music/v1/release.pb.go:1064.2,1064.11 1 0
purser/gen/go/purser/music/v1/release.pb.go:1067.61,1068.14 1 0
purser/gen/go/purser/music/v1/release.pb.go:1068.14,1070.3 1 0
purser/gen/go/purser/music/v1/release.pb.go:1071.2,1071.10 1 0
purser/gen/go/purser/music/v1/release.pb.go:1074.63,1075.14 1 0
purser/gen/go/purser/music/v1/release.pb.go:1075.14,1077.3 1 0
purser/gen/go/purser/music/v1/release.pb.go:1078.2,1078.11 1 0
purser/gen/go/purser/music/v1/release.pb.go:1094.50,1099.2 4 0
purser/gen/go/purser/music/v1/release.pb.go:1101.58,1103.2 1 0
purser/gen/go/purser/music/v1/release.pb.go:1105.56,1105.57 0 0
purser/gen/go/purser/music/v1/release.pb.go:1107.78,1109.14 2 0
purser/gen/go/purser/music/v1/release.pb.go:1109.14,1111.34 2 0
purser/gen/go/purser/music/v1/release.pb.go:1111.34,1113.4 1 0
purser/gen/go/purser/music/v1/release.pb.go:1114.3,1114.12 1 0
purser/gen/go/purser/music/v1/release.pb.go:1116.2,1116.24 1 0
purser/gen/go/purser/music/v1/release.pb.go:1120.69,1122.2 1 0
purser/gen/go/purser/music/v1/release.pb.go:1124.65,1125.14 1 0
purser/gen/go/purser/music/v1/release.pb.go:1125.14,1127.3 1 0
purser/gen/go/purser/music/v1/release.pb.go:1128.2,1128.12 1 0
purser/gen/go/purser/music/v1/release.pb.go:1131.68,1132.14 1 0
purser/gen/go/purser/music/v1/release.pb.go:1132.14,1134.3 1 0
purser/gen/go/purser/music/v1/release.pb.go:1135.2,1135.11 1 0
purser/gen/go/purser/music/v1/release.pb.go:1235.62,1236.59 1 0
purser/gen/go/purser/music/v1/release.pb.go:1236.59,1238.3 1 0
purser/gen/go/purser/music/v1/release.pb.go:1239.2,1239.55 1 0
purser/gen/go/purser/music/v1/release.pb.go:1311.13,1311.58 1 0
purser/gen/go/purser/music/v1/release.pb.go:1312.48,1313.47 1 0
purser/gen/go/purser/music/v1/release.pb.go:1313.47,1315.3 1 0
purser/gen/go/purser/music/v1/release.pb.go:1316.2,1333.50 5 0
purser/internal/adapters/store/unmatchedfile/unmatched_file.go:41.84,43.16 2 42
purser/internal/adapters/store/unmatchedfile/unmatched_file.go:43.16,45.3 1 0
purser/internal/adapters/store/unmatchedfile/unmatched_file.go:46.2,46.39 1 42
purser/internal/adapters/store/unmatchedfile/unmatched_file.go:49.43,49.58 1 74
purser/internal/adapters/store/unmatchedfile/unmatched_file.go:57.57,66.2 1 74
purser/internal/adapters/store/unmatchedfile/unmatched_file.go:75.82,82.2 1 10
purser/internal/adapters/store/unmatchedfile/unmatched_file.go:85.81,87.2 1 62
purser/internal/adapters/store/unmatchedfile/unmatched_file.go:90.89,92.2 1 16
purser/internal/adapters/store/unmatchedfile/unmatched_file.go:95.156,97.18 2 10
purser/internal/adapters/store/unmatchedfile/unmatched_file.go:97.18,99.3 1 2
purser/internal/adapters/store/unmatchedfile/unmatched_file.go:100.2,100.55 1 10
purser/internal/adapters/store/unmatchedfile/unmatched_file.go:104.81,106.2 1 4
purser/internal/adapters/store/unmatchedfile/unmatched_file.go:109.89,111.2 1 4
purser/internal/adapters/store/unmatchedfile/unmatched_file.go:116.108,119.6 3 6
purser/internal/adapters/store/unmatchedfile/unmatched_file.go:119.6,121.17 2 6
purser/internal/adapters/store/unmatchedfile/unmatched_file.go:121.17,123.4 1 0
purser/internal/adapters/store/unmatchedfile/unmatched_file.go:124.3,125.17 2 6
purser/internal/adapters/store/unmatchedfile/unmatched_file.go:125.17,126.9 1 6
purser/internal/adapters/store/unmatchedfile/unmatched_file.go:128.3,128.19 1 0
purser/internal/adapters/store/unmatchedfile/unmatched_file.go:130.2,130.17 1 6
purser/internal/adapters/store/unmatchedfile/unmatched_file.go:134.67,136.2 1 4
purser/internal/adapters/store/unmatchedfile/unmatched_file.go:139.118,140.64 1 10
purser/internal/adapters/store/unmatchedfile/unmatched_file.go:140.64,141.25 1 24
purser/internal/adapters/store/unmatchedfile/unmatched_file.go:141.25,142.12 1 10
purser/internal/adapters/store/unmatchedfile/unmatched_file.go:144.3,145.17 2 14
purser/internal/adapters/store/unmatchedfile/unmatched_file.go:145.17,147.4 1 0
purser/internal/adapters/store/unmatchedfile/unmatched_file.go:148.3,148.23 1 14
purser/internal/adapters/store/unmatchedfile/unmatched_file.go:148.23,150.4 1 6
purser/internal/adapters/store/unmatchedfile/unmatched_file.go:152.2,152.31 1 4
purser/gen/go/purser/music/v1/musicv1connect/release.connect.go:88.138,147.2 3 0
purser/gen/go/purser/music/v1/musicv1connect/release.connect.go:163.187,165.2 1 0
purser/gen/go/purser/music/v1/musicv1connect/release.connect.go:168.178,170.2 1 0
purser/gen/go/purser/music/v1/musicv1connect/release.connect.go:173.196,175.2 1 0
purser/gen/go/purser/music/v1/musicv1connect/release.connect.go:178.205,180.2 1 0
purser/gen/go/purser/music/v1/musicv1connect/release.connect.go:183.187,185.2 1 0
purser/gen/go/purser/music/v1/musicv1connect/release.connect.go:188.187,190.2 1 0
purser/gen/go/purser/music/v1/musicv1connect/release.connect.go:193.184,195.2 1 0
purser/gen/go/purser/music/v1/musicv1connect/release.connect.go:198.199,200.2 1 0
purser/gen/go/purser/music/v1/musicv1connect/release.connect.go:204.220,206.2 1 0
purser/gen/go/purser/music/v1/musicv1connect/release.connect.go:230.122,286.112 11 0
purser/gen/go/purser/music/v1/musicv1connect/release.connect.go:286.112,287.21 1 0
purser/gen/go/purser/music/v1/musicv1connect/release.connect.go:288.55,289.64 1 0
purser/gen/go/purser/music/v1/musicv1connect/release.connect.go:290.52,291.61 1 0
purser/gen/go/purser/music/v1/musicv1connect/release.connect.go:292.58,293.67 1 0
purser/gen/go/purser/music/v1/musicv1connect/release.connect.go:294.61,295.70 1 0
purser/gen/go/purser/music/v1/musicv1connect/release.connect.go:296.55,297.64 1 0
purser/gen/go/purser/music/v1/musicv1connect/release.connect.go:298.55,299.64 1 0
purser/gen/go/purser/music/v1/musicv1connect/release.connect.go:300.54,301.63 1 0
purser/gen/go/purser/music/v1/musicv1connect/release.connect.go:302.59,303.68 1 0
purser/gen/go/purser/music/v1/musicv1connect/release.connect.go:304.66,305.75 1 0
purser/gen/go/purser/music/v1/musicv1connect/release.connect.go:306.11,307.23 1 0
purser/gen/go/purser/music/v1/musicv1connect/release.connect.go:315.190,317.2 1 0
purser/gen/go/purser/music/v1/musicv1connect/release.connect.go:319.181,321.2 1 0
purser/gen/go/purser/music/v1/musicv1connect/release.connect.go:323.199,325.2 1 0
purser/gen/go/purser/music/v1/musicv1connect/release.connect.go:327.208,329.2 1 0
purser/gen/go/purser/music/v1/musicv1connect/release.connect.go:331.190,333.2 1 0
purser/gen/go/purser/music/v1/musicv1connect/release.connect.go:335.190,337.2 1 0
purser/gen/go/purser/music/v1/musicv1connect/release.connect.go:339.187,341.2 1 0
purser/gen/go/purser/music/v1/musicv1connect/release.connect.go:343.202,345.2 1 0
purser/gen/go/purser/music/v1/musicv1connect/release.connect.go:347.223,349.2 1 0
purser/gen/go/purser/pipeline/v1/scan.pb.go:34.38,39.2 4 0
purser/gen/go/purser/pipeline/v1/scan.pb.go:41.46,43.2 1 0
purser/gen/go/purser/pipeline/v1/scan.pb.go:45.44,45.45 0 0
purser/gen/go/purser/pipeline/v1/scan.pb.go:47.66,49.14 2 0
purser/gen/go/purser/pipeline/v1/scan.pb.go:49.14,51.34 2 0
purser/gen/go/purser/pipeline/v1/scan.pb.go:51.34,53.4 1 0
purser/gen/go/purser/pipeline/v1/scan.pb.go:54.3,54.12 1 0
purser/gen/go/purser/pipeline/v1/scan.pb.go:56.2,56.24 1 0
purser/gen/go/purser/pipeline/v1/scan.pb.go:60.57,62.2 1 0
purser/gen/go/purser/pipeline/v1/scan.pb.go:64.47,65.14 1 0
purser/gen/go/purser/pipeline/v1/scan.pb.go:65.14,67.3 1 0
purser/gen/go/purser/pipeline/v1/scan.pb.go:68.2,68.11 1 0
purser/gen/go/purser/pipeline/v1/scan.pb.go:78.39,83.2 4 0
purser/gen/go/purser/pipeline/v1/scan.pb.go:85.47,87.2 1 0
purser/gen/go/purser/pipeline/v1/scan.pb.go:89.45,89.46 0 0
purser/gen/go/purser/pipeline/v1/scan.pb.go:91.67,93.14 2 0
purser/gen/go/purser/pipeline/v1/scan.pb.go:93.14,95.34 2 0
purser/gen/go/purser/pipeline/v1/scan.pb.go:95.34,97.4 1 0
purser/gen/go/purser/pipeline/v1/scan.pb.go:98.3,98.12 1 0
purser/gen/go/purser/pipeline/v1/scan.pb.go:100.2,100.24 1 0
purser/gen/go/purser/pipeline/v1/scan.pb.go:104.58,106.2 1 0
purser/gen/go/purser/pipeline/v1/scan.pb.go:108.49,109.14 1 0
purser/gen/go/purser/pipeline/v1/scan.pb.go:109.14,111.3 1 0
purser/gen/go/purser/pipeline/v1/scan.pb.go:112.2,112.11 1 0
purser/gen/go/purser/pipeline/v1/scan.pb.go:132.62,133.59 1 0
purser/gen/go/purser/pipeline/v1/scan.pb.go:133.59,135.3 1 0
purser/gen/go/purser/pipeline/v1/scan.pb.go:136.2,136.55 1 0
purser/gen/go/purser/pipeline/v1/scan.pb.go:154.13,154.58 1 0
purser/gen/go/purser/pipeline/v1/scan.pb.go:155.48,156.47 1 0
purser/gen/go/purser/pipeline/v1/scan.pb.go:156.47,158.3 1 0
purser/gen/go/purser/pipeline/v1/scan.pb.go:159.2,175.50 5 0
purser/gen/go/purser/pipeline/v1/unmatched_file.pb.go:54.58,58.2 3 0
purser/gen/go/purser/pipeline/v1/unmatched_file.pb.go:60.46,62.2 1 0
purser/gen/go/purser/pipeline/v1/unmatched_file.pb.go:64.69,66.2 1 0
purser/gen/go/purser/pipeline/v1/unmatched_file.pb.go:68.57,70.2 1 0
purser/gen/go/purser/pipeline/v1/unmatched_file.pb.go:72.63,74.2 1 0
purser/gen/go/purser/pipeline/v1/unmatched_file.pb.go:77.61,79.2 1 0
purser/gen/go/purser/pipeline/v1/unmatched_file.pb.go:112.38,116.2 3 0
purser/gen/go/purser/pipeline/v1/unmatched_file.pb.go:118.36,120.2 1 0
purser/gen/go/purser/pipeline/v1/unmatched_file.pb.go:122.59,124.2 1 0
purser/gen/go/purser/pipeline/v1/unmatched_file.pb.go:126.47,128.2 1 0
purser/gen/go/purser/pipeline/v1/unmatched_file.pb.go:130.53,132.2 1 0
purser/gen/go/purser/pipeline/v1/unmatched_file.pb.go:135.51,137.2 1 0
purser/gen/go/purser/pipeline/v1/unmatched_file.pb.go:152.31,157.2 4 0
purser/gen/go/purser/pipeline/v1/unmatched_file.pb.go:159.39,161.2 1 0
purser/gen/go/purser/pipeline/v1/unmatched_file.pb.go:163.37,163.38 0 0
purser/gen/go/purser/pipeline/v1/unmatched_file.pb.go:165.59,167.14 2 0
purser/gen/go/purser/pipeline/v1/unmatched_file.pb.go:167.14,169.34 2 0
purser/gen/go/purser/pipeline/v1/unmatched_file.pb.go:169.34,171.4 1 0
purser/gen/go/purser/pipeline/v1/unmatched_file.pb.go:172.3,172.12 1 0
purser/gen/go/purser/pipeline/v1/unmatched_file.pb.go:174.2,174.24 1 0
purser/gen/go/purser/pipeline/v1/unmatched_file.pb.go:178.50,180.2 1 0
purser/gen/go/purser/pipeline/v1/unmatched_file.pb.go:182.51,183.14 1 0
purser/gen/go/purser/pipeline/v1/unmatched_file.pb.go:183.14,185.3 1 0
purser/gen/go/purser/pipeline/v1/unmatched_file.pb.go:186.2,186.12 1 0
purser/gen/go/purser/pipeline/v1/unmatched_file.pb.go:189.54,190.14 1 0
purser/gen/go/purser/pipeline/v1/unmatched_file.pb.go:190.14,192.3 1 0
purser/gen/go/purser/pipeline/v1/unmatched_file.pb.go:193.2,193.12 1 0
purser/gen/go/purser/pipeline/v1/unmatched_file.pb.go:210.34,215.2 4 0
purser/gen/go/purser/pipeline/v1/unmatched_file.pb.go:217.42,219.2 1 0
purser/gen/go/purser/pipeline/v1/unmatched_file.pb.go:221.40,221.41 0 0
purser/gen/go/purser/pipeline/v1/unmatched_file.pb.go:223.62,225.14 2 0
purser/gen/go/purser/pipeline/v1/unmatched_file.pb.go:225.14,227.34 2 0
purser/gen/go/purser/pipeline/v1/unmatched_file.pb.go:227.34,229.4 1 0
purser/gen/go/purser/pipeline/v1/unmatched_file.pb.go:230.3,230.12 1 0
purser/gen/go/purser/pipeline/v1/unmatched_file.pb.go:232.2,232.24 1 0
purser/gen/go/purser/pipeline/v1/unmatched_file.pb.go:236.53,238.2 1 0
purser/gen/go/purser/pipeline/v1/unmatched_file.pb.go:240.50,241.14 1 0
purser/gen/go/purser/pipeline/v1/unmatched_file.pb.go:241.14,243.3 1 0
purser/gen/go/purser/pipeline/v1/unmatched_file.pb.go:244.2,244.11 1 0
purser/gen/go/purser/pipeline/v1/unmatched_file.pb.go:247.44,248.14 1 0
purser/gen/go/purser/pipeline/v1/unmatched_file.pb.go:248.14,250.3 1 0
purser/gen/go/purser/pipeline/v1/unmatched_file.pb.go:251.2,251.11 1 0
purser/gen/go/purser/pipeline/v1/unmatched_file.pb.go:254.45,255.14 1 0
purser/gen/go/purser/pipeline/v1/unmatched_file.pb.go:255.14,257.3 1 0
purser/gen/go/purser/pipeline/v1/unmatched_file.pb.go:258.2,258.10 1 0
purser/gen/go/purser/pipeline/v1/unmatched_file.pb.go:261.46,262.14 1 0
purser/gen/go/purser/pipeline/v1/unmatched_file.pb.go:262.14,264.3 1 0
purser/gen/go/purser/pipeline/v1/unmatched_file.pb.go:265.2,265.41 1 0
purser/gen/go/purser/pipeline/v1/unmatched_file.pb.go:268.58,269.14 1 0
purser/gen/go/purser/pipeline/v1/unmatched_file.pb.go:269.14,271.3 1 0
purser/gen/go/purser/pipeline/v1/unmatched_file.pb.go:272.2,272.12 1 0
purser/gen/go/purser/pipeline/v1/unmatched_file.pb.go:275.57,276.14 1 0
purser/gen/go/purser/pipeline/v1/unmatched_file.pb.go:276.14,278.3 1 0
purser/gen/go/purser/pipeline/v1/unmatched_file.pb.go:279.2,279.12 1 0
purser/gen/go/purser/pipeline/v1/unmatched_file.pb.go:313.33,318.2 4 0
purser/gen/go/purser/pipeline/v1/unmatched_file.pb.go:320.41,322.2 1 0
purser/gen/go/purser/pipeline/v1/unmatched_file.pb.go:324.39,324.40 0 0
purser/gen/go/purser/pipeline/v1/unmatched_file.pb.go:326.61,328.14 2 0
purser/gen/go/purser/pipeline/v1/unmatched_file.pb.go:328.14,330.34 2 0
purser/gen/go/purser/pipeline/v1/unmatched_file.pb.go:330.34,332.4 1 0
purser/gen/go/purser/pipeline/v1/unmatched_file.pb.go:333.3,333.12 1 0
purser/gen/go/purser/pipeline/v1/unmatched_file.pb.go:335.2,335.24 1 0
purser/gen/go/purser/pipeline/v1/unmatched_file.pb.go:339.52,341.2 1 0
purser/gen/go/purser/pipeline/v1/unmatched_file.pb.go:343.40,344.14 1 0
purser/gen/go/purser/pipeline/v1/unmatched_file.pb.go:344.14,346.3 1 0
purser/gen/go/purser/pipeline/v1/unmatched_file.pb.go:347.2,347.11 1 0
purser/gen/go/purser/pipeline/v1/unmatched_file.pb.go:350.42,351.14 1 0
purser/gen/go/purser/pipeline/v1/unmatched_file.pb.go:351.14,353.3 1 0
purser/gen/go/purser/pipeline/v1/unmatched_file.pb.go:354.2,354.11 1 0
purser/gen/go/purser/pipeline/v1/unmatched_file.pb.go:357.41,358.14 1 0
purser/gen/go/purser/pipeline/v1/unmatched_file.pb.go:358.14,360.3 1 0
purser/gen/go/purser/pipeline/v1/unmatched_file.pb.go:361.2,361.10 1 0
purser/gen/go/purser/pipeline/v1/unmatched_file.pb.go:364.44,365.14 1 0
purser/gen/go/purser/pipeline/v1/unmatched_file.pb.go:365.14,367.3 1 0
purser/gen/go/purser/pipeline/v1/unmatched_file.pb.go:368.2,368.11 1 0
purser/gen/go/purser/pipeline/v1/unmatched_file.pb.go:371.41,372.14 1 0
purser/gen/go/purser/pipeline/v1/unmatched_file.pb.go:372.14,374.3 1 0
purser/gen/go/purser/pipeline/v1/unmatched_file.pb.go:375.2,375.11 1 0
purser/gen/go/purser/pipeline/v1/unmatched_file.pb.go:378.42,379.14 1 0
purser/gen/go/purser/pipeline/v1/unmatched_file.pb.go:379.14,381.3 1 0
purser/gen/go/purser/pipeline/v1/unmatched_file.pb.go:382.2,382.11 1 0
purser/gen/go/purser/pipeline/v1/unmatched_file.pb.go:385.44,386.14 1 0
purser/gen/go/purser/pipeline/v1/unmatched_file.pb.go:386.14,388.3 1 0
purser/gen/go/purser/pipeline/v1/unmatched_file.pb.go:389.2,389.11 1 0
purser/gen/go/purser/pipeline/v1/unmatched_file.pb.go:392.66,393.14 1 0
purser/gen/go/purser/pipeline/v1/unmatched_file.pb.go:393.14,395.3 1 0
purser/gen/go/purser/pipeline/v1/unmatched_file.pb.go:396.2,396.12 1 0
purser/gen/go/purser/pipeline/v1/unmatched_file.pb.go:399.57,400.14 1 0
purser/gen/go/purser/pipeline/v1/unmatched_file.pb.go:400.14,402.3 1 0
purser/gen/go/purser/pipeline/v1/unmatched_file.pb.go:403.2,403.62 1 0
purser/gen/go/purser/pipeline/v1/unmatched_file.pb.go:406.46,407.14 1 0
purser/gen/go/purser/pipeline/v1/unmatched_file.pb.go:407.14,409.3 1 0
purser/gen/go/purser/pipeline/v1/unmatched_file.pb.go:410.2,410.11 1 0
purser/gen/go/purser/pipeline/v1/unmatched_file.pb.go:413.47,414.14 1 0
purser/gen/go/purser/pipeline/v1/unmatched_file.pb.go:414.14,416.3 1 0
purser/gen/go/purser/pipeline/v1/unmatched_file.pb.go:417.2,417.10 1 0
purser/gen/go/purser/pipeline/v1/unmatched_file.pb.go:420.49,421.14 1 0
purser/gen/go/purser/pipeline/v1/unmatched_file.pb.go:421.14,423.3 1 0
purser/gen/go/purser/pipeline/v1/unmatched_file.pb.go:424.2,424.11 1 0
purser/gen/go/purser/pipeline/v1/unmatched_file.pb.go:427.55,428.14 1 0
purser/gen/go/purser/pipeline/v1/unmatched_file.pb.go:428.14,430.3 1 0
purser/gen/go/purser/pipeline/v1/unmatched_file.pb.go:431.2,431.12 1 0
purser/gen/go/purser/pipeline/v1/unmatched_file.pb.go:434.59,435.14 1 0
purser/gen/go/purser/pipeline/v1/unmatched_file.pb.go:435.14,437.3 1 0
purser/gen/go/purser/pipeline/v1/unmatched_file.pb.go:438.2,438.12 1 0
purser/gen/go/purser/pipeline/v1/unmatched_file.pb.go:448.43,453.2 4 0
purser/gen/go/purser/pipeline/v1/unmatched_file.pb.go:455.51,457.2 1 0
purser/gen/go/purser/pipeline/v1/unmatched_file.pb.go:459.49,459.50 0 0
purser/gen/go/purser/pipeline/v1/unmatched_file.pb.go:461.71,463.14 2 0
purser/gen/go/purser/pipeline/v1/unmatched_file.pb.go:463.14,465.34 2 0
purser/gen/go/purser/pipeline/v1/unmatched_file.pb.go:465.34,467.4 1 0
purser/gen/go/purser/pipeline/v1/unmatched_file.pb.go:468.3,468.12 1 0
purser/gen/go/purser/pipeline/v1/unmatched_file.pb.go:470.2,470.24 1 0
purser/gen/go/purser/pipeline/v1/unmatched_file.pb.go:474.62,476.2 1 0
purser/gen/go/purser/pipeline/v1/unmatched_file.pb.go:478.50,479.14 1 0
purser/gen/go/purser/pipeline/v1/unmatched_file.pb.go:479.14,481.3 1 0
purser/gen/go/purser/pipeline/v1/unmatched_file.pb.go:482.2,482.11 1 0
purser/gen/go/purser/pipeline/v1/unmatched_file.pb.go:492.44,497.2 4 0
purser/gen/go/purser/pipeline/v1/unmatched_file.pb.go:499.52,501.2 1 0
purser/gen/go/purser/pipeline/v1/unmatched_file.pb.go:503.50,503.51 0 0
purser/gen/go/purser/pipeline/v1/unmatched_file.pb.go:505.72,507.14 2 0
purser/gen/go/purser/pipeline/v1/unmatched_file.pb.go:507.14,509.34 2 0
purser/gen/go/purser/pipeline/v1/unmatched_file.pb.go:509.34,511.4 1 0
purser/gen/go/purser/pipeline/v1/unmatched_file.pb.go:512.3,512.12 1 0
purser/gen/go/purser/pipeline/v1/unmatched_file.pb.go:514.2,514.24 1 0
purser/gen/go/purser/pipeline/v1/unmatched_file.pb.go:518.63,520.2 1 0
purser/gen/go/purser/pipeline/v1/unmatched_file.pb.go:522.70,523.14 1 0
purser/gen/go/purser/pipeline/v1/unmatched_file.pb.go:523.14,525.3 1 0
purser/gen/go/purser/pipeline/v1/unmatched_file.pb.go:526.2,526.12 1 0
purser/gen/go/purser/pipeline/v1/unmatched_file.pb.go:540.45,545.2 4 0
purser/gen/go/purser/pipeline/v1/unmatched_file.pb.go:547.53,549.2 1 0
purser/gen/go/purser/pipeline/v1/unmatched_file.pb.go:551.51,551.52 0 0
purser/gen/go/purser/pipeline/v1/unmatched_file.pb.go:553.73,555.14 2 0
purser/gen/go/purser/pipeline/v1/unmatched_file.pb.go:555.14,557.34 2 0
purser/gen/go/purser/pipeline/v1/unmatched_file.pb.go:557.34,559.4 1 0
purser/gen/go/purser/pipeline/v1/unmatched_file.pb.go:560.3,560.12 1 0
purser/gen/go/purser/pipeline/v1/unmatched_file.pb.go:562.2,562.24 1 0
purser/gen/go/purser/pipeline/v1/unmatched_file.pb.go:566.64,568.2 1 0
purser/gen/go/purser/pipeline/v1/unmatched_file.pb.go:570.57,571.14 1 0
purser/gen/go/purser/pipeline/v1/unmatched_file.pb.go:571.14,573.3 1 0
purser/gen/go/purser/pipeline/v1/unmatched_file.pb.go:574.2,574.10 1 0
purser/gen/go/purser/pipeline/v1/unmatched_file.pb.go:577.59,578.14 1 0
purser/gen/go/purser/pipeline/v1/unmatched_file.pb.go:578.14,580.3 1 0
purser/gen/go/purser/pipeline/v1/unmatched_file.pb.go:581.2,581.11 1 0
purser/gen/go/purser/pipeline/v1/unmatched_file.pb.go:584.69,585.14 1 0
purser/gen/go/purser/pipeline/v1/unmatched_file.pb.go:585.14,587.3 1 0
purser/gen/go/purser/pipeline/v1/unmatched_file.pb.go:588.2,588.62 1 0
purser/gen/go/purser/pipeline/v1/unmatched_file.pb.go:599.46,604.2 4 0
purser/gen/go/purser/pipeline/v1/unmatched_file.pb.go:606.54,608.2 1 0
purser/gen/go/purser/pipeline/v1/unmatched_file.pb.go:610.52,610.53 0 0
purser/gen/go/purser/pipeline/v1/unmatched_file.pb.go:612.74,614.14 2 0
purser/gen/go/purser/pipeline/v1/unmatched_file.pb.go:614.14,616.34 2 0
purser/gen/go/purser/pipeline/v1/unmatched_file.pb.go:616.34,618.4 1 0
purser/gen/go/purser/pipeline/v1/unmatched_file.pb.go:619.3,619.12 1 0
purser/gen/go/purser/pipeline/v1/unmatched_file.pb.go:621.2,621.24 1 0
purser/gen/go/purser/pipeline/v1/unmatched_file.pb.go:625.65,627.2 1 0
purser/gen/go/purser/pipeline/v1/unmatched_file.pb.go:629.75,630.14 1 0
purser/gen/go/purser/pipeline/v1/unmatched_file.pb.go:630.14,632.3 1 0
purser/gen/go/purser/pipeline/v1/unmatched_file.pb.go:633.2,633.12 1 0
purser/gen/go/purser/pipeline/v1/unmatched_file.pb.go:636.64,637.14 1 0
purser/gen/go/purser/pipeline/v1/unmatched_file.pb.go:637.14,639.3 1 0
purser/gen/go/purser/pipeline/v1/unmatched_file.pb.go:640.2,640.11 1 0
purser/gen/go/purser/pipeline/v1/unmatched_file.pb.go:661.47,666.2 4 0
purser/gen/go/purser/pipeline/v1/unmatched_file.pb.go:668.55,670.2 1 0
purser/gen/go/purser/pipeline/v1/unmatched_file.pb.go:672.53,672.54 0 0
purser/gen/go/purser/pipeline/v1/unmatched_file.pb.go:674.75,676.14 2 0
purser/gen/go/purser/pipeline/v1/unmatched_file.pb.go:676.14,678.34 2 0
purser/gen/go/purser/pipeline/v1/unmatched_file.pb.go:678.34,680.4 1 0
purser/gen/go/purser/pipeline/v1/unmatched_file.pb.go:681.3,681.12 1 0
purser/gen/go/purser/pipeline/v1/unmatched_file.pb.go:683.2,683.24 1 0
purser/gen/go/purser/pipeline/v1/unmatched_file.pb.go:687.66,689.2 1 0
purser/gen/go/purser/pipeline/v1/unmatched_file.pb.go:691.67,692.14 1 0
purser/gen/go/purser/pipeline/v1/unmatched_file.pb.go:692.14,694.3 1 0
purser/gen/go/purser/pipeline/v1/unmatched_file.pb.go:695.2,695.11 1 0
purser/gen/go/purser/pipeline/v1/unmatched_file.pb.go:698.90,699.14 1 0
purser/gen/go/purser/pipeline/v1/unmatched_file.pb.go:699.14,701.3 1 0
purser/gen/go/purser/pipeline/v1/unmatched_file.pb.go:702.2,702.12 1 0
purser/gen/go/purser/pipeline/v1/unmatched_file.pb.go:705.58,706.14 1 0
purser/gen/go/purser/pipeline/v1/unmatched_file.pb.go:706.14,707.67 1 0
purser/gen/go/purser/pipeline/v1/unmatched_file.pb.go:707.67,709.4 1 0
purser/gen/go/purser/pipeline/v1/unmatched_file.pb.go:711.2,711.11 1 0
purser/gen/go/purser/pipeline/v1/unmatched_file.pb.go:714.57,715.14 1 0
purser/gen/go/purser/pipeline/v1/unmatched_file.pb.go:715.14,716.68 1 0
purser/gen/go/purser/pipeline/v1/unmatched_file.pb.go:716.68,718.4 1 0
purser/gen/go/purser/pipeline/v1/unmatched_file.pb.go:720.2,720.14 1 0
purser/gen/go/purser/pipeline/v1/unmatched_file.pb.go:735.85,735.86 0 0
purser/gen/go/purser/pipeline/v1/unmatched_file.pb.go:737.86,737.87 0 0
purser/gen/go/purser/pipeline/v1/unmatched_file.pb.go:754.48,759.2 4 0
purser/gen/go/purser/pipeline/v1/unmatched_file.pb.go:761.56,763.2 1 0
purser/gen/go/purser/pipeline/v1/unmatched_file.pb.go:765.54,765.55 0 0
purser/gen/go/purser/pipeline/v1/unmatched_file.pb.go:767.76,769.14 2 0
purser/gen/go/purser/pipeline/v1/unmatched_file.pb.go:769.14,771.34 2 0
purser/gen/go/purser/pipeline/v1/unmatched_file.pb.go:771.34,773.4 1 0
purser/gen/go/purser/pipeline/v1/unmatched_file.pb.go:774.3,774.12 1 0
purser/gen/go/purser/pipeline/v1/unmatched_file.pb.go:776.2,776.24 1 0
purser/gen/go/purser/pipeline/v1/unmatched_file.pb.go:780.67,782.2 1 0
purser/gen/go/purser/pipeline/v1/unmatched_file.pb.go:784.90,785.14 1 0
purser/gen/go/purser/pipeline/v1/unmatched_file.pb.go:785.14,787.3 1 0
purser/gen/go/purser/pipeline/v1/unmatched_file.pb.go:788.2,788.12 1 0
purser/gen/go/purser/pipeline/v1/unmatched_file.pb.go:791.69,792.14 1 0
purser/gen/go/purser/pipeline/v1/unmatched_file.pb.go:792.14,793.70 1 0
purser/gen/go/purser/pipeline/v1/unmatched_file.pb.go:793.70,795.4 1 0
purser/gen/go/purser/pipeline/v1/unmatched_file.pb.go:797.2,797.12 1 0
purser/gen/go/purser/pipeline/v1/unmatched_file.pb.go:800.74,801.14 1 0
purser/gen/go/purser/pipeline/v1/unmatched_file.pb.go:801.14,802.74 1 0
purser/gen/go/purser/pipeline/v1/unmatched_file.pb.go:802.74,804.4 1 0
purser/gen/go/purser/pipeline/v1/unmatched_file.pb.go:806.2,806.12 1 0
purser/gen/go/purser/pipeline/v1/unmatched_file.pb.go:821.89,821.90 0 0
purser/gen/go/purser/pipeline/v1/unmatched_file.pb.go:823.93,823.94 0 0
purser/gen/go/purser/pipeline/v1/unmatched_file.pb.go:836.50,841.2 4 0
purser/gen/go/purser/pipeline/v1/unmatched_file.pb.go:843.58,845.2 1 0
purser/gen/go/purser/pipeline/v1/unmatched_file.pb.go:847.56,847.57 0 0
purser/gen/go/purser/pipeline/v1/unmatched_file.pb.go:849.78,851.14 2 0
purser/gen/go/purser/pipeline/v1/unmatched_file.pb.go:851.14,853.34 2 0
purser/gen/go/purser/pipeline/v1/unmatched_file.pb.go:853.34,855.4 1 0
purser/gen/go/purser/pipeline/v1/unmatched_file.pb.go:856.3,856.12 1 0
purser/gen/go/purser/pipeline/v1/unmatched_file.pb.go:858.2,858.24 1 0
purser/gen/go/purser/pipeline/v1/unmatched_file.pb.go:862.69,864.2 1 0
purser/gen/go/purser/pipeline/v1/unmatched_file.pb.go:866.63,867.14 1 0
purser/gen/go/purser/pipeline/v1/unmatched_file.pb.go:867.14,869.3 1 0
purser/gen/go/purser/pipeline/v1/unmatched_file.pb.go:870.2,870.11 1 0
purser/gen/go/purser/pipeline/v1/unmatched_file.pb.go:880.51,885.2 4 0
purser/gen/go/purser/pipeline/v1/unmatched_file.pb.go:887.59,889.2 1 0
purser/gen/go/purser/pipeline/v1/unmatched_file.pb.go:891.57,891.58 0 0
purser/gen/go/purser/pipeline/v1/unmatched_file.pb.go:893.79,895.14 2 0
purser/gen/go/purser/pipeline/v1/unmatched_file.pb.go:895.14,897.34 2 0
purser/gen/go/purser/pipeline/v1/unmatched_file.pb.go:897.34,899.4 1 0
purser/gen/go/purser/pipeline/v1/unmatched_file.pb.go:900.3,900.12 1 0
purser/gen/go/purser/pipeline/v1/unmatched_file.pb.go:902.2,902.24 1 0
purser/gen/go/purser/pipeline/v1/unmatched_file.pb.go:906.70,908.2 1 0
purser/gen/go/purser/pipeline/v1/unmatched_file.pb.go:910.80,911.14 1 0
purser/gen/go/purser/pipeline/v1/unmatched_file.pb.go:911.14,913.3 1 0
purser/gen/go/purser/pipeline/v1/unmatched_file.pb.go:914.2,914.12 1 0
purser/gen/go/purser/pipeline/v1/unmatched_file.pb.go:928.52,933.2 4 0
purser/gen/go/purser/pipeline/v1/unmatched_file.pb.go:935.60,937.2 1 0
purser/gen/go/purser/pipeline/v1/unmatched_file.pb.go:939.58,939.59 0 0
purser/gen/go/purser/pipeline/v1/unmatched_file.pb.go:941.80,943.14 2 0
purser/gen/go/purser/pipeline/v1/unmatched_file.pb.go:943.14,945.34 2 0
purser/gen/go/purser/pipeline/v1/unmatched_file.pb.go:945.34,947.4 1 0
purser/gen/go/purser/pipeline/v1/unmatched_file.pb.go:948.3,948.12 1 0
purser/gen/go/purser/pipeline/v1/unmatched_file.pb.go:950.2,950.24 1 0
purser/gen/go/purser/pipeline/v1/unmatched_file.pb.go:954.71,956.2 1 0
purser/gen/go/purser/pipeline/v1/unmatched_file.pb.go:958.75,959.14 1 0
purser/gen/go/purser/pipeline/v1/unmatched_file.pb.go:959.14,961.3 1 0
purser/gen/go/purser/pipeline/v1/unmatched_file.pb.go:962.2,962.12 1 0
purser/gen/go/purser/pipeline/v1/unmatched_file.pb.go:972.53,977.2 4 0
purser/gen/go/purser/pipeline/v1/unmatched_file.pb.go:979.61,981.2 1 0
purser/gen/go/purser/pipeline/v1/unmatched_file.pb.go:983.59,983.60 0 0
purser/gen/go/purser/pipeline/v1/unmatched_file.pb.go:985.81,987.14 2 0
purser/gen/go/purser/pipeline/v1/unmatched_file.pb.go:987.14,989.34 2 0
purser/gen/go/purser/pipeline/v1/unmatched_file.pb.go:989.34,991.4 1 0
purser/gen/go/purser/pipeline/v1/unmatched_file.pb.go:992.3,992.12 1 0
purser/gen/go/purser/pipeline/v1/unmatched_file.pb.go:994.2,994.24 1 0
purser/gen/go/purser/pipeline/v1/unmatched_file.pb.go:998.72,1000.2 1 0
purser/gen/go/purser/pipeline/v1/unmatched_file.pb.go:1002.82,1003.14 1 0
purser/gen/go/purser/pipeline/v1/unmatched_file.pb.go:1003.14,1005.3 1 0
purser/gen/go/purser/pipeline/v1/unmatched_file.pb.go:1006.2,1006.12 1 0
purser/gen/go/purser/pipeline/v1/unmatched_file.pb.go:1102.72,1103.69 1 0
purser/gen/go/purser/pipeline/v1/unmatched_file.pb.go:1103.69,1105.3 1 0
purser/gen/go/purser/pipeline/v1/unmatched_file.pb.go:1106.2,1106.65 1 0
purser/gen/go/purser/pipeline/v1/unmatched_file.pb.go:1167.13,1167.68 1 0
purser/gen/go/purser/pipeline/v1/unmatched_file.pb.go:1168.58,1169.57 1 0
purser/gen/go/purser/pipeline/v1/unmatched_file.pb.go:1169.57,1171.3 1 0
purser/gen/go/purser/pipeline/v1/unmatched_file.pb.go:1172.2,1197.60 7 0
purser/gen/go/purser/domain/v1/domainv1connect/entry_person.connect.go:69.136,104.2 3 0
purser/gen/go/purser/domain/v1/domainv1connect/entry_person.connect.go:116.183,118.2 1 0
purser/gen/go/purser/domain/v1/domainv1connect/entry_person.connect.go:121.174,123.2 1 0
purser/gen/go/purser/domain/v1/domainv1connect/entry_person.connect.go:126.183,128.2 1 0
purser/gen/go/purser/domain/v1/domainv1connect/entry_person.connect.go:131.183,133.2 1 0
purser/gen/go/purser/domain/v1/domainv1connect/entry_person.connect.go:136.177,138.2 1 0
purser/gen/go/purser/domain/v1/domainv1connect/entry_person.connect.go:155.120,187.112 7 0
purser/gen/go/purser/domain/v1/domainv1connect/entry_person.connect.go:187.112,188.21 1 0
purser/gen/go/purser/domain/v1/domainv1connect/entry_person.connect.go:189.53,190.62 1 0
purser/gen/go/purser/domain/v1/domainv1connect/entry_person.connect.go:191.50,192.59 1 0
purser/gen/go/purser/domain/v1/domainv1connect/entry_person.connect.go:193.53,194.62 1 0
purser/gen/go/purser/domain/v1/domainv1connect/entry_person.connect.go:195.53,196.62 1 0
purser/gen/go/purser/domain/v1/domainv1connect/entry_person.connect.go:197.51,198.60 1 0
purser/gen/go/purser/domain/v1/domainv1connect/entry_person.connect.go:199.11,200.23 1 0
purser/gen/go/purser/domain/v1/domainv1connect/entry_person.connect.go:208.186,210.2 1 0
purser/gen/go/purser/domain/v1/domainv1connect/entry_person.connect.go:212.177,214.2 1 0
purser/gen/go/purser/domain/v1/domainv1connect/entry_person.connect.go:216.186,218.2 1 0
purser/gen/go/purser/domain/v1/domainv1connect/entry_person.connect.go:220.186,222.2 1 0
purser/gen/go/purser/domain/v1/domainv1connect/entry_person.connect.go:224.180,226.2 1 0
purser/gen/go/purser/domain/v1/domainv1connect/external_id.connect.go:69.134,104.2 3 0
purser/gen/go/purser/domain/v1/domainv1connect/external_id.connect.go:116.179,118.2 1 0
purser/gen/go/purser/domain/v1/domainv1connect/external_id.connect.go:121.170,123.2 1 0
purser/gen/go/purser/domain/v1/domainv1connect/external_id.connect.go:126.179,128.2 1 0
purser/gen/go/purser/domain/v1/domainv1connect/external_id.connect.go:131.179,133.2 1 0
purser/gen/go/purser/domain/v1/domainv1connect/external_id.connect.go:136.176,138.2 1 0
purser/gen/go/purser/domain/v1/domainv1connect/external_id.connect.go:154.118,186.111 7 0
purser/gen/go/purser/domain/v1/domainv1connect/external_id.connect.go:186.111,187.21 1 0
purser/gen/go/purser/domain/v1/domainv1connect/external_id.connect.go:188.51,189.60 1 0
purser/gen/go/purser/domain/v1/domainv1connect/external_id.connect.go:190.48,191.57 1 0
purser/gen/go/purser/domain/v1/domainv1connect/external_id.connect.go:192.51,193.60 1 0
purser/gen/go/purser/domain/v1/domainv1connect/external_id.connect.go:194.51,195.60 1 0
purser/gen/go/purser/domain/v1/domainv1connect/external_id.connect.go:196.50,197.59 1 0
purser/gen/go/purser/domain/v1/domainv1connect/external_id.connect.go:198.11,199.23 1 0
purser/gen/go/purser/domain/v1/domainv1connect/external_id.connect.go:207.182,209.2 1 0
purser/gen/go/purser/domain/v1/domainv1connect/external_id.connect.go:211.173,213.2 1 0
purser/gen/go/purser/domain/v1/domainv1connect/external_id.connect.go:215.182,217.2 1 0
purser/gen/go/purser/domain/v1/domainv1connect/external_id.connect.go:219.182,221.2 1 0
purser/gen/go/purser/domain/v1/domainv1connect/external_id.connect.go:223.179,225.2 1 0
purser/gen/go/purser/domain/v1/domainv1connect/group.connect.go:74.124,115.2 3 0
purser/gen/go/purser/domain/v1/domainv1connect/group.connect.go:128.159,130.2 1 0
purser/gen/go/purser/domain/v1/domainv1connect/group.connect.go:133.150,135.2 1 0
purser/gen/go/purser/domain/v1/domainv1connect/group.connect.go:138.159,140.2 1 0
purser/gen/go/purser/domain/v1/domainv1connect/group.connect.go:143.159,145.2 1 0
purser/gen/go/purser/domain/v1/domainv1connect/group.connect.go:148.156,150.2 1 0
purser/gen/go/purser/domain/v1/domainv1connect/group.connect.go:153.192,155.2 1 0
purser/gen/go/purser/domain/v1/domainv1connect/group.connect.go:175.108,213.106 8 0
purser/gen/go/purser/domain/v1/domainv1connect/group.connect.go:213.106,214.21 1 0
purser/gen/go/purser/domain/v1/domainv1connect/group.connect.go:215.41,216.50 1 0
purser/gen/go/purser/domain/v1/domainv1connect/group.connect.go:217.38,218.47 1 0
purser/gen/go/purser/domain/v1/domainv1connect/group.connect.go:219.41,220.50 1 0
purser/gen/go/purser/domain/v1/domainv1connect/group.connect.go:221.41,222.50 1 0
purser/gen/go/purser/domain/v1/domainv1connect/group.connect.go:223.40,224.49 1 0
purser/gen/go/purser/domain/v1/domainv1connect/group.connect.go:225.52,226.61 1 0
purser/gen/go/purser/domain/v1/domainv1connect/group.connect.go:227.11,228.23 1 0
purser/gen/go/purser/domain/v1/domainv1connect/group.connect.go:236.162,238.2 1 0
purser/gen/go/purser/domain/v1/domainv1connect/group.connect.go:240.153,242.2 1 0
purser/gen/go/purser/domain/v1/domainv1connect/group.connect.go:244.162,246.2 1 0
purser/gen/go/purser/domain/v1/domainv1connect/group.connect.go:248.162,250.2 1 0
purser/gen/go/purser/domain/v1/domainv1connect/group.connect.go:252.159,254.2 1 0
purser/gen/go/purser/domain/v1/domainv1connect/group.connect.go:256.195,258.2 1 0
purser/gen/go/purser/domain/v1/domainv1connect/image.connect.go:67.124,102.2 3 0
purser/gen/go/purser/domain/v1/domainv1connect/image.connect.go:114.159,116.2 1 0
purser/gen/go/purser/domain/v1/domainv1connect/image.connect.go:119.150,121.2 1 0
purser/gen/go/purser/domain/v1/domainv1connect/image.connect.go:124.159,126.2 1 0
purser/gen/go/purser/domain/v1/domainv1connect/image.connect.go:129.159,131.2 1 0
purser/gen/go/purser/domain/v1/domainv1connect/image.connect.go:134.156,136.2 1 0
purser/gen/go/purser/domain/v1/domainv1connect/image.connect.go:152.108,184.106 7 0
purser/gen/go/purser/domain/v1/domainv1connect/image.connect.go:184.106,185.21 1 0
purser/gen/go/purser/domain/v1/domainv1connect/image.connect.go:186.41,187.50 1 0
purser/gen/go/purser/domain/v1/domainv1connect/image.connect.go:188.38,189.47 1 0
purser/gen/go/purser/domain/v1/domainv1connect/image.connect.go:190.41,191.50 1 0
purser/gen/go/purser/domain/v1/domainv1connect/image.connect.go:192.41,193.50 1 0
purser/gen/go/purser/domain/v1/domainv1connect/image.connect.go:194.40,195.49 1 0
purser/gen/go/purser/domain/v1/domainv1connect/image.connect.go:196.11,197.23 1 0
purser/gen/go/purser/domain/v1/domainv1connect/image.connect.go:205.162,207.2 1 0
purser/gen/go/purser/domain/v1/domainv1connect/image.connect.go:209.153,211.2 1 0
purser/gen/go/purser/domain/v1/domainv1connect/image.connect.go:213.162,215.2 1 0
purser/gen/go/purser/domain/v1/domainv1connect/image.connect.go:217.162,219.2 1 0
purser/gen/go/purser/domain/v1/domainv1connect/image.connect.go:221.159,223.2 1 0
purser/gen/go/purser/domain/v1/domainv1connect/item.connect.go:76.122,123.2 3 0
purser/gen/go/purser/domain/v1/domainv1connect/item.connect.go:137.155,139.2 1 0
purser/gen/go/purser/domain/v1/domainv1connect/item.connect.go:142.146,144.2 1 0
purser/gen/go/purser/domain/v1/domainv1connect/item.connect.go:147.155,149.2 1 0
purser/gen/go/purser/domain/v1/domainv1connect/item.connect.go:152.155,154.2 1 0
purser/gen/go/purser/domain/v1/domainv1connect/item.connect.go:157.152,159.2 1 0
purser/gen/go/purser/domain/v1/domainv1connect/item.connect.go:162.188,164.2 1 0
purser/gen/go/purser/domain/v1/domainv1connect/item.connect.go:167.170,169.2 1 0
purser/gen/go/purser/domain/v1/domainv1connect/item.connect.go:191.106,235.105 9 0
purser/gen/go/purser/domain/v1/domainv1connect/item.connect.go:235.105,236.21 1 0
purser/gen/go/purser/domain/v1/domainv1connect/item.connect.go:237.39,238.48 1 0
purser/gen/go/purser/domain/v1/domainv1connect/item.connect.go:239.36,240.45 1 0
purser/gen/go/purser/domain/v1/domainv1connect/item.connect.go:241.39,242.48 1 0
purser/gen/go/purser/domain/v1/domainv1connect/item.connect.go:243.39,244.48 1 0
purser/gen/go/purser/domain/v1/domainv1connect/item.connect.go:245.38,246.47 1 0
purser/gen/go/purser/domain/v1/domainv1connect/item.connect.go:247.50,248.59 1 0
purser/gen/go/purser/domain/v1/domainv1connect/item.connect.go:249.44,250.53 1 0
purser/gen/go/purser/domain/v1/domainv1connect/item.connect.go:251.11,252.23 1 0
purser/gen/go/purser/domain/v1/domainv1connect/item.connect.go:260.158,262.2 1 0
purser/gen/go/purser/domain/v1/domainv1connect/item.connect.go:264.149,266.2 1 0
purser/gen/go/purser/domain/v1/domainv1connect/item.connect.go:268.158,270.2 1 0
purser/gen/go/purser/domain/v1/domainv1connect/item.connect.go:272.158,274.2 1 0
purser/gen/go/purser/domain/v1/domainv1connect/item.connect.go:276.155,278.2 1 0
purser/gen/go/purser/domain/v1/domainv1connect/item.connect.go:280.191,282.2 1 0
purser/gen/go/purser/domain/v1/domainv1connect/item.connect.go:284.173,286.2 1 0
purser/gen/go/purser/domain/v1/domainv1connect/item_person.connect.go:69.134,104.2 3 0
purser/gen/go/purser/domain/v1/domainv1connect/item_person.connect.go:116.179,118.2 1 0
purser/gen/go/purser/domain/v1/domainv1connect/item_person.connect.go:121.170,123.2 1 0
purser/gen/go/purser/domain/v1/domainv1connect/item_person.connect.go:126.179,128.2 1 0
purser/gen/go/purser/domain/v1/domainv1connect/item_person.connect.go:131.179,133.2 1 0
purser/gen/go/purser/domain/v1/domainv1connect/item_person.connect.go:136.173,138.2 1 0
purser/gen/go/purser/domain/v1/domainv1connect/item_person.connect.go:154.118,186.111 7 0
purser/gen/go/purser/domain/v1/domainv1connect/item_person.connect.go:186.111,187.21 1 0
purser/gen/go/purser/domain/v1/domainv1connect/item_person.connect.go:188.51,189.60 1 0
purser/gen/go/purser/domain/v1/domainv1connect/item_person.connect.go:190.48,191.57 1 0
purser/gen/go/purser/domain/v1/domainv1connect/item_person.connect.go:192.51,193.60 1 0
purser/gen/go/purser/domain/v1/domainv1connect/item_person.connect.go:194.51,195.60 1 0
purser/gen/go/purser/domain/v1/domainv1connect/item_person.connect.go:196.49,197.58 1 0
purser/gen/go/purser/domain/v1/domainv1connect/item_person.connect.go:198.11,199.23 1 0
purser/gen/go/purser/domain/v1/domainv1connect/item_person.connect.go:207.182,209.2 1 0
purser/gen/go/purser/domain/v1/domainv1connect/item_person.connect.go:211.173,213.2 1 0
purser/gen/go/purser/domain/v1/domainv1connect/item_person.connect.go:215.182,217.2 1 0
purser/gen/go/purser/domain/v1/domainv1connect/item_person.connect.go:219.182,221.2 1 0
purser/gen/go/purser/domain/v1/domainv1connect/item_person.connect.go:223.176,225.2 1 0
purser/gen/go/purser/domain/v1/domainv1connect/library_entry.connect.go:76.138,117.2 3 0
purser/gen/go/purser/domain/v1/domainv1connect/library_entry.connect.go:130.187,132.2 1 0
purser/gen/go/purser/domain/v1/domainv1connect/library_entry.connect.go:135.178,137.2 1 0
purser/gen/go/purser/domain/v1/domainv1connect/library_entry.connect.go:140.187,142.2 1 0
purser/gen/go/purser/domain/v1/domainv1connect/library_entry.connect.go:145.187,147.2 1 0
purser/gen/go/purser/domain/v1/domainv1connect/library_entry.connect.go:150.187,152.2 1 0
purser/gen/go/purser/domain/v1/domainv1connect/library_entry.connect.go:156.220,158.2 1 0
purser/gen/go/purser/domain/v1/domainv1connect/library_entry.connect.go:179.122,217.113 8 0
purser/gen/go/purser/domain/v1/domainv1connect/library_entry.connect.go:217.113,218.21 1 0
purser/gen/go/purser/domain/v1/domainv1connect/library_entry.connect.go:219.55,220.64 1 0
purser/gen/go/purser/domain/v1/domainv1connect/library_entry.connect.go:221.52,222.61 1 0
purser/gen/go/purser/domain/v1/domainv1connect/library_entry.connect.go:223.55,224.64 1 0
purser/gen/go/purser/domain/v1/domainv1connect/library_entry.connect.go:225.55,226.64 1 0
purser/gen/go/purser/domain/v1/domainv1connect/library_entry.connect.go:227.55,228.64 1 0
purser/gen/go/purser/domain/v1/domainv1connect/library_entry.connect.go:229.66,230.75 1 0
purser/gen/go/purser/domain/v1/domainv1connect/library_entry.connect.go:231.11,232.23 1 0
purser/gen/go/purser/domain/v1/domainv1connect/library_entry.connect.go:240.190,242.2 1 0
purser/gen/go/purser/domain/v1/domainv1connect/library_entry.connect.go:244.181,246.2 1 0
purser/gen/go/purser/domain/v1/domainv1connect/library_entry.connect.go:248.190,250.2 1 0
purser/gen/go/purser/domain/v1/domainv1connect/library_entry.connect.go:252.190,254.2 1 0
purser/gen/go/purser/domain/v1/domainv1connect/library_entry.connect.go:256.190,258.2 1 0
purser/gen/go/purser/domain/v1/domainv1connect/library_entry.connect.go:260.223,262.2 1 0
purser/gen/go/purser/domain/v1/domainv1connect/media_file.connect.go:69.132,104.2 3 0
purser/gen/go/purser/domain/v1/domainv1connect/media_file.connect.go:116.175,118.2 1 0
purser/gen/go/purser/domain/v1/domainv1connect/media_file.connect.go:121.166,123.2 1 0
purser/gen/go/purser/domain/v1/domainv1connect/media_file.connect.go:126.175,128.2 1 0
purser/gen/go/purser/domain/v1/domainv1connect/media_file.connect.go:131.175,133.2 1 0
purser/gen/go/purser/domain/v1/domainv1connect/media_file.connect.go:136.172,138.2 1 0
purser/gen/go/purser/domain/v1/domainv1connect/media_file.connect.go:154.116,186.110 7 0
purser/gen/go/purser/domain/v1/domainv1connect/media_file.connect.go:186.110,187.21 1 0
purser/gen/go/purser/domain/v1/domainv1connect/media_file.connect.go:188.49,189.58 1 0
purser/gen/go/purser/domain/v1/domainv1connect/media_file.connect.go:190.46,191.55 1 0
purser/gen/go/purser/domain/v1/domainv1connect/media_file.connect.go:192.49,193.58 1 0
purser/gen/go/purser/domain/v1/domainv1connect/media_file.connect.go:194.49,195.58 1 0
purser/gen/go/purser/domain/v1/domainv1connect/media_file.connect.go:196.48,197.57 1 0
purser/gen/go/purser/domain/v1/domainv1connect/media_file.connect.go:198.11,199.23 1 0
purser/gen/go/purser/domain/v1/domainv1connect/media_file.connect.go:207.178,209.2 1 0
purser/gen/go/purser/domain/v1/domainv1connect/media_file.connect.go:211.169,213.2 1 0
purser/gen/go/purser/domain/v1/domainv1connect/media_file.connect.go:215.178,217.2 1 0
purser/gen/go/purser/domain/v1/domainv1connect/media_file.connect.go:219.178,221.2 1 0
purser/gen/go/purser/domain/v1/domainv1connect/media_file.connect.go:223.175,225.2 1 0
purser/gen/go/purser/domain/v1/domainv1connect/person.connect.go:75.126,116.2 3 0
purser/gen/go/purser/domain/v1/domainv1connect/person.connect.go:129.163,131.2 1 0
purser/gen/go/purser/domain/v1/domainv1connect/person.connect.go:134.154,136.2 1 0
purser/gen/go/purser/domain/v1/domainv1connect/person.connect.go:139.163,141.2 1 0
purser/gen/go/purser/domain/v1/domainv1connect/person.connect.go:144.163,146.2 1 0
purser/gen/go/purser/domain/v1/domainv1connect/person.connect.go:149.157,151.2 1 0
purser/gen/go/purser/domain/v1/domainv1connect/person.connect.go:154.196,156.2 1 0
purser/gen/go/purser/domain/v1/domainv1connect/person.connect.go:176.110,214.107 8 0
purser/gen/go/purser/domain/v1/domainv1connect/person.connect.go:214.107,215.21 1 0
purser/gen/go/purser/domain/v1/domainv1connect/person.connect.go:216.43,217.52 1 0
purser/gen/go/purser/domain/v1/domainv1connect/person.connect.go:218.40,219.49 1 0
purser/gen/go/purser/domain/v1/domainv1connect/person.connect.go:220.43,221.52 1 0
purser/gen/go/purser/domain/v1/domainv1connect/person.connect.go:222.43,223.52 1 0
purser/gen/go/purser/domain/v1/domainv1connect/person.connect.go:224.41,225.50 1 0
purser/gen/go/purser/domain/v1/domainv1connect/person.connect.go:226.54,227.63 1 0
purser/gen/go/purser/domain/v1/domainv1connect/person.connect.go:228.11,229.23 1 0
purser/gen/go/purser/domain/v1/domainv1connect/person.connect.go:237.166,239.2 1 0
purser/gen/go/purser/domain/v1/domainv1connect/person.connect.go:241.157,243.2 1 0
purser/gen/go/purser/domain/v1/domainv1connect/person.connect.go:245.166,247.2 1 0
purser/gen/go/purser/domain/v1/domainv1connect/person.connect.go:249.166,251.2 1 0
purser/gen/go/purser/domain/v1/domainv1connect/person.connect.go:253.160,255.2 1 0
purser/gen/go/purser/domain/v1/domainv1connect/person.connect.go:257.199,259.2 1 0
purser/gen/go/purser/domain/v1/domainv1connect/tag.connect.go:76.120,123.2 3 0
purser/gen/go/purser/domain/v1/domainv1connect/tag.connect.go:137.151,139.2 1 0
purser/gen/go/purser/domain/v1/domainv1connect/tag.connect.go:142.142,144.2 1 0
purser/gen/go/purser/domain/v1/domainv1connect/tag.connect.go:147.151,149.2 1 0
purser/gen/go/purser/domain/v1/domainv1connect/tag.connect.go:152.151,154.2 1 0
purser/gen/go/purser/domain/v1/domainv1connect/tag.connect.go:157.148,159.2 1 0
purser/gen/go/purser/domain/v1/domainv1connect/tag.connect.go:162.184,164.2 1 0
purser/gen/go/purser/domain/v1/domainv1connect/tag.connect.go:167.166,169.2 1 0
purser/gen/go/purser/domain/v1/domainv1connect/tag.connect.go:191.104,235.104 9 0
purser/gen/go/purser/domain/v1/domainv1connect/tag.connect.go:235.104,236.21 1 0
purser/gen/go/purser/domain/v1/domainv1connect/tag.connect.go:237.37,238.46 1 0
purser/gen/go/purser/domain/v1/domainv1connect/tag.connect.go:239.34,240.43 1 0
purser/gen/go/purser/domain/v1/domainv1connect/tag.connect.go:241.37,242.46 1 0
purser/gen/go/purser/domain/v1/domainv1connect/tag.connect.go:243.37,244.46 1 0
purser/gen/go/purser/domain/v1/domainv1connect/tag.connect.go:245.36,246.45 1 0
purser/gen/go/purser/domain/v1/domainv1connect/tag.connect.go:247.48,248.57 1 0
purser/gen/go/purser/domain/v1/domainv1connect/tag.connect.go:249.42,250.51 1 0
purser/gen/go/purser/domain/v1/domainv1connect/tag.connect.go:251.11,252.23 1 0
purser/gen/go/purser/domain/v1/domainv1connect/tag.connect.go:260.154,262.2 1 0
purser/gen/go/purser/domain/v1/domainv1connect/tag.connect.go:264.145,266.2 1 0
purser/gen/go/purser/domain/v1/domainv1connect/tag.connect.go:268.154,270.2 1 0
purser/gen/go/purser/domain/v1/domainv1connect/tag.connect.go:272.154,274.2 1 0
purser/gen/go/purser/domain/v1/domainv1connect/tag.connect.go:276.151,278.2 1 0
purser/gen/go/purser/domain/v1/domainv1connect/tag.connect.go:280.187,282.2 1 0
purser/gen/go/purser/domain/v1/domainv1connect/tag.connect.go:284.169,286.2 1 0
purser/gen/go/purser/domain/v1/domainv1connect/tag_assignment.connect.go:71.140,106.2 3 0
purser/gen/go/purser/domain/v1/domainv1connect/tag_assignment.connect.go:118.191,120.2 1 0
purser/gen/go/purser/domain/v1/domainv1connect/tag_assignment.connect.go:123.182,125.2 1 0
purser/gen/go/purser/domain/v1/domainv1connect/tag_assignment.connect.go:128.191,130.2 1 0
purser/gen/go/purser/domain/v1/domainv1connect/tag_assignment.connect.go:133.188,135.2 1 0
purser/gen/go/purser/domain/v1/domainv1connect/tag_assignment.connect.go:138.206,140.2 1 0
purser/gen/go/purser/domain/v1/domainv1connect/tag_assignment.connect.go:159.124,191.114 7 0
purser/gen/go/purser/domain/v1/domainv1connect/tag_assignment.connect.go:191.114,192.21 1 0
purser/gen/go/purser/domain/v1/domainv1connect/tag_assignment.connect.go:193.57,194.66 1 0
purser/gen/go/purser/domain/v1/domainv1connect/tag_assignment.connect.go:195.54,196.63 1 0
purser/gen/go/purser/domain/v1/domainv1connect/tag_assignment.connect.go:197.57,198.66 1 0
purser/gen/go/purser/domain/v1/domainv1connect/tag_assignment.connect.go:199.56,200.65 1 0
purser/gen/go/purser/domain/v1/domainv1connect/tag_assignment.connect.go:201.62,202.71 1 0
purser/gen/go/purser/domain/v1/domainv1connect/tag_assignment.connect.go:203.11,204.23 1 0
purser/gen/go/purser/domain/v1/domainv1connect/tag_assignment.connect.go:212.194,214.2 1 0
purser/gen/go/purser/domain/v1/domainv1connect/tag_assignment.connect.go:216.185,218.2 1 0
purser/gen/go/purser/domain/v1/domainv1connect/tag_assignment.connect.go:220.194,222.2 1 0
purser/gen/go/purser/domain/v1/domainv1connect/tag_assignment.connect.go:224.191,226.2 1 0
purser/gen/go/purser/domain/v1/domainv1connect/tag_assignment.connect.go:228.209,230.2 1 0
purser/gen/go/purser/pipeline/v1/pipelinev1connect/scan.connect.go:52.122,63.2 3 0
purser/gen/go/purser/pipeline/v1/pipelinev1connect/scan.connect.go:71.158,73.2 1 0
purser/gen/go/purser/pipeline/v1/pipelinev1connect/scan.connect.go:85.106,93.107 3 0
purser/gen/go/purser/pipeline/v1/pipelinev1connect/scan.connect.go:93.107,94.21 1 0
purser/gen/go/purser/pipeline/v1/pipelinev1connect/scan.connect.go:95.40,96.49 1 0
purser/gen/go/purser/pipeline/v1/pipelinev1connect/scan.connect.go:97.11,98.23 1 0
purser/gen/go/purser/pipeline/v1/pipelinev1connect/scan.connect.go:106.161,108.2 1 0
purser/gen/go/purser/pipeline/v1/pipelinev1connect/unmatched_file.connect.go:69.140,104.2 3 0
purser/gen/go/purser/pipeline/v1/pipelinev1connect/unmatched_file.connect.go:116.182,118.2 1 0
purser/gen/go/purser/pipeline/v1/pipelinev1connect/unmatched_file.connect.go:121.188,123.2 1 0
purser/gen/go/purser/pipeline/v1/pipelinev1connect/unmatched_file.connect.go:126.194,128.2 1 0
purser/gen/go/purser/pipeline/v1/pipelinev1connect/unmatched_file.connect.go:131.203,133.2 1 0
purser/gen/go/purser/pipeline/v1/pipelinev1connect/unmatched_file.connect.go:137.209,139.2 1 0
purser/gen/go/purser/pipeline/v1/pipelinev1connect/unmatched_file.connect.go:156.124,188.116 7 0
purser/gen/go/purser/pipeline/v1/pipelinev1connect/unmatched_file.connect.go:188.116,189.21 1 0
purser/gen/go/purser/pipeline/v1/pipelinev1connect/unmatched_file.connect.go:190.54,191.63 1 0
purser/gen/go/purser/pipeline/v1/pipelinev1connect/unmatched_file.connect.go:192.56,193.65 1 0
purser/gen/go/purser/pipeline/v1/pipelinev1connect/unmatched_file.connect.go:194.58,195.67 1 0
purser/gen/go/purser/pipeline/v1/pipelinev1connect/unmatched_file.connect.go:196.61,197.70 1 0
purser/gen/go/purser/pipeline/v1/pipelinev1connect/unmatched_file.connect.go:198.63,199.72 1 0
purser/gen/go/purser/pipeline/v1/pipelinev1connect/unmatched_file.connect.go:200.11,201.23 1 0
purser/gen/go/purser/pipeline/v1/pipelinev1connect/unmatched_file.connect.go:209.185,211.2 1 0
purser/gen/go/purser/pipeline/v1/pipelinev1connect/unmatched_file.connect.go:213.191,215.2 1 0
purser/gen/go/purser/pipeline/v1/pipelinev1connect/unmatched_file.connect.go:217.197,219.2 1 0
purser/gen/go/purser/pipeline/v1/pipelinev1connect/unmatched_file.connect.go:221.206,223.2 1 0
purser/gen/go/purser/pipeline/v1/pipelinev1connect/unmatched_file.connect.go:225.212,227.2 1 0
purser/internal/adapters/datastore/datastoretest/contract.go:20.58,23.73 2 0
purser/internal/adapters/datastore/datastoretest/contract.go:23.73,23.109 1 0
purser/internal/adapters/datastore/datastoretest/contract.go:24.2,24.71 1 0
purser/internal/adapters/datastore/datastoretest/contract.go:24.71,24.102 1 0
purser/internal/adapters/datastore/datastoretest/contract.go:25.2,25.88 1 0
purser/internal/adapters/datastore/datastoretest/contract.go:25.88,25.121 1 0
purser/internal/adapters/datastore/datastoretest/contract.go:26.2,26.89 1 0
purser/internal/adapters/datastore/datastoretest/contract.go:26.89,26.138 1 0
purser/internal/adapters/datastore/datastoretest/contract.go:27.2,27.67 1 0
purser/internal/adapters/datastore/datastoretest/contract.go:27.67,27.91 1 0
purser/internal/adapters/datastore/datastoretest/contract.go:28.2,28.79 1 0
purser/internal/adapters/datastore/datastoretest/contract.go:28.79,28.110 1 0
purser/internal/adapters/datastore/datastoretest/contract.go:29.2,29.56 1 0
purser/internal/adapters/datastore/datastoretest/contract.go:29.56,29.80 1 0
purser/internal/adapters/datastore/datastoretest/contract.go:30.2,30.79 1 0
purser/internal/adapters/datastore/datastoretest/contract.go:30.79,30.110 1 0
purser/internal/adapters/datastore/datastoretest/contract.go:31.2,31.77 1 0
purser/internal/adapters/datastore/datastoretest/contract.go:31.77,31.108 1 0
purser/internal/adapters/datastore/datastoretest/contract.go:32.2,32.65 1 0
purser/internal/adapters/datastore/datastoretest/contract.go:32.65,32.102 1 0
purser/internal/adapters/datastore/datastoretest/contract.go:33.2,33.85 1 0
purser/internal/adapters/datastore/datastoretest/contract.go:33.85,33.121 1 0
purser/internal/adapters/datastore/datastoretest/contract.go:34.2,34.81 1 0
purser/internal/adapters/datastore/datastoretest/contract.go:34.81,34.116 1 0
purser/internal/adapters/datastore/datastoretest/contract.go:35.2,35.66 1 0
purser/internal/adapters/datastore/datastoretest/contract.go:35.66,35.103 1 0
purser/internal/adapters/datastore/datastoretest/contract.go:36.2,36.76 1 0
purser/internal/adapters/datastore/datastoretest/contract.go:36.76,36.105 1 0
purser/internal/adapters/datastore/datastoretest/contract.go:37.2,37.94 1 0
purser/internal/adapters/datastore/datastoretest/contract.go:37.94,37.142 1 0
purser/internal/adapters/datastore/datastoretest/contract.go:38.2,38.77 1 0
purser/internal/adapters/datastore/datastoretest/contract.go:38.77,38.106 1 0
purser/internal/adapters/datastore/datastoretest/contract.go:39.2,39.90 1 0
purser/internal/adapters/datastore/datastoretest/contract.go:39.90,39.137 1 0
purser/internal/adapters/datastore/datastoretest/contract.go:40.2,40.78 1 0
purser/internal/adapters/datastore/datastoretest/contract.go:40.78,40.107 1 0
purser/internal/adapters/datastore/datastoretest/contract.go:41.2,41.90 1 0
purser/internal/adapters/datastore/datastoretest/contract.go:41.90,41.137 1 0
purser/internal/adapters/datastore/datastoretest/contract.go:44.79,46.61 2 0
purser/internal/adapters/datastore/datastoretest/contract.go:46.61,48.3 1 0
purser/internal/adapters/datastore/datastoretest/contract.go:51.77,58.2 1 0
purser/internal/adapters/datastore/datastoretest/contract.go:60.67,63.40 3 0
purser/internal/adapters/datastore/datastoretest/contract.go:63.40,65.3 1 0
purser/internal/adapters/datastore/datastoretest/contract.go:68.62,74.16 5 0
purser/internal/adapters/datastore/datastoretest/contract.go:74.16,76.3 1 0
purser/internal/adapters/datastore/datastoretest/contract.go:77.2,77.40 1 0
purser/internal/adapters/datastore/datastoretest/contract.go:77.40,79.3 1 0
purser/internal/adapters/datastore/datastoretest/contract.go:82.64,87.40 4 0
purser/internal/adapters/datastore/datastoretest/contract.go:87.40,89.3 1 0
purser/internal/adapters/datastore/datastoretest/contract.go:92.80,96.86 3 0
purser/internal/adapters/datastore/datastoretest/contract.go:96.86,98.3 1 0
purser/internal/adapters/datastore/datastoretest/contract.go:101.55,106.65 4 0
purser/internal/adapters/datastore/datastoretest/contract.go:106.65,108.3 1 0
purser/internal/adapters/datastore/datastoretest/contract.go:110.2,111.16 2 0
purser/internal/adapters/datastore/datastoretest/contract.go:111.16,113.3 1 0
purser/internal/adapters/datastore/datastoretest/contract.go:114.2,114.46 1 0
purser/internal/adapters/datastore/datastoretest/contract.go:114.46,116.3 1 0
purser/internal/adapters/datastore/datastoretest/contract.go:119.62,122.40 3 0
purser/internal/adapters/datastore/datastoretest/contract.go:122.40,124.3 1 0
purser/internal/adapters/datastore/datastoretest/contract.go:127.55,131.72 3 0
purser/internal/adapters/datastore/datastoretest/contract.go:131.72,133.3 1 0
purser/internal/adapters/datastore/datastoretest/contract.go:134.2,134.96 1 0
purser/internal/adapters/datastore/datastoretest/contract.go:134.96,136.3 1 0
purser/internal/adapters/datastore/datastoretest/contract.go:139.62,142.40 3 0
purser/internal/adapters/datastore/datastoretest/contract.go:142.40,144.3 1 0
purser/internal/adapters/datastore/datastoretest/contract.go:147.62,152.22 4 0
purser/internal/adapters/datastore/datastoretest/contract.go:152.22,154.3 1 0
purser/internal/adapters/datastore/datastoretest/contract.go:156.2,158.6 3 0
purser/internal/adapters/datastore/datastoretest/contract.go:158.6,160.17 2 0
purser/internal/adapters/datastore/datastoretest/contract.go:160.17,162.4 1 0
purser/internal/adapters/datastore/datastoretest/contract.go:163.3,163.26 1 0
purser/internal/adapters/datastore/datastoretest/contract.go:163.26,165.4 1 0
purser/internal/adapters/datastore/datastoretest/contract.go:166.3,166.17 1 0
purser/internal/adapters/datastore/datastoretest/contract.go:166.17,167.9 1 0
purser/internal/adapters/datastore/datastoretest/contract.go:169.3,169.19 1 0
purser/internal/adapters/datastore/datastoretest/contract.go:172.2,172.22 1 0
purser/internal/adapters/datastore/datastoretest/contract.go:172.22,174.3 1 0
purser/internal/adapters/datastore/datastoretest/contract.go:177.68,185.16 7 0
purser/internal/adapters/datastore/datastoretest/contract.go:185.16,187.3 1 0
purser/internal/adapters/datastore/datastoretest/contract.go:188.2,188.20 1 0
purser/internal/adapters/datastore/datastoretest/contract.go:188.20,190.3 1 0
purser/internal/adapters/datastore/datastoretest/contract.go:193.67,201.16 7 0
purser/internal/adapters/datastore/datastoretest/contract.go:201.16,203.3 1 0
purser/internal/adapters/datastore/datastoretest/contract.go:204.2,204.20 1 0
purser/internal/adapters/datastore/datastoretest/contract.go:204.20,206.3 1 0
purser/internal/adapters/datastore/datastoretest/contract.go:207.2,207.25 1 0
purser/internal/adapters/datastore/datastoretest/contract.go:207.25,208.35 1 0
purser/internal/adapters/datastore/datastoretest/contract.go:208.35,210.4 1 0
purser/internal/adapters/datastore/datastoretest/contract.go:214.66,220.16 5 0
purser/internal/adapters/datastore/datastoretest/contract.go:220.16,222.3 1 0
purser/internal/adapters/datastore/datastoretest/contract.go:223.2,223.20 1 0
purser/internal/adapters/datastore/datastoretest/contract.go:223.20,225.3 1 0
purser/internal/adapters/datastore/datastoretest/contract.go:226.2,226.16 1 0
purser/internal/adapters/datastore/datastoretest/contract.go:226.16,228.3 1 0
purser/internal/adapters/datastore/datastoretest/contract.go:231.68,237.48 5 0
purser/internal/adapters/datastore/datastoretest/contract.go:237.48,239.3 1 0
purser/internal/adapters/datastore/datastoretest/contract.go:241.2,242.16 2 0
purser/internal/adapters/datastore/datastoretest/contract.go:242.16,244.3 1 0
purser/internal/adapters/datastore/datastoretest/contract.go:245.2,245.26 1 0
purser/internal/adapters/datastore/datastoretest/contract.go:245.26,247.3 1 0
purser/internal/adapters/datastore/datastoretest/contract.go:249.2,250.16 2 0
purser/internal/adapters/datastore/datastoretest/contract.go:250.16,252.3 1 0
purser/internal/adapters/datastore/datastoretest/contract.go:253.2,253.26 1 0
purser/internal/adapters/datastore/datastoretest/contract.go:253.26,255.3 1 0
purser/internal/adapters/datastore/datastoretest/contract.go:258.60,267.50 4 0
purser/internal/adapters/datastore/datastoretest/contract.go:267.50,269.3 1 0
purser/internal/adapters/datastore/datastoretest/contract.go:271.2,271.25 1 0
purser/internal/adapters/datastore/datastoretest/contract.go:271.25,272.56 1 0
purser/internal/adapters/datastore/datastoretest/contract.go:272.56,274.4 1 0
purser/internal/adapters/datastore/datastoretest/contract.go:278.79,288.40 5 0
purser/internal/adapters/datastore/datastoretest/contract.go:288.40,290.3 1 0
purser/internal/adapters/datastore/datastoretest/contract.go:293.2,293.79 1 0
purser/internal/adapters/datastore/datastoretest/contract.go:293.79,295.3 1 0
purser/internal/adapters/datastore/datastoretest/contract.go:296.2,296.79 1 0
purser/internal/adapters/datastore/datastoretest/contract.go:296.79,298.3 1 0
purser/internal/adapters/datastore/datastoretest/contract.go:301.60,308.76 6 0
purser/internal/adapters/datastore/datastoretest/contract.go:308.76,310.3 1 0
purser/internal/adapters/datastore/datastoretest/contract.go:312.2,312.79 1 0
purser/internal/adapters/datastore/datastoretest/contract.go:312.79,314.3 1 0
purser/internal/adapters/datastore/datastoretest/contract.go:315.2,315.79 1 0
purser/internal/adapters/datastore/datastoretest/contract.go:315.79,317.3 1 0
purser/internal/adapters/datastore/datastoretest/contract.go:318.2,318.55 1 0
purser/internal/adapters/datastore/datastoretest/contract.go:318.55,320.3 1 0
purser/internal/adapters/datastore/datastoretest/contract.go:323.78,329.40 5 0
purser/internal/adapters/datastore/datastoretest/contract.go:329.40,331.3 1 0
purser/internal/adapters/datastore/datastoretest/contract.go:334.2,334.55 1 0
purser/internal/adapters/datastore/datastoretest/contract.go:334.55,336.3 1 0
purser/internal/adapters/datastore/datastoretest/contract.go:339.60,350.53 7 0
purser/internal/adapters/datastore/datastoretest/contract.go:350.53,352.3 1 0
purser/internal/adapters/datastore/datastoretest/contract.go:354.2,354.31 1 0
purser/internal/adapters/datastore/datastoretest/contract.go:354.31,356.17 2 0
purser/internal/adapters/datastore/datastoretest/contract.go:356.17,358.4 1 0
purser/internal/adapters/datastore/datastoretest/contract.go:359.3,359.44 1 0
purser/internal/adapters/datastore/datastoretest/contract.go:359.44,361.4 1 0
purser/internal/adapters/datastore/datastoretest/contract.go:365.2,366.16 2 0
purser/internal/adapters/datastore/datastoretest/contract.go:366.16,368.3 1 0
purser/internal/adapters/datastore/datastoretest/contract.go:369.2,369.63 1 0
purser/internal/adapters/datastore/datastoretest/contract.go:369.63,371.3 1 0
purser/internal/adapters/datastore/datastoretest/contract.go:374.78,384.40 6 0
purser/internal/adapters/datastore/datastoretest/contract.go:384.40,386.3 1 0
purser/internal/adapters/datastore/datastoretest/contract.go:391.2,392.16 2 0
purser/internal/adapters/datastore/datastoretest/contract.go:392.16,394.3 1 0
purser/internal/adapters/datastore/datastoretest/contract.go:395.2,395.47 1 0
purser/internal/adapters/datastore/datastoretest/contract.go:395.47,397.3 1 0
purser/internal/ports/grouptest/contract.go:21.67,24.74 2 0
purser/internal/ports/grouptest/contract.go:24.74,24.112 1 0
purser/internal/ports/grouptest/contract.go:25.2,25.68 1 0
purser/internal/ports/grouptest/contract.go:25.68,25.101 1 0
purser/internal/ports/grouptest/contract.go:26.2,26.77 1 0
purser/internal/ports/grouptest/contract.go:26.77,26.112 1 0
purser/internal/ports/grouptest/contract.go:27.2,27.64 1 0
purser/internal/ports/grouptest/contract.go:27.64,27.90 1 0
purser/internal/ports/grouptest/contract.go:28.2,28.76 1 0
purser/internal/ports/grouptest/contract.go:28.76,28.109 1 0
purser/internal/ports/grouptest/contract.go:29.2,29.53 1 0
purser/internal/ports/grouptest/contract.go:29.53,29.79 1 0
purser/internal/ports/grouptest/contract.go:30.2,30.76 1 0
purser/internal/ports/grouptest/contract.go:30.76,30.109 1 0
purser/internal/ports/grouptest/contract.go:31.2,31.74 1 0
purser/internal/ports/grouptest/contract.go:31.74,31.105 1 0
purser/internal/ports/grouptest/contract.go:32.2,32.76 1 0
purser/internal/ports/grouptest/contract.go:32.76,32.109 1 0
purser/internal/ports/grouptest/contract.go:35.73,37.58 2 0
purser/internal/ports/grouptest/contract.go:37.58,39.3 1 0
purser/internal/ports/grouptest/contract.go:42.70,45.40 3 0
purser/internal/ports/grouptest/contract.go:45.40,47.3 1 0
purser/internal/ports/grouptest/contract.go:50.65,56.16 5 0
purser/internal/ports/grouptest/contract.go:56.16,58.3 1 0
purser/internal/ports/grouptest/contract.go:59.2,59.26 1 0
purser/internal/ports/grouptest/contract.go:59.26,61.3 1 0
purser/internal/ports/grouptest/contract.go:64.67,69.40 4 0
purser/internal/ports/grouptest/contract.go:69.40,71.3 1 0
purser/internal/ports/grouptest/contract.go:74.58,80.58 5 0
purser/internal/ports/grouptest/contract.go:80.58,82.3 1 0
purser/internal/ports/grouptest/contract.go:84.2,85.16 2 0
purser/internal/ports/grouptest/contract.go:85.16,87.3 1 0
purser/internal/ports/grouptest/contract.go:88.2,88.34 1 0
purser/internal/ports/grouptest/contract.go:88.34,90.3 1 0
purser/internal/ports/grouptest/contract.go:93.65,96.40 3 0
purser/internal/ports/grouptest/contract.go:96.40,98.3 1 0
purser/internal/ports/grouptest/contract.go:101.58,105.61 3 0
purser/internal/ports/grouptest/contract.go:105.61,107.3 1 0
purser/internal/ports/grouptest/contract.go:109.2,110.40 2 0
purser/internal/ports/grouptest/contract.go:110.40,112.3 1 0
purser/internal/ports/grouptest/contract.go:115.65,118.40 3 0
purser/internal/ports/grouptest/contract.go:118.40,120.3 1 0
purser/internal/ports/grouptest/contract.go:123.63,131.16 7 0
purser/internal/ports/grouptest/contract.go:131.16,133.3 1 0
purser/internal/ports/grouptest/contract.go:134.2,134.23 1 0
purser/internal/ports/grouptest/contract.go:134.23,136.3 1 0
purser/internal/ports/grouptest/contract.go:138.2,139.16 2 0
purser/internal/ports/grouptest/contract.go:139.16,141.3 1 0
purser/internal/ports/grouptest/contract.go:142.2,142.26 1 0
purser/internal/ports/grouptest/contract.go:142.26,144.3 1 0
purser/internal/ports/grouptest/contract.go:147.65,152.19 4 0
purser/internal/ports/grouptest/contract.go:152.19,156.3 3 0
purser/internal/ports/grouptest/contract.go:158.2,160.6 3 0
purser/internal/ports/grouptest/contract.go:160.6,162.17 2 0
purser/internal/ports/grouptest/contract.go:162.17,164.4 1 0
purser/internal/ports/grouptest/contract.go:165.3,165.28 1 0
purser/internal/ports/grouptest/contract.go:165.28,167.4 1 0
purser/internal/ports/grouptest/contract.go:168.3,168.17 1 0
purser/internal/ports/grouptest/contract.go:168.17,169.9 1 0
purser/internal/ports/grouptest/contract.go:171.3,171.19 1 0
purser/internal/ports/grouptest/contract.go:174.2,174.27 1 0
purser/internal/ports/grouptest/contract.go:174.27,176.3 1 0
purser/internal/ports/grouptest/contract.go:177.2,177.23 1 0
purser/internal/ports/grouptest/contract.go:177.23,178.15 1 0
purser/internal/ports/grouptest/contract.go:178.15,180.4 1 0
purser/internal/ports/grouptest/contract.go:184.43,191.2 1 0
purser/internal/ports/grouptest/contract.go:193.67,197.2 3 0
purser/internal/ports/itemtest/contract.go:21.66,24.74 2 0
purser/internal/ports/itemtest/contract.go:24.74,24.112 1 0
purser/internal/ports/itemtest/contract.go:25.2,25.67 1 0
purser/internal/ports/itemtest/contract.go:25.67,25.100 1 0
purser/internal/ports/itemtest/contract.go:26.2,26.77 1 0
purser/internal/ports/itemtest/contract.go:26.77,26.112 1 0
purser/internal/ports/itemtest/contract.go:27.2,27.63 1 0
purser/internal/ports/itemtest/contract.go:27.63,27.89 1 0
purser/internal/ports/itemtest/contract.go:28.2,28.75 1 0
purser/internal/ports/itemtest/contract.go:28.75,28.108 1 0
purser/internal/ports/itemtest/contract.go:29.2,29.53 1 0
purser/internal/ports/itemtest/contract.go:29.53,29.79 1 0
purser/internal/ports/itemtest/contract.go:30.2,30.75 1 0
purser/internal/ports/itemtest/contract.go:30.75,30.108 1 0
purser/internal/ports/itemtest/contract.go:31.2,31.99 1 0
purser/internal/ports/itemtest/contract.go:31.99,31.130 1 0
purser/internal/ports/itemtest/contract.go:32.2,32.75 1 0
purser/internal/ports/itemtest/contract.go:32.75,32.108 1 0
purser/internal/ports/itemtest/contract.go:33.2,33.73 1 0
purser/internal/ports/itemtest/contract.go:33.73,33.104 1 0
purser/internal/ports/itemtest/contract.go:34.2,34.90 1 0
purser/internal/ports/itemtest/contract.go:34.90,34.139 1 0
purser/internal/ports/itemtest/contract.go:37.71,39.58 2 0
purser/internal/ports/itemtest/contract.go:39.58,41.3 1 0
purser/internal/ports/itemtest/contract.go:44.70,47.40 3 0
purser/internal/ports/itemtest/contract.go:47.40,49.3 1 0
purser/internal/ports/itemtest/contract.go:52.65,58.16 5 0
purser/internal/ports/itemtest/contract.go:58.16,60.3 1 0
purser/internal/ports/itemtest/contract.go:61.2,61.26 1 0
purser/internal/ports/itemtest/contract.go:61.26,63.3 1 0
purser/internal/ports/itemtest/contract.go:66.67,71.40 4 0
purser/internal/ports/itemtest/contract.go:71.40,73.3 1 0
purser/internal/ports/itemtest/contract.go:76.58,82.58 5 0
purser/internal/ports/itemtest/contract.go:82.58,84.3 1 0
purser/internal/ports/itemtest/contract.go:86.2,87.16 2 0
purser/internal/ports/itemtest/contract.go:87.16,89.3 1 0
purser/internal/ports/itemtest/contract.go:90.2,90.34 1 0
purser/internal/ports/itemtest/contract.go:90.34,92.3 1 0
purser/internal/ports/itemtest/contract.go:95.65,98.40 3 0
purser/internal/ports/itemtest/contract.go:98.40,100.3 1 0
purser/internal/ports/itemtest/contract.go:103.58,107.61 3 0
purser/internal/ports/itemtest/contract.go:107.61,109.3 1 0
purser/internal/ports/itemtest/contract.go:111.2,112.40 2 0
purser/internal/ports/itemtest/contract.go:112.40,114.3 1 0
purser/internal/ports/itemtest/contract.go:117.65,120.40 3 0
purser/internal/ports/itemtest/contract.go:120.40,122.3 1 0
purser/internal/ports/itemtest/contract.go:125.63,133.16 7 0
purser/internal/ports/itemtest/contract.go:133.16,135.3 1 0
purser/internal/ports/itemtest/contract.go:136.2,136.30 1 0
purser/internal/ports/itemtest/contract.go:136.30,138.3 1 0
purser/internal/ports/itemtest/contract.go:140.2,141.16 2 0
purser/internal/ports/itemtest/contract.go:141.16,143.3 1 0
purser/internal/ports/itemtest/contract.go:144.2,144.29 1 0
purser/internal/ports/itemtest/contract.go:144.29,146.3 1 0
purser/internal/ports/itemtest/contract.go:148.2,149.16 2 0
purser/internal/ports/itemtest/contract.go:149.16,151.3 1 0
purser/internal/ports/itemtest/contract.go:152.2,152.23 1 0
purser/internal/ports/itemtest/contract.go:152.23,154.3 1 0
purser/internal/ports/itemtest/contract.go:156.2,157.16 2 0
purser/internal/ports/itemtest/contract.go:157.16,159.3 1 0
purser/internal/ports/itemtest/contract.go:160.2,160.46 1 0
purser/internal/ports/itemtest/contract.go:160.46,162.3 1 0
purser/internal/ports/itemtest/contract.go:165.65,170.19 4 0
purser/internal/ports/itemtest/contract.go:170.19,174.3 3 0
purser/internal/ports/itemtest/contract.go:176.2,178.6 3 0
purser/internal/ports/itemtest/contract.go:178.6,180.17 2 0
purser/internal/ports/itemtest/contract.go:180.17,182.4 1 0
purser/internal/ports/itemtest/contract.go:183.3,183.27 1 0
purser/internal/ports/itemtest/contract.go:183.27,185.4 1 0
purser/internal/ports/itemtest/contract.go:186.3,186.17 1 0
purser/internal/ports/itemtest/contract.go:186.17,187.9 1 0
purser/internal/ports/itemtest/contract.go:189.3,189.19 1 0
purser/internal/ports/itemtest/contract.go:192.2,192.27 1 0
purser/internal/ports/itemtest/contract.go:192.27,194.3 1 0
purser/internal/ports/itemtest/contract.go:195.2,195.23 1 0
purser/internal/ports/itemtest/contract.go:195.23,196.15 1 0
purser/internal/ports/itemtest/contract.go:196.15,198.4 1 0
purser/internal/ports/itemtest/contract.go:202.63,208.82 5 0
purser/internal/ports/itemtest/contract.go:208.82,210.3 1 0
purser/internal/ports/itemtest/contract.go:212.2,212.85 1 0
purser/internal/ports/itemtest/contract.go:212.85,214.3 1 0
purser/internal/ports/itemtest/contract.go:215.2,215.85 1 0
purser/internal/ports/itemtest/contract.go:215.85,217.3 1 0
purser/internal/ports/itemtest/contract.go:218.2,218.61 1 0
purser/internal/ports/itemtest/contract.go:218.61,220.3 1 0
purser/internal/ports/itemtest/contract.go:223.81,228.40 4 0
purser/internal/ports/itemtest/contract.go:228.40,230.3 1 0
purser/internal/ports/itemtest/contract.go:232.2,232.61 1 0
purser/internal/ports/itemtest/contract.go:232.61,234.3 1 0
purser/internal/ports/itemtest/contract.go:237.41,245.2 1 0
purser/internal/ports/itemtest/contract.go:247.75,252.2 4 0
purser/internal/ports/filewalkertest/contract.go:23.64,26.71 2 0
purser/internal/ports/filewalkertest/contract.go:26.71,26.102 1 0
purser/internal/ports/filewalkertest/contract.go:27.2,27.90 1 0
purser/internal/ports/filewalkertest/contract.go:27.90,27.122 1 0
purser/internal/ports/filewalkertest/contract.go:28.2,28.67 1 0
purser/internal/ports/filewalkertest/contract.go:28.67,28.102 1 0
purser/internal/ports/filewalkertest/contract.go:29.2,29.71 1 0
purser/internal/ports/filewalkertest/contract.go:29.71,29.112 1 0
purser/internal/ports/filewalkertest/contract.go:30.2,30.50 1 0
purser/internal/ports/filewalkertest/contract.go:30.50,30.89 1 0
purser/internal/ports/filewalkertest/contract.go:33.63,38.16 4 0
purser/internal/ports/filewalkertest/contract.go:38.16,40.3 1 0
purser/internal/ports/filewalkertest/contract.go:41.2,41.21 1 0
purser/internal/ports/filewalkertest/contract.go:41.21,43.3 1 0
purser/internal/ports/filewalkertest/contract.go:46.64,56.16 8 0
purser/internal/ports/filewalkertest/contract.go:56.16,58.3 1 0
purser/internal/ports/filewalkertest/contract.go:59.2,59.21 1 0
purser/internal/ports/filewalkertest/contract.go:59.21,61.3 1 0
purser/internal/ports/filewalkertest/contract.go:63.2,64.26 2 0
purser/internal/ports/filewalkertest/contract.go:64.26,66.3 1 0
purser/internal/ports/filewalkertest/contract.go:68.2,73.31 2 0
purser/internal/ports/filewalkertest/contract.go:73.31,75.10 2 0
purser/internal/ports/filewalkertest/contract.go:75.10,77.12 2 0
purser/internal/ports/filewalkertest/contract.go:79.3,79.22 1 0
purser/internal/ports/filewalkertest/contract.go:79.22,81.4 1 0
purser/internal/ports/filewalkertest/contract.go:85.67,92.16 6 0
purser/internal/ports/filewalkertest/contract.go:92.16,94.3 1 0
purser/internal/ports/filewalkertest/contract.go:96.2,97.26 2 0
purser/internal/ports/filewalkertest/contract.go:97.26,99.3 1 0
purser/internal/ports/filewalkertest/contract.go:100.2,103.52 3 0
purser/internal/ports/filewalkertest/contract.go:103.52,105.3 1 0
purser/internal/ports/filewalkertest/contract.go:108.73,112.62 3 0
purser/internal/ports/filewalkertest/contract.go:112.62,114.3 1 0
purser/internal/ports/filewalkertest/contract.go:117.71,118.31 1 0
purser/internal/ports/filewalkertest/contract.go:118.31,120.3 1 0
purser/internal/ports/filewalkertest/contract.go:122.2,127.76 5 0
purser/internal/ports/filewalkertest/contract.go:127.76,129.3 1 0
purser/internal/ports/filewalkertest/contract.go:131.2,132.16 2 0
purser/internal/ports/filewalkertest/contract.go:132.16,134.3 1 0
purser/internal/ports/filewalkertest/contract.go:135.2,135.48 1 0
purser/internal/ports/filewalkertest/contract.go:135.48,137.3 1 0
purser/internal/ports/filewalkertest/contract.go:140.57,142.68 2 0
purser/internal/ports/filewalkertest/contract.go:142.68,144.3 1 0
purser/internal/ports/filewalkertest/contract.go:147.46,149.49 2 0
purser/internal/ports/filewalkertest/contract.go:149.49,151.3 1 0
purser/internal/ports/imagetest/contract.go:21.67,24.74 2 0
purser/internal/ports/imagetest/contract.go:24.74,24.112 1 0
purser/internal/ports/imagetest/contract.go:25.2,25.68 1 0
purser/internal/ports/imagetest/contract.go:25.68,25.101 1 0
purser/internal/ports/imagetest/contract.go:26.2,26.77 1 0
purser/internal/ports/imagetest/contract.go:26.77,26.112 1 0
purser/internal/ports/imagetest/contract.go:27.2,27.64 1 0
purser/internal/ports/imagetest/contract.go:27.64,27.90 1 0
purser/internal/ports/imagetest/contract.go:28.2,28.76 1 0
purser/internal/ports/imagetest/contract.go:28.76,28.109 1 0
purser/internal/ports/imagetest/contract.go:29.2,29.54 1 0
purser/internal/ports/imagetest/contract.go:29.54,29.80 1 0
purser/internal/ports/imagetest/contract.go:30.2,30.76 1 0
purser/internal/ports/imagetest/contract.go:30.76,30.109 1 0
purser/internal/ports/imagetest/contract.go:31.2,31.70 1 0
purser/internal/ports/imagetest/contract.go:31.70,31.101 1 0
purser/internal/ports/imagetest/contract.go:32.2,32.70 1 0
purser/internal/ports/imagetest/contract.go:32.70,32.103 1 0
purser/internal/ports/imagetest/contract.go:35.75,37.60 2 0
purser/internal/ports/imagetest/contract.go:37.60,39.3 1 0
purser/internal/ports/imagetest/contract.go:42.70,45.40 3 0
purser/internal/ports/imagetest/contract.go:45.40,47.3 1 0
purser/internal/ports/imagetest/contract.go:50.65,56.16 5 0
purser/internal/ports/imagetest/contract.go:56.16,58.3 1 0
purser/internal/ports/imagetest/contract.go:59.2,59.24 1 0
purser/internal/ports/imagetest/contract.go:59.24,61.3 1 0
purser/internal/ports/imagetest/contract.go:64.67,69.40 4 0
purser/internal/ports/imagetest/contract.go:69.40,71.3 1 0
purser/internal/ports/imagetest/contract.go:74.58,80.60 5 0
purser/internal/ports/imagetest/contract.go:80.60,82.3 1 0
purser/internal/ports/imagetest/contract.go:84.2,85.16 2 0
purser/internal/ports/imagetest/contract.go:85.16,87.3 1 0
purser/internal/ports/imagetest/contract.go:88.2,88.50 1 0
purser/internal/ports/imagetest/contract.go:88.50,90.3 1 0
purser/internal/ports/imagetest/contract.go:93.65,96.40 3 0
purser/internal/ports/imagetest/contract.go:96.40,98.3 1 0
purser/internal/ports/imagetest/contract.go:101.58,105.61 3 0
purser/internal/ports/imagetest/contract.go:105.61,107.3 1 0
purser/internal/ports/imagetest/contract.go:108.2,108.85 1 0
purser/internal/ports/imagetest/contract.go:108.85,110.3 1 0
purser/internal/ports/imagetest/contract.go:113.65,116.40 3 0
purser/internal/ports/imagetest/contract.go:116.40,118.3 1 0
purser/internal/ports/imagetest/contract.go:121.63,129.16 7 0
purser/internal/ports/imagetest/contract.go:129.16,131.3 1 0
purser/internal/ports/imagetest/contract.go:132.2,132.23 1 0
purser/internal/ports/imagetest/contract.go:132.23,134.3 1 0
purser/internal/ports/imagetest/contract.go:137.65,142.22 4 0
purser/internal/ports/imagetest/contract.go:142.22,144.3 1 0
purser/internal/ports/imagetest/contract.go:146.2,148.6 3 0
purser/internal/ports/imagetest/contract.go:148.6,150.17 2 0
purser/internal/ports/imagetest/contract.go:150.17,152.4 1 0
purser/internal/ports/imagetest/contract.go:153.3,153.28 1 0
purser/internal/ports/imagetest/contract.go:153.28,155.4 1 0
purser/internal/ports/imagetest/contract.go:156.3,156.17 1 0
purser/internal/ports/imagetest/contract.go:156.17,157.9 1 0
purser/internal/ports/imagetest/contract.go:159.3,159.19 1 0
purser/internal/ports/imagetest/contract.go:162.2,162.22 1 0
purser/internal/ports/imagetest/contract.go:162.22,164.3 1 0
purser/internal/ports/imagetest/contract.go:167.63,175.2 1 0
purser/internal/ports/entrypersontest/contract.go:21.73,24.74 2 0
purser/internal/ports/entrypersontest/contract.go:24.74,24.112 1 0
purser/internal/ports/entrypersontest/contract.go:25.2,25.69 1 0
purser/internal/ports/entrypersontest/contract.go:25.69,25.102 1 0
purser/internal/ports/entrypersontest/contract.go:26.2,26.88 1 0
purser/internal/ports/entrypersontest/contract.go:26.88,26.123 1 0
purser/internal/ports/entrypersontest/contract.go:27.2,27.89 1 0
purser/internal/ports/entrypersontest/contract.go:27.89,27.127 1 0
purser/internal/ports/entrypersontest/contract.go:28.2,28.65 1 0
purser/internal/ports/entrypersontest/contract.go:28.65,28.91 1 0
purser/internal/ports/entrypersontest/contract.go:29.2,29.77 1 0
purser/internal/ports/entrypersontest/contract.go:29.77,29.110 1 0
purser/internal/ports/entrypersontest/contract.go:30.2,30.54 1 0
purser/internal/ports/entrypersontest/contract.go:30.54,30.80 1 0
purser/internal/ports/entrypersontest/contract.go:31.2,31.77 1 0
purser/internal/ports/entrypersontest/contract.go:31.77,31.110 1 0
purser/internal/ports/entrypersontest/contract.go:32.2,32.85 1 0
purser/internal/ports/entrypersontest/contract.go:32.85,32.116 1 0
purser/internal/ports/entrypersontest/contract.go:33.2,33.70 1 0
purser/internal/ports/entrypersontest/contract.go:33.70,33.103 1 0
purser/internal/ports/entrypersontest/contract.go:36.86,38.59 2 0
purser/internal/ports/entrypersontest/contract.go:38.59,40.3 1 0
purser/internal/ports/entrypersontest/contract.go:43.70,46.40 3 0
purser/internal/ports/entrypersontest/contract.go:46.40,48.3 1 0
purser/internal/ports/entrypersontest/contract.go:51.65,57.16 5 0
purser/internal/ports/entrypersontest/contract.go:57.16,59.3 1 0
purser/internal/ports/entrypersontest/contract.go:60.2,60.37 1 0
purser/internal/ports/entrypersontest/contract.go:60.37,62.3 1 0
purser/internal/ports/entrypersontest/contract.go:65.67,70.40 4 0
purser/internal/ports/entrypersontest/contract.go:70.40,72.3 1 0
purser/internal/ports/entrypersontest/contract.go:75.70,80.79 4 0
purser/internal/ports/entrypersontest/contract.go:80.79,82.3 1 0
purser/internal/ports/entrypersontest/contract.go:83.2,83.77 1 0
purser/internal/ports/entrypersontest/contract.go:83.77,85.3 1 0
purser/internal/ports/entrypersontest/contract.go:88.58,94.59 5 0
purser/internal/ports/entrypersontest/contract.go:94.59,96.3 1 0
purser/internal/ports/entrypersontest/contract.go:98.2,99.16 2 0
purser/internal/ports/entrypersontest/contract.go:99.16,101.3 1 0
purser/internal/ports/entrypersontest/contract.go:102.2,102.40 1 0
purser/internal/ports/entrypersontest/contract.go:102.40,104.3 1 0
purser/internal/ports/entrypersontest/contract.go:107.65,110.40 3 0
purser/internal/ports/entrypersontest/contract.go:110.40,112.3 1 0
purser/internal/ports/entrypersontest/contract.go:115.58,119.79 3 0
purser/internal/ports/entrypersontest/contract.go:119.79,121.3 1 0
purser/internal/ports/entrypersontest/contract.go:122.2,122.103 1 0
purser/internal/ports/entrypersontest/contract.go:122.103,124.3 1 0
purser/internal/ports/entrypersontest/contract.go:127.65,130.40 3 0
purser/internal/ports/entrypersontest/contract.go:130.40,132.3 1 0
purser/internal/ports/entrypersontest/contract.go:135.63,143.16 7 0
purser/internal/ports/entrypersontest/contract.go:143.16,145.3 1 0
purser/internal/ports/entrypersontest/contract.go:146.2,146.23 1 0
purser/internal/ports/entrypersontest/contract.go:146.23,148.3 1 0
purser/internal/ports/entrypersontest/contract.go:150.2,151.16 2 0
purser/internal/ports/entrypersontest/contract.go:151.16,153.3 1 0
purser/internal/ports/entrypersontest/contract.go:154.2,154.24 1 0
purser/internal/ports/entrypersontest/contract.go:154.24,156.3 1 0
purser/internal/ports/entrypersontest/contract.go:158.2,159.16 2 0
purser/internal/ports/entrypersontest/contract.go:159.16,161.3 1 0
purser/internal/ports/entrypersontest/contract.go:162.2,162.22 1 0
purser/internal/ports/entrypersontest/contract.go:162.22,164.3 1 0
purser/internal/ports/entrypersontest/contract.go:167.65,172.22 4 0
purser/internal/ports/entrypersontest/contract.go:172.22,174.3 1 0
purser/internal/ports/entrypersontest/contract.go:176.2,178.6 3 0
purser/internal/ports/entrypersontest/contract.go:178.6,180.17 2 0
purser/internal/ports/entrypersontest/contract.go:180.17,182.4 1 0
purser/internal/ports/entrypersontest/contract.go:183.3,183.28 1 0
purser/internal/ports/entrypersontest/contract.go:183.28,185.4 1 0
purser/internal/ports/entrypersontest/contract.go:186.3,186.17 1 0
purser/internal/ports/entrypersontest/contract.go:186.17,187.9 1 0
purser/internal/ports/entrypersontest/contract.go:189.3,189.19 1 0
purser/internal/ports/entrypersontest/contract.go:192.2,192.22 1 0
purser/internal/ports/entrypersontest/contract.go:192.22,194.3 1 0
purser/internal/ports/entrypersontest/contract.go:197.83,204.2 1 0
purser/internal/ports/mediafiletest/contract.go:21.71,24.74 2 0
purser/internal/ports/mediafiletest/contract.go:24.74,24.112 1 0
purser/internal/ports/mediafiletest/contract.go:25.2,25.73 1 0
purser/internal/ports/mediafiletest/contract.go:25.73,25.106 1 0
purser/internal/ports/mediafiletest/contract.go:26.2,26.77 1 0
purser/internal/ports/mediafiletest/contract.go:26.77,26.112 1 0
purser/internal/ports/mediafiletest/contract.go:27.2,27.69 1 0
purser/internal/ports/mediafiletest/contract.go:27.69,27.95 1 0
purser/internal/ports/mediafiletest/contract.go:28.2,28.81 1 0
purser/internal/ports/mediafiletest/contract.go:28.81,28.114 1 0
purser/internal/ports/mediafiletest/contract.go:29.2,29.58 1 0
purser/internal/ports/mediafiletest/contract.go:29.58,29.84 1 0
purser/internal/ports/mediafiletest/contract.go:30.2,30.81 1 0
purser/internal/ports/mediafiletest/contract.go:30.81,30.114 1 0
purser/internal/ports/mediafiletest/contract.go:31.2,31.65 1 0
purser/internal/ports/mediafiletest/contract.go:31.65,31.96 1 0
purser/internal/ports/mediafiletest/contract.go:32.2,32.81 1 0
purser/internal/ports/mediafiletest/contract.go:32.81,32.114 1 0
purser/internal/ports/mediafiletest/contract.go:33.2,33.60 1 0
purser/internal/ports/mediafiletest/contract.go:33.60,33.95 1 0
purser/internal/ports/mediafiletest/contract.go:34.2,34.58 1 0
purser/internal/ports/mediafiletest/contract.go:34.58,34.91 1 0
purser/internal/ports/mediafiletest/contract.go:35.2,35.57 1 0
purser/internal/ports/mediafiletest/contract.go:35.57,35.89 1 0
purser/internal/ports/mediafiletest/contract.go:36.2,36.60 1 0
purser/internal/ports/mediafiletest/contract.go:36.60,36.95 1 0
purser/internal/ports/mediafiletest/contract.go:37.2,37.83 1 0
purser/internal/ports/mediafiletest/contract.go:37.83,37.119 1 0
purser/internal/ports/mediafiletest/contract.go:38.2,38.61 1 0
purser/internal/ports/mediafiletest/contract.go:38.61,38.100 1 0
purser/internal/ports/mediafiletest/contract.go:41.81,43.58 2 0
purser/internal/ports/mediafiletest/contract.go:43.58,45.3 1 0
purser/internal/ports/mediafiletest/contract.go:48.70,51.40 3 0
purser/internal/ports/mediafiletest/contract.go:51.40,53.3 1 0
purser/internal/ports/mediafiletest/contract.go:56.65,62.16 5 0
purser/internal/ports/mediafiletest/contract.go:62.16,64.3 1 0
purser/internal/ports/mediafiletest/contract.go:65.2,65.24 1 0
purser/internal/ports/mediafiletest/contract.go:65.24,67.3 1 0
purser/internal/ports/mediafiletest/contract.go:70.67,75.40 4 0
purser/internal/ports/mediafiletest/contract.go:75.40,77.3 1 0
purser/internal/ports/mediafiletest/contract.go:80.58,86.58 5 0
purser/internal/ports/mediafiletest/contract.go:86.58,88.3 1 0
purser/internal/ports/mediafiletest/contract.go:90.2,91.16 2 0
purser/internal/ports/mediafiletest/contract.go:91.16,93.3 1 0
purser/internal/ports/mediafiletest/contract.go:94.2,94.38 1 0
purser/internal/ports/mediafiletest/contract.go:94.38,96.3 1 0
purser/internal/ports/mediafiletest/contract.go:99.65,102.40 3 0
purser/internal/ports/mediafiletest/contract.go:102.40,104.3 1 0
purser/internal/ports/mediafiletest/contract.go:107.58,111.61 3 0
purser/internal/ports/mediafiletest/contract.go:111.61,113.3 1 0
purser/internal/ports/mediafiletest/contract.go:114.2,114.85 1 0
purser/internal/ports/mediafiletest/contract.go:114.85,116.3 1 0
purser/internal/ports/mediafiletest/contract.go:119.65,122.40 3 0
purser/internal/ports/mediafiletest/contract.go:122.40,124.3 1 0
purser/internal/ports/mediafiletest/contract.go:127.63,135.16 7 0
purser/internal/ports/mediafiletest/contract.go:135.16,137.3 1 0
purser/internal/ports/mediafiletest/contract.go:138.2,138.22 1 0
purser/internal/ports/mediafiletest/contract.go:138.22,140.3 1 0
purser/internal/ports/mediafiletest/contract.go:142.2,143.16 2 0
purser/internal/ports/mediafiletest/contract.go:143.16,145.3 1 0
purser/internal/ports/mediafiletest/contract.go:146.2,146.26 1 0
purser/internal/ports/mediafiletest/contract.go:146.26,148.3 1 0
purser/internal/ports/mediafiletest/contract.go:151.65,156.19 4 0
purser/internal/ports/mediafiletest/contract.go:156.19,160.3 3 0
purser/internal/ports/mediafiletest/contract.go:162.2,164.6 3 0
purser/internal/ports/mediafiletest/contract.go:164.6,166.17 2 0
purser/internal/ports/mediafiletest/contract.go:166.17,168.4 1 0
purser/internal/ports/mediafiletest/contract.go:169.3,169.27 1 0
purser/internal/ports/mediafiletest/contract.go:169.27,171.4 1 0
purser/internal/ports/mediafiletest/contract.go:172.3,172.17 1 0
purser/internal/ports/mediafiletest/contract.go:172.17,173.9 1 0
purser/internal/ports/mediafiletest/contract.go:175.3,175.19 1 0
purser/internal/ports/mediafiletest/contract.go:178.2,178.27 1 0
purser/internal/ports/mediafiletest/contract.go:178.27,180.3 1 0
purser/internal/ports/mediafiletest/contract.go:181.2,181.23 1 0
purser/internal/ports/mediafiletest/contract.go:181.23,182.15 1 0
purser/internal/ports/mediafiletest/contract.go:182.15,184.4 1 0
purser/internal/ports/mediafiletest/contract.go:188.51,190.2 1 0
purser/internal/ports/mediafiletest/contract.go:192.66,196.2 3 0
purser/internal/ports/mediafiletest/contract.go:198.61,205.2 6 0
purser/internal/ports/mediafiletest/contract.go:207.67,212.16 4 0
purser/internal/ports/mediafiletest/contract.go:212.16,214.3 1 0
purser/internal/ports/mediafiletest/contract.go:215.2,215.20 1 0
purser/internal/ports/mediafiletest/contract.go:215.20,217.3 1 0
purser/internal/ports/mediafiletest/contract.go:220.65,225.16 4 0
purser/internal/ports/mediafiletest/contract.go:225.16,227.3 1 0
purser/internal/ports/mediafiletest/contract.go:228.2,228.20 1 0
purser/internal/ports/mediafiletest/contract.go:228.20,230.3 1 0
purser/internal/ports/mediafiletest/contract.go:233.64,238.16 4 0
purser/internal/ports/mediafiletest/contract.go:238.16,240.3 1 0
purser/internal/ports/mediafiletest/contract.go:241.2,241.20 1 0
purser/internal/ports/mediafiletest/contract.go:241.20,243.3 1 0
purser/internal/ports/mediafiletest/contract.go:246.67,251.16 4 0
purser/internal/ports/mediafiletest/contract.go:251.16,253.3 1 0
purser/internal/ports/mediafiletest/contract.go:254.2,254.20 1 0
purser/internal/ports/mediafiletest/contract.go:254.20,256.3 1 0
purser/internal/ports/mediafiletest/contract.go:259.68,264.40 4 0
purser/internal/ports/mediafiletest/contract.go:264.40,266.3 1 0
purser/internal/ports/mediafiletest/contract.go:269.71,275.40 4 0
purser/internal/ports/mediafiletest/contract.go:275.40,277.3 1 0
purser/internal/ports/libraryentrytest/contract.go:21.74,24.74 2 0
purser/internal/ports/libraryentrytest/contract.go:24.74,24.112 1 0
purser/internal/ports/libraryentrytest/contract.go:25.2,25.68 1 0
purser/internal/ports/libraryentrytest/contract.go:25.68,25.101 1 0
purser/internal/ports/libraryentrytest/contract.go:26.2,26.77 1 0
purser/internal/ports/libraryentrytest/contract.go:26.77,26.112 1 0
purser/internal/ports/libraryentrytest/contract.go:27.2,27.64 1 0
purser/internal/ports/libraryentrytest/contract.go:27.64,27.90 1 0
purser/internal/ports/libraryentrytest/contract.go:28.2,28.76 1 0
purser/internal/ports/libraryentrytest/contract.go:28.76,28.109 1 0
purser/internal/ports/libraryentrytest/contract.go:29.2,29.54 1 0
purser/internal/ports/libraryentrytest/contract.go:29.54,29.80 1 0
purser/internal/ports/libraryentrytest/contract.go:30.2,30.76 1 0
purser/internal/ports/libraryentrytest/contract.go:30.76,30.109 1 0
purser/internal/ports/libraryentrytest/contract.go:31.2,31.76 1 0
purser/internal/ports/libraryentrytest/contract.go:31.76,31.107 1 0
purser/internal/ports/libraryentrytest/contract.go:32.2,32.76 1 0
purser/internal/ports/libraryentrytest/contract.go:32.76,32.109 1 0
purser/internal/ports/libraryentrytest/contract.go:35.87,37.58 2 0
purser/internal/ports/libraryentrytest/contract.go:37.58,39.3 1 0
purser/internal/ports/libraryentrytest/contract.go:42.70,45.40 3 0
purser/internal/ports/libraryentrytest/contract.go:45.40,47.3 1 0
purser/internal/ports/libraryentrytest/contract.go:50.65,56.16 5 0
purser/internal/ports/libraryentrytest/contract.go:56.16,58.3 1 0
purser/internal/ports/libraryentrytest/contract.go:59.2,59.24 1 0
purser/internal/ports/libraryentrytest/contract.go:59.24,61.3 1 0
purser/internal/ports/libraryentrytest/contract.go:64.67,69.40 4 0
purser/internal/ports/libraryentrytest/contract.go:69.40,71.3 1 0
purser/internal/ports/libraryentrytest/contract.go:74.58,80.58 5 0
purser/internal/ports/libraryentrytest/contract.go:80.58,82.3 1 0
purser/internal/ports/libraryentrytest/contract.go:84.2,85.16 2 0
purser/internal/ports/libraryentrytest/contract.go:85.16,87.3 1 0
purser/internal/ports/libraryentrytest/contract.go:88.2,88.32 1 0
purser/internal/ports/libraryentrytest/contract.go:88.32,90.3 1 0
purser/internal/ports/libraryentrytest/contract.go:93.65,96.40 3 0
purser/internal/ports/libraryentrytest/contract.go:96.40,98.3 1 0
purser/internal/ports/libraryentrytest/contract.go:101.58,105.61 3 0
purser/internal/ports/libraryentrytest/contract.go:105.61,107.3 1 0
purser/internal/ports/libraryentrytest/contract.go:109.2,110.40 2 0
purser/internal/ports/libraryentrytest/contract.go:110.40,112.3 1 0
purser/internal/ports/libraryentrytest/contract.go:115.65,118.40 3 0
purser/internal/ports/libraryentrytest/contract.go:118.40,120.3 1 0
purser/internal/ports/libraryentrytest/contract.go:123.63,131.16 7 0
purser/internal/ports/libraryentrytest/contract.go:131.16,133.3 1 0
purser/internal/ports/libraryentrytest/contract.go:134.2,134.22 1 0
purser/internal/ports/libraryentrytest/contract.go:134.22,136.3 1 0
purser/internal/ports/libraryentrytest/contract.go:138.2,139.16 2 0
purser/internal/ports/libraryentrytest/contract.go:139.16,141.3 1 0
purser/internal/ports/libraryentrytest/contract.go:142.2,142.24 1 0
purser/internal/ports/libraryentrytest/contract.go:142.24,144.3 1 0
purser/internal/ports/libraryentrytest/contract.go:146.2,147.16 2 0
purser/internal/ports/libraryentrytest/contract.go:147.16,149.3 1 0
purser/internal/ports/libraryentrytest/contract.go:150.2,150.46 1 0
purser/internal/ports/libraryentrytest/contract.go:150.46,152.3 1 0
purser/internal/ports/libraryentrytest/contract.go:155.65,160.19 4 0
purser/internal/ports/libraryentrytest/contract.go:160.19,164.3 3 0
purser/internal/ports/libraryentrytest/contract.go:166.2,168.6 3 0
purser/internal/ports/libraryentrytest/contract.go:168.6,170.17 2 0
purser/internal/ports/libraryentrytest/contract.go:170.17,172.4 1 0
purser/internal/ports/libraryentrytest/contract.go:173.3,173.29 1 0
purser/internal/ports/libraryentrytest/contract.go:173.29,175.4 1 0
purser/internal/ports/libraryentrytest/contract.go:176.3,176.17 1 0
purser/internal/ports/libraryentrytest/contract.go:176.17,177.9 1 0
purser/internal/ports/libraryentrytest/contract.go:179.3,179.19 1 0
purser/internal/ports/libraryentrytest/contract.go:182.2,182.27 1 0
purser/internal/ports/libraryentrytest/contract.go:182.27,184.3 1 0
purser/internal/ports/libraryentrytest/contract.go:185.2,185.23 1 0
purser/internal/ports/libraryentrytest/contract.go:185.23,186.15 1 0
purser/internal/ports/libraryentrytest/contract.go:186.15,188.4 1 0
purser/internal/ports/libraryentrytest/contract.go:192.57,200.2 1 0
purser/internal/ports/libraryentrytest/contract.go:202.102,207.2 4 0
purser/internal/ports/imagestoretest/contract.go:31.63,34.65 2 0
purser/internal/ports/imagestoretest/contract.go:34.65,34.96 1 0
purser/internal/ports/imagestoretest/contract.go:35.2,35.74 1 0
purser/internal/ports/imagestoretest/contract.go:35.74,35.108 1 0
purser/internal/ports/imagestoretest/contract.go:36.2,36.77 1 0
purser/internal/ports/imagestoretest/contract.go:36.77,36.114 1 0
purser/internal/ports/imagestoretest/contract.go:37.2,37.66 1 0
purser/internal/ports/imagestoretest/contract.go:37.66,37.100 1 0
purser/internal/ports/imagestoretest/contract.go:38.2,38.75 1 0
purser/internal/ports/imagestoretest/contract.go:38.75,38.109 1 0
purser/internal/ports/imagestoretest/contract.go:39.2,39.70 1 0
purser/internal/ports/imagestoretest/contract.go:39.70,39.112 1 0
purser/internal/ports/imagestoretest/contract.go:40.2,40.97 1 0
purser/internal/ports/imagestoretest/contract.go:40.97,40.140 1 0
purser/internal/ports/imagestoretest/contract.go:43.90,46.16 3 0
purser/internal/ports/imagestoretest/contract.go:46.16,48.3 1 0
purser/internal/ports/imagestoretest/contract.go:49.2,49.12 1 0
purser/internal/ports/imagestoretest/contract.go:52.67,55.16 3 0
purser/internal/ports/imagestoretest/contract.go:55.16,57.3 1 0
purser/internal/ports/imagestoretest/contract.go:58.2,58.15 1 0
purser/internal/ports/imagestoretest/contract.go:58.15,58.33 1 0
purser/internal/ports/imagestoretest/contract.go:60.2,61.16 2 0
purser/internal/ports/imagestoretest/contract.go:61.16,63.3 1 0
purser/internal/ports/imagestoretest/contract.go:64.2,64.13 1 0
purser/internal/ports/imagestoretest/contract.go:67.63,72.34 4 0
purser/internal/ports/imagestoretest/contract.go:72.34,74.3 1 0
purser/internal/ports/imagestoretest/contract.go:77.66,80.40 3 0
purser/internal/ports/imagestoretest/contract.go:80.40,82.3 1 0
purser/internal/ports/imagestoretest/contract.go:85.69,88.40 3 0
purser/internal/ports/imagestoretest/contract.go:88.40,90.3 1 0
purser/internal/ports/imagestoretest/contract.go:93.66,97.60 3 0
purser/internal/ports/imagestoretest/contract.go:97.60,99.3 1 0
purser/internal/ports/imagestoretest/contract.go:100.2,100.84 1 0
purser/internal/ports/imagestoretest/contract.go:100.84,102.3 1 0
purser/internal/ports/imagestoretest/contract.go:105.66,111.33 5 0
purser/internal/ports/imagestoretest/contract.go:111.33,113.3 1 0
purser/internal/ports/imagestoretest/contract.go:114.2,114.21 1 0
purser/internal/ports/imagestoretest/contract.go:114.21,120.87 1 0
purser/internal/ports/imagestoretest/contract.go:120.87,122.4 1 0
purser/internal/ports/imagestoretest/contract.go:126.74,131.65 4 0
purser/internal/ports/imagestoretest/contract.go:131.65,133.3 1 0
purser/internal/ports/imagestoretest/contract.go:134.2,134.63 1 0
purser/internal/ports/imagestoretest/contract.go:134.63,136.3 1 0
purser/internal/ports/imagestoretest/contract.go:139.75,144.18 4 0
purser/internal/ports/imagestoretest/contract.go:144.18,146.3 1 0
purser/internal/ports/imagestoretest/contract.go:147.2,147.62 1 0
purser/internal/ports/imagestoretest/contract.go:147.62,149.3 1 0
purser/internal/ports/imagestoretest/contract.go:150.2,150.61 1 0
purser/internal/ports/imagestoretest/contract.go:150.61,152.3 1 0
purser/internal/ports/tagassignmenttest/contract.go:21.75,24.74 2 0
purser/internal/ports/tagassignmenttest/contract.go:24.74,24.112 1 0
purser/internal/ports/tagassignmenttest/contract.go:25.2,25.73 1 0
purser/internal/ports/tagassignmenttest/contract.go:25.73,25.106 1 0
purser/internal/ports/tagassignmenttest/contract.go:26.2,26.88 1 0
purser/internal/ports/tagassignmenttest/contract.go:26.88,26.123 1 0
purser/internal/ports/tagassignmenttest/contract.go:27.2,27.59 1 0
purser/internal/ports/tagassignmenttest/contract.go:27.59,27.85 1 0
purser/internal/ports/tagassignmenttest/contract.go:28.2,28.81 1 0
purser/internal/ports/tagassignmenttest/contract.go:28.81,28.114 1 0
purser/internal/ports/tagassignmenttest/contract.go:29.2,29.59 1 0
purser/internal/ports/tagassignmenttest/contract.go:29.59,29.97 1 0
purser/internal/ports/tagassignmenttest/contract.go:30.2,30.78 1 0
purser/internal/ports/tagassignmenttest/contract.go:30.78,30.117 1 0
purser/internal/ports/tagassignmenttest/contract.go:31.2,31.73 1 0
purser/internal/ports/tagassignmenttest/contract.go:31.73,31.110 1 0
purser/internal/ports/tagassignmenttest/contract.go:32.2,32.70 1 0
purser/internal/ports/tagassignmenttest/contract.go:32.70,32.103 1 0
purser/internal/ports/tagassignmenttest/contract.go:33.2,33.78 1 0
purser/internal/ports/tagassignmenttest/contract.go:33.78,33.109 1 0
purser/internal/ports/tagassignmenttest/contract.go:34.2,34.95 1 0
purser/internal/ports/tagassignmenttest/contract.go:34.95,34.145 1 0
purser/internal/ports/tagassignmenttest/contract.go:37.90,39.59 2 0
purser/internal/ports/tagassignmenttest/contract.go:39.59,41.3 1 0
purser/internal/ports/tagassignmenttest/contract.go:44.70,47.40 3 0
purser/internal/ports/tagassignmenttest/contract.go:47.40,49.3 1 0
purser/internal/ports/tagassignmenttest/contract.go:52.65,58.16 5 0
purser/internal/ports/tagassignmenttest/contract.go:58.16,60.3 1 0
purser/internal/ports/tagassignmenttest/contract.go:61.2,61.93 1 0
purser/internal/ports/tagassignmenttest/contract.go:61.93,63.3 1 0
purser/internal/ports/tagassignmenttest/contract.go:66.67,71.40 4 0
purser/internal/ports/tagassignmenttest/contract.go:71.40,73.3 1 0
purser/internal/ports/tagassignmenttest/contract.go:76.58,80.92 3 0
purser/internal/ports/tagassignmenttest/contract.go:80.92,82.3 1 0
purser/internal/ports/tagassignmenttest/contract.go:83.2,83.116 1 0
purser/internal/ports/tagassignmenttest/contract.go:83.116,85.3 1 0
purser/internal/ports/tagassignmenttest/contract.go:88.65,91.40 3 0
purser/internal/ports/tagassignmenttest/contract.go:91.40,93.3 1 0
purser/internal/ports/tagassignmenttest/contract.go:96.70,104.16 7 0
purser/internal/ports/tagassignmenttest/contract.go:104.16,106.3 1 0
purser/internal/ports/tagassignmenttest/contract.go:107.2,107.21 1 0
purser/internal/ports/tagassignmenttest/contract.go:107.21,109.3 1 0
purser/internal/ports/tagassignmenttest/contract.go:112.71,120.16 7 0
purser/internal/ports/tagassignmenttest/contract.go:120.16,122.3 1 0
purser/internal/ports/tagassignmenttest/contract.go:123.2,123.24 1 0
purser/internal/ports/tagassignmenttest/contract.go:123.24,125.3 1 0
purser/internal/ports/tagassignmenttest/contract.go:128.69,136.16 7 0
purser/internal/ports/tagassignmenttest/contract.go:136.16,138.3 1 0
purser/internal/ports/tagassignmenttest/contract.go:139.2,139.52 1 0
purser/internal/ports/tagassignmenttest/contract.go:139.52,141.3 1 0
purser/internal/ports/tagassignmenttest/contract.go:144.65,149.22 4 0
purser/internal/ports/tagassignmenttest/contract.go:149.22,151.3 1 0
purser/internal/ports/tagassignmenttest/contract.go:153.2,155.6 3 0
purser/internal/ports/tagassignmenttest/contract.go:155.6,157.17 2 0
purser/internal/ports/tagassignmenttest/contract.go:157.17,159.4 1 0
purser/internal/ports/tagassignmenttest/contract.go:160.3,160.28 1 0
purser/internal/ports/tagassignmenttest/contract.go:160.28,162.4 1 0
purser/internal/ports/tagassignmenttest/contract.go:163.3,163.17 1 0
purser/internal/ports/tagassignmenttest/contract.go:163.17,164.9 1 0
purser/internal/ports/tagassignmenttest/contract.go:166.3,166.19 1 0
purser/internal/ports/tagassignmenttest/contract.go:169.2,169.22 1 0
purser/internal/ports/tagassignmenttest/contract.go:169.22,171.3 1 0
purser/internal/ports/tagassignmenttest/contract.go:174.109,176.2 1 0
purser/internal/ports/tagassignmenttest/contract.go:178.63,187.48 4 0
purser/internal/ports/tagassignmenttest/contract.go:187.48,189.3 1 0
purser/internal/ports/tagassignmenttest/contract.go:191.2,191.25 1 0
purser/internal/ports/tagassignmenttest/contract.go:191.25,192.77 1 0
purser/internal/ports/tagassignmenttest/contract.go:192.77,194.4 1 0
purser/internal/ports/tagassignmenttest/contract.go:198.82,208.40 5 0
purser/internal/ports/tagassignmenttest/contract.go:208.40,210.3 1 0
purser/internal/ports/tagassignmenttest/contract.go:212.2,212.101 1 0
purser/internal/ports/tagassignmenttest/contract.go:212.101,214.3 1 0
purser/internal/ports/tagassignmenttest/contract.go:215.2,215.101 1 0
purser/internal/ports/tagassignmenttest/contract.go:215.101,217.3 1 0
purser/internal/ports/musicreleasetest/contract.go:21.74,24.74 2 0
purser/internal/ports/musicreleasetest/contract.go:24.74,24.112 1 0
purser/internal/ports/musicreleasetest/contract.go:25.2,25.70 1 0
purser/internal/ports/musicreleasetest/contract.go:25.70,25.103 1 0
purser/internal/ports/musicreleasetest/contract.go:26.2,26.77 1 0
purser/internal/ports/musicreleasetest/contract.go:26.77,26.112 1 0
purser/internal/ports/musicreleasetest/contract.go:27.2,27.66 1 0
purser/internal/ports/musicreleasetest/contract.go:27.66,27.92 1 0
purser/internal/ports/musicreleasetest/contract.go:28.2,28.78 1 0
purser/internal/ports/musicreleasetest/contract.go:28.78,28.111 1 0
purser/internal/ports/musicreleasetest/contract.go:29.2,29.55 1 0
purser/internal/ports/musicreleasetest/contract.go:29.55,29.81 1 0
purser/internal/ports/musicreleasetest/contract.go:30.2,30.78 1 0
purser/internal/ports/musicreleasetest/contract.go:30.78,30.111 1 0
purser/internal/ports/musicreleasetest/contract.go:31.2,31.78 1 0
purser/internal/ports/musicreleasetest/contract.go:31.78,31.111 1 0
purser/internal/ports/musicreleasetest/contract.go:32.2,32.75 1 0
purser/internal/ports/musicreleasetest/contract.go:32.75,32.104 1 0
purser/internal/ports/musicreleasetest/contract.go:33.2,33.79 1 0
purser/internal/ports/musicreleasetest/contract.go:33.79,33.116 1 0
purser/internal/ports/musicreleasetest/contract.go:34.2,34.81 1 0
purser/internal/ports/musicreleasetest/contract.go:34.81,34.113 1 0
purser/internal/ports/musicreleasetest/contract.go:35.2,35.85 1 0
purser/internal/ports/musicreleasetest/contract.go:35.85,35.125 1 0
purser/internal/ports/musicreleasetest/contract.go:36.2,36.78 1 0
purser/internal/ports/musicreleasetest/contract.go:36.78,36.109 1 0
purser/internal/ports/musicreleasetest/contract.go:37.2,37.88 1 0
purser/internal/ports/musicreleasetest/contract.go:37.88,37.119 1 0
purser/internal/ports/musicreleasetest/contract.go:40.83,42.60 2 0
purser/internal/ports/musicreleasetest/contract.go:42.60,44.3 1 0
purser/internal/ports/musicreleasetest/contract.go:47.70,50.40 3 0
purser/internal/ports/musicreleasetest/contract.go:50.40,52.3 1 0
purser/internal/ports/musicreleasetest/contract.go:55.65,61.16 5 0
purser/internal/ports/musicreleasetest/contract.go:61.16,63.3 1 0
purser/internal/ports/musicreleasetest/contract.go:64.2,64.28 1 0
purser/internal/ports/musicreleasetest/contract.go:64.28,66.3 1 0
purser/internal/ports/musicreleasetest/contract.go:69.67,74.40 4 0
purser/internal/ports/musicreleasetest/contract.go:74.40,76.3 1 0
purser/internal/ports/musicreleasetest/contract.go:79.58,85.60 5 0
purser/internal/ports/musicreleasetest/contract.go:85.60,87.3 1 0
purser/internal/ports/musicreleasetest/contract.go:89.2,90.16 2 0
purser/internal/ports/musicreleasetest/contract.go:90.16,92.3 1 0
purser/internal/ports/musicreleasetest/contract.go:93.2,93.34 1 0
purser/internal/ports/musicreleasetest/contract.go:93.34,95.3 1 0
purser/internal/ports/musicreleasetest/contract.go:98.65,101.40 3 0
purser/internal/ports/musicreleasetest/contract.go:101.40,103.3 1 0
purser/internal/ports/musicreleasetest/contract.go:106.58,110.61 3 0
purser/internal/ports/musicreleasetest/contract.go:110.61,112.3 1 0
purser/internal/ports/musicreleasetest/contract.go:114.2,115.40 2 0
purser/internal/ports/musicreleasetest/contract.go:115.40,117.3 1 0
purser/internal/ports/musicreleasetest/contract.go:120.65,123.40 3 0
purser/internal/ports/musicreleasetest/contract.go:123.40,125.3 1 0
purser/internal/ports/musicreleasetest/contract.go:128.65,133.19 4 0
purser/internal/ports/musicreleasetest/contract.go:133.19,137.3 3 0
purser/internal/ports/musicreleasetest/contract.go:139.2,141.6 3 0
purser/internal/ports/musicreleasetest/contract.go:141.6,143.17 2 0
purser/internal/ports/musicreleasetest/contract.go:143.17,145.4 1 0
purser/internal/ports/musicreleasetest/contract.go:146.3,146.32 1 0
purser/internal/ports/musicreleasetest/contract.go:146.32,148.4 1 0
purser/internal/ports/musicreleasetest/contract.go:149.3,149.17 1 0
purser/internal/ports/musicreleasetest/contract.go:149.17,150.9 1 0
purser/internal/ports/musicreleasetest/contract.go:152.3,152.19 1 0
purser/internal/ports/musicreleasetest/contract.go:155.2,155.27 1 0
purser/internal/ports/musicreleasetest/contract.go:155.27,157.3 1 0
purser/internal/ports/musicreleasetest/contract.go:158.2,158.23 1 0
purser/internal/ports/musicreleasetest/contract.go:158.23,159.15 1 0
purser/internal/ports/musicreleasetest/contract.go:159.15,161.4 1 0
purser/internal/ports/musicreleasetest/contract.go:165.46,173.2 1 0
purser/internal/ports/musicreleasetest/contract.go:178.96,185.2 6 0
purser/internal/ports/musicreleasetest/contract.go:187.61,193.16 5 0
purser/internal/ports/musicreleasetest/contract.go:193.16,195.3 1 0
purser/internal/ports/musicreleasetest/contract.go:196.2,196.20 1 0
purser/internal/ports/musicreleasetest/contract.go:196.20,198.3 1 0
purser/internal/ports/musicreleasetest/contract.go:201.69,206.40 4 0
purser/internal/ports/musicreleasetest/contract.go:206.40,208.3 1 0
purser/internal/ports/musicreleasetest/contract.go:211.64,217.16 5 0
purser/internal/ports/musicreleasetest/contract.go:217.16,219.3 1 0
purser/internal/ports/musicreleasetest/contract.go:220.2,220.20 1 0
purser/internal/ports/musicreleasetest/contract.go:220.20,222.3 1 0
purser/internal/ports/musicreleasetest/contract.go:225.72,230.40 4 0
purser/internal/ports/musicreleasetest/contract.go:230.40,232.3 1 0
purser/internal/ports/musicreleasetest/contract.go:235.63,244.16 7 0
purser/internal/ports/musicreleasetest/contract.go:244.16,246.3 1 0
purser/internal/ports/musicreleasetest/contract.go:247.2,248.31 2 0
purser/internal/ports/musicreleasetest/contract.go:248.31,250.3 1 0
purser/internal/ports/musicreleasetest/contract.go:251.2,251.47 1 0
purser/internal/ports/musicreleasetest/contract.go:251.47,253.3 1 0
purser/internal/ports/musicreleasetest/contract.go:256.63,265.16 7 0
purser/internal/ports/musicreleasetest/contract.go:265.16,267.3 1 0
purser/internal/ports/musicreleasetest/contract.go:268.2,269.31 2 0
purser/internal/ports/musicreleasetest/contract.go:269.31,271.3 1 0
purser/internal/ports/musicreleasetest/contract.go:272.2,272.47 1 0
purser/internal/ports/musicreleasetest/contract.go:272.47,274.3 1 0
purser/internal/ports/tagtest/contract.go:21.65,24.74 2 0
purser/internal/ports/tagtest/contract.go:24.74,24.112 1 0
purser/internal/ports/tagtest/contract.go:25.2,25.66 1 0
purser/internal/ports/tagtest/contract.go:25.66,25.99 1 0
purser/internal/ports/tagtest/contract.go:26.2,26.81 1 0
purser/internal/ports/tagtest/contract.go:26.81,26.125 1 0
purser/internal/ports/tagtest/contract.go:27.2,27.104 1 0
purser/internal/ports/tagtest/contract.go:27.104,27.144 1 0
purser/internal/ports/tagtest/contract.go:28.2,28.99 1 0
purser/internal/ports/tagtest/contract.go:28.99,28.136 1 0
purser/internal/ports/tagtest/contract.go:29.2,29.106 1 0
purser/internal/ports/tagtest/contract.go:29.106,29.156 1 0
purser/internal/ports/tagtest/contract.go:30.2,30.62 1 0
purser/internal/ports/tagtest/contract.go:30.62,30.88 1 0
purser/internal/ports/tagtest/contract.go:31.2,31.74 1 0
purser/internal/ports/tagtest/contract.go:31.74,31.107 1 0
purser/internal/ports/tagtest/contract.go:32.2,32.108 1 0
purser/internal/ports/tagtest/contract.go:32.108,32.148 1 0
purser/internal/ports/tagtest/contract.go:33.2,33.79 1 0
purser/internal/ports/tagtest/contract.go:33.79,33.127 1 0
purser/internal/ports/tagtest/contract.go:34.2,34.51 1 0
purser/internal/ports/tagtest/contract.go:34.51,34.77 1 0
purser/internal/ports/tagtest/contract.go:35.2,35.74 1 0
purser/internal/ports/tagtest/contract.go:35.74,35.107 1 0
purser/internal/ports/tagtest/contract.go:36.2,36.79 1 0
purser/internal/ports/tagtest/contract.go:36.79,36.118 1 0
purser/internal/ports/tagtest/contract.go:37.2,37.74 1 0
purser/internal/ports/tagtest/contract.go:37.74,37.107 1 0
purser/internal/ports/tagtest/contract.go:38.2,38.72 1 0
purser/internal/ports/tagtest/contract.go:38.72,38.103 1 0
purser/internal/ports/tagtest/contract.go:39.2,39.90 1 0
purser/internal/ports/tagtest/contract.go:39.90,39.139 1 0
purser/internal/ports/tagtest/contract.go:40.2,40.74 1 0
purser/internal/ports/tagtest/contract.go:40.74,40.120 1 0
purser/internal/ports/tagtest/contract.go:43.71,45.60 2 0
purser/internal/ports/tagtest/contract.go:45.60,47.3 1 0
purser/internal/ports/tagtest/contract.go:50.70,53.40 3 0
purser/internal/ports/tagtest/contract.go:53.40,55.3 1 0
purser/internal/ports/tagtest/contract.go:58.65,64.16 5 0
purser/internal/ports/tagtest/contract.go:64.16,66.3 1 0
purser/internal/ports/tagtest/contract.go:67.2,67.28 1 0
purser/internal/ports/tagtest/contract.go:67.28,69.3 1 0
purser/internal/ports/tagtest/contract.go:76.76,81.62 4 0
purser/internal/ports/tagtest/contract.go:81.62,83.3 1 0
purser/internal/ports/tagtest/contract.go:84.2,84.22 1 0
purser/internal/ports/tagtest/contract.go:84.22,86.3 1 0
purser/internal/ports/tagtest/contract.go:93.72,99.63 5 0
purser/internal/ports/tagtest/contract.go:99.63,101.3 1 0
purser/internal/ports/tagtest/contract.go:102.2,102.23 1 0
purser/internal/ports/tagtest/contract.go:102.23,104.3 1 0
purser/internal/ports/tagtest/contract.go:105.2,105.27 1 0
purser/internal/ports/tagtest/contract.go:105.27,107.3 1 0
purser/internal/ports/tagtest/contract.go:109.2,109.85 1 0
purser/internal/ports/tagtest/contract.go:109.85,111.3 1 0
purser/internal/ports/tagtest/contract.go:116.69,122.40 5 0
purser/internal/ports/tagtest/contract.go:122.40,124.3 1 0
purser/internal/ports/tagtest/contract.go:130.82,136.61 5 0
purser/internal/ports/tagtest/contract.go:136.61,138.3 1 0
purser/internal/ports/tagtest/contract.go:139.2,139.21 1 0
purser/internal/ports/tagtest/contract.go:139.21,141.3 1 0
purser/internal/ports/tagtest/contract.go:144.58,150.60 5 0
purser/internal/ports/tagtest/contract.go:150.60,152.3 1 0
purser/internal/ports/tagtest/contract.go:154.2,155.16 2 0
purser/internal/ports/tagtest/contract.go:155.16,157.3 1 0
purser/internal/ports/tagtest/contract.go:158.2,158.26 1 0
purser/internal/ports/tagtest/contract.go:158.26,160.3 1 0
purser/internal/ports/tagtest/contract.go:163.65,166.40 3 0
purser/internal/ports/tagtest/contract.go:166.40,168.3 1 0
purser/internal/ports/tagtest/contract.go:174.72,184.40 9 0
purser/internal/ports/tagtest/contract.go:184.40,186.3 1 0
purser/internal/ports/tagtest/contract.go:188.2,189.16 2 0
purser/internal/ports/tagtest/contract.go:189.16,191.3 1 0
purser/internal/ports/tagtest/contract.go:192.2,192.25 1 0
purser/internal/ports/tagtest/contract.go:192.25,194.3 1 0
purser/internal/ports/tagtest/contract.go:199.80,207.47 7 0
purser/internal/ports/tagtest/contract.go:207.47,209.3 1 0
purser/internal/ports/tagtest/contract.go:211.2,212.49 2 0
purser/internal/ports/tagtest/contract.go:212.49,214.3 1 0
purser/internal/ports/tagtest/contract.go:215.2,215.26 1 0
purser/internal/ports/tagtest/contract.go:215.26,217.3 1 0
purser/internal/ports/tagtest/contract.go:220.58,224.61 3 0
purser/internal/ports/tagtest/contract.go:224.61,226.3 1 0
purser/internal/ports/tagtest/contract.go:227.2,227.85 1 0
purser/internal/ports/tagtest/contract.go:227.85,229.3 1 0
purser/internal/ports/tagtest/contract.go:232.65,235.40 3 0
purser/internal/ports/tagtest/contract.go:235.40,237.3 1 0
purser/internal/ports/tagtest/contract.go:243.71,249.44 5 0
purser/internal/ports/tagtest/contract.go:249.44,251.3 1 0
purser/internal/ports/tagtest/contract.go:253.2,254.49 2 0
purser/internal/ports/tagtest/contract.go:254.49,256.3 1 0
purser/internal/ports/tagtest/contract.go:257.2,257.26 1 0
purser/internal/ports/tagtest/contract.go:257.26,259.3 1 0
purser/internal/ports/tagtest/contract.go:262.65,267.19 4 0
purser/internal/ports/tagtest/contract.go:267.19,271.3 3 0
purser/internal/ports/tagtest/contract.go:273.2,275.6 3 0
purser/internal/ports/tagtest/contract.go:275.6,277.17 2 0
purser/internal/ports/tagtest/contract.go:277.17,279.4 1 0
purser/internal/ports/tagtest/contract.go:280.3,280.28 1 0
purser/internal/ports/tagtest/contract.go:280.28,282.4 1 0
purser/internal/ports/tagtest/contract.go:283.3,283.17 1 0
purser/internal/ports/tagtest/contract.go:283.17,284.9 1 0
purser/internal/ports/tagtest/contract.go:286.3,286.19 1 0
purser/internal/ports/tagtest/contract.go:289.2,289.27 1 0
purser/internal/ports/tagtest/contract.go:289.27,291.3 1 0
purser/internal/ports/tagtest/contract.go:292.2,292.23 1 0
purser/internal/ports/tagtest/contract.go:292.23,293.15 1 0
purser/internal/ports/tagtest/contract.go:293.15,295.4 1 0
purser/internal/ports/tagtest/contract.go:304.39,306.2 1 0
purser/internal/ports/tagtest/contract.go:308.63,314.82 5 0
purser/internal/ports/tagtest/contract.go:314.82,316.3 1 0
purser/internal/ports/tagtest/contract.go:318.2,318.85 1 0
purser/internal/ports/tagtest/contract.go:318.85,320.3 1 0
purser/internal/ports/tagtest/contract.go:321.2,321.85 1 0
purser/internal/ports/tagtest/contract.go:321.85,323.3 1 0
purser/internal/ports/tagtest/contract.go:324.2,324.61 1 0
purser/internal/ports/tagtest/contract.go:324.61,326.3 1 0
purser/internal/ports/tagtest/contract.go:329.81,334.40 4 0
purser/internal/ports/tagtest/contract.go:334.40,336.3 1 0
purser/internal/ports/tagtest/contract.go:338.2,338.61 1 0
purser/internal/ports/tagtest/contract.go:338.61,340.3 1 0
purser/internal/ports/tagtest/contract.go:346.78,352.59 5 0
purser/internal/ports/tagtest/contract.go:352.59,354.3 1 0
purser/internal/ports/tagtest/contract.go:356.2,357.49 2 0
purser/internal/ports/tagtest/contract.go:357.49,359.3 1 0
purser/internal/ports/tagtest/contract.go:360.2,360.26 1 0
purser/internal/ports/tagtest/contract.go:360.26,362.3 1 0
purser/internal/ports/musicbrainztest/contract.go:43.67,49.79 4 0
purser/internal/ports/musicbrainztest/contract.go:49.79,49.130 1 0
purser/internal/ports/musicbrainztest/contract.go:50.2,50.83 1 0
purser/internal/ports/musicbrainztest/contract.go:50.83,50.136 1 0
purser/internal/ports/musicbrainztest/contract.go:51.2,51.72 1 0
purser/internal/ports/musicbrainztest/contract.go:51.72,51.124 1 0
purser/internal/ports/musicbrainztest/contract.go:52.2,52.94 1 0
purser/internal/ports/musicbrainztest/contract.go:52.94,52.148 1 0
purser/internal/ports/musicbrainztest/contract.go:53.2,53.92 1 0
purser/internal/ports/musicbrainztest/contract.go:53.92,53.149 1 0
purser/internal/ports/musicbrainztest/contract.go:54.2,54.89 1 0
purser/internal/ports/musicbrainztest/contract.go:54.89,54.148 1 0
purser/internal/ports/musicbrainztest/contract.go:55.2,55.93 1 0
purser/internal/ports/musicbrainztest/contract.go:55.93,55.153 1 0
purser/internal/ports/musicbrainztest/contract.go:56.2,56.89 1 0
purser/internal/ports/musicbrainztest/contract.go:56.89,56.147 1 0
purser/internal/ports/musicbrainztest/contract.go:57.2,57.100 1 0
purser/internal/ports/musicbrainztest/contract.go:57.100,57.160 1 0
purser/internal/ports/musicbrainztest/contract.go:58.2,58.81 1 0
purser/internal/ports/musicbrainztest/contract.go:58.81,58.133 1 0
purser/internal/ports/musicbrainztest/contract.go:59.2,59.84 1 0
purser/internal/ports/musicbrainztest/contract.go:59.84,59.138 1 0
purser/internal/ports/musicbrainztest/contract.go:60.2,60.95 1 0
purser/internal/ports/musicbrainztest/contract.go:60.95,60.156 1 0
purser/internal/ports/musicbrainztest/contract.go:61.2,61.94 1 0
purser/internal/ports/musicbrainztest/contract.go:61.94,61.155 1 0
purser/internal/ports/musicbrainztest/contract.go:62.2,62.111 1 0
purser/internal/ports/musicbrainztest/contract.go:62.111,62.174 1 0
purser/internal/ports/musicbrainztest/contract.go:63.2,63.94 1 0
purser/internal/ports/musicbrainztest/contract.go:63.94,63.154 1 0
purser/internal/ports/musicbrainztest/contract.go:64.2,64.92 1 0
purser/internal/ports/musicbrainztest/contract.go:64.92,64.154 1 0
purser/internal/ports/musicbrainztest/contract.go:67.83,70.16 3 0
purser/internal/ports/musicbrainztest/contract.go:70.16,72.3 1 0
purser/internal/ports/musicbrainztest/contract.go:73.2,73.56 1 0
purser/internal/ports/musicbrainztest/contract.go:73.56,75.3 1 0
purser/internal/ports/musicbrainztest/contract.go:78.85,81.40 3 0
purser/internal/ports/musicbrainztest/contract.go:81.40,83.3 1 0
purser/internal/ports/musicbrainztest/contract.go:86.84,89.16 3 0
purser/internal/ports/musicbrainztest/contract.go:89.16,91.3 1 0
purser/internal/ports/musicbrainztest/contract.go:92.2,92.59 1 0
purser/internal/ports/musicbrainztest/contract.go:92.59,94.3 1 0
purser/internal/ports/musicbrainztest/contract.go:97.86,100.16 3 0
purser/internal/ports/musicbrainztest/contract.go:100.16,102.3 1 0
purser/internal/ports/musicbrainztest/contract.go:103.2,103.23 1 0
purser/internal/ports/musicbrainztest/contract.go:103.23,105.3 1 0
purser/internal/ports/musicbrainztest/contract.go:108.89,111.16 3 0
purser/internal/ports/musicbrainztest/contract.go:111.16,113.3 1 0
purser/internal/ports/musicbrainztest/contract.go:114.2,114.70 1 0
purser/internal/ports/musicbrainztest/contract.go:114.70,116.3 1 0
purser/internal/ports/musicbrainztest/contract.go:119.91,122.40 3 0
purser/internal/ports/musicbrainztest/contract.go:122.40,124.3 1 0
purser/internal/ports/musicbrainztest/contract.go:127.92,130.16 3 0
purser/internal/ports/musicbrainztest/contract.go:130.16,132.3 1 0
purser/internal/ports/musicbrainztest/contract.go:133.2,133.57 1 0
purser/internal/ports/musicbrainztest/contract.go:133.57,135.3 1 0
purser/internal/ports/musicbrainztest/contract.go:138.90,141.16 3 0
purser/internal/ports/musicbrainztest/contract.go:141.16,143.3 1 0
purser/internal/ports/musicbrainztest/contract.go:144.2,144.57 1 0
purser/internal/ports/musicbrainztest/contract.go:144.57,146.3 1 0
purser/internal/ports/musicbrainztest/contract.go:149.92,152.16 3 0
purser/internal/ports/musicbrainztest/contract.go:152.16,154.3 1 0
purser/internal/ports/musicbrainztest/contract.go:155.2,155.19 1 0
purser/internal/ports/musicbrainztest/contract.go:155.19,157.3 1 0
purser/internal/ports/musicbrainztest/contract.go:160.84,163.16 3 0
purser/internal/ports/musicbrainztest/contract.go:163.16,165.3 1 0
purser/internal/ports/musicbrainztest/contract.go:166.2,166.51 1 0
purser/internal/ports/musicbrainztest/contract.go:166.51,168.3 1 0
purser/internal/ports/musicbrainztest/contract.go:171.86,174.40 3 0
purser/internal/ports/musicbrainztest/contract.go:174.40,176.3 1 0
purser/internal/ports/musicbrainztest/contract.go:179.93,182.16 3 0
purser/internal/ports/musicbrainztest/contract.go:182.16,184.3 1 0
purser/internal/ports/musicbrainztest/contract.go:185.2,185.50 1 0
purser/internal/ports/musicbrainztest/contract.go:185.50,187.3 1 0
purser/internal/ports/musicbrainztest/contract.go:190.93,193.16 3 0
purser/internal/ports/musicbrainztest/contract.go:193.16,195.3 1 0
purser/internal/ports/musicbrainztest/contract.go:196.2,196.51 1 0
purser/internal/ports/musicbrainztest/contract.go:196.51,198.3 1 0
purser/internal/ports/musicbrainztest/contract.go:201.95,204.16 3 0
purser/internal/ports/musicbrainztest/contract.go:204.16,206.3 1 0
purser/internal/ports/musicbrainztest/contract.go:207.2,207.18 1 0
purser/internal/ports/musicbrainztest/contract.go:207.18,209.3 1 0
purser/internal/ports/musicbrainztest/contract.go:212.92,215.16 3 0
purser/internal/ports/musicbrainztest/contract.go:215.16,217.3 1 0
purser/internal/ports/musicbrainztest/contract.go:218.2,218.59 1 0
purser/internal/ports/musicbrainztest/contract.go:218.59,220.3 1 0
purser/internal/ports/musicbrainztest/contract.go:223.94,226.40 3 0
purser/internal/ports/musicbrainztest/contract.go:226.40,228.3 1 0
purser/internal/ports/musicbrainztest/contract.go:231.36,234.74 2 0
purser/internal/ports/musicbrainztest/contract.go:234.74,236.30 2 0
purser/internal/ports/musicbrainztest/contract.go:236.30,239.4 2 0
purser/internal/ports/musicbrainztest/contract.go:240.3,240.97 1 0
purser/internal/ports/musicbrainztest/contract.go:243.2,243.73 1 0
purser/internal/ports/musicbrainztest/contract.go:243.73,246.21 3 0
purser/internal/ports/musicbrainztest/contract.go:246.21,248.4 1 0
purser/internal/ports/musicbrainztest/contract.go:249.3,251.14 1 0
purser/internal/ports/musicbrainztest/contract.go:254.2,254.81 1 0
purser/internal/ports/musicbrainztest/contract.go:254.81,256.36 2 0
purser/internal/ports/musicbrainztest/contract.go:256.36,259.4 2 0
purser/internal/ports/musicbrainztest/contract.go:260.3,260.89 1 0
purser/internal/ports/musicbrainztest/contract.go:263.2,263.80 1 0
purser/internal/ports/musicbrainztest/contract.go:263.80,265.10 2 0
purser/internal/ports/musicbrainztest/contract.go:266.55,267.95 1 0
purser/internal/ports/musicbrainztest/contract.go:268.97,269.95 1 0
purser/internal/ports/musicbrainztest/contract.go:271.3,273.10 1 0
purser/internal/ports/musicbrainztest/contract.go:276.2,276.75 1 0
purser/internal/ports/musicbrainztest/contract.go:276.75,278.31 2 0
purser/internal/ports/musicbrainztest/contract.go:278.31,281.4 2 0
purser/internal/ports/musicbrainztest/contract.go:282.3,286.5 1 0
purser/internal/ports/musicbrainztest/contract.go:289.2,289.74 1 0
purser/internal/ports/musicbrainztest/contract.go:289.74,291.10 2 0
purser/internal/ports/musicbrainztest/contract.go:292.68,293.95 1 0
purser/internal/ports/musicbrainztest/contract.go:294.62,295.113 1 0
purser/internal/ports/musicbrainztest/contract.go:297.3,299.15 1 0
purser/internal/ports/musicbrainztest/contract.go:302.2,302.72 1 0
purser/internal/ports/musicbrainztest/contract.go:302.72,304.24 2 0
purser/internal/ports/musicbrainztest/contract.go:304.24,307.4 2 0
purser/internal/ports/musicbrainztest/contract.go:308.3,310.97 1 0
purser/internal/ports/musicbrainztest/contract.go:313.2,313.12 1 0
purser/internal/ports/musicbrainztest/contract.go:316.46,319.2 2 0
purser/internal/ports/musicbrainztest/contract.go:321.43,325.2 3 0
purser/internal/ports/externalidtest/contract.go:21.72,24.74 2 0
purser/internal/ports/externalidtest/contract.go:24.74,24.112 1 0
purser/internal/ports/externalidtest/contract.go:25.2,25.74 1 0
purser/internal/ports/externalidtest/contract.go:25.74,25.107 1 0
purser/internal/ports/externalidtest/contract.go:26.2,26.88 1 0
purser/internal/ports/externalidtest/contract.go:26.88,26.123 1 0
purser/internal/ports/externalidtest/contract.go:27.2,27.56 1 0
purser/internal/ports/externalidtest/contract.go:27.56,27.82 1 0
purser/internal/ports/externalidtest/contract.go:28.2,28.82 1 0
purser/internal/ports/externalidtest/contract.go:28.82,28.115 1 0
purser/internal/ports/externalidtest/contract.go:29.2,29.60 1 0
purser/internal/ports/externalidtest/contract.go:29.60,29.86 1 0
purser/internal/ports/externalidtest/contract.go:30.2,30.82 1 0
purser/internal/ports/externalidtest/contract.go:30.82,30.115 1 0
purser/internal/ports/externalidtest/contract.go:31.2,31.72 1 0
purser/internal/ports/externalidtest/contract.go:31.72,31.103 1 0
purser/internal/ports/externalidtest/contract.go:32.2,32.70 1 0
purser/internal/ports/externalidtest/contract.go:32.70,32.103 1 0
purser/internal/ports/externalidtest/contract.go:35.83,37.58 2 0
purser/internal/ports/externalidtest/contract.go:37.58,39.3 1 0
purser/internal/ports/externalidtest/contract.go:42.70,45.40 3 0
purser/internal/ports/externalidtest/contract.go:45.40,47.3 1 0
purser/internal/ports/externalidtest/contract.go:50.65,56.16 5 0
purser/internal/ports/externalidtest/contract.go:56.16,58.3 1 0
purser/internal/ports/externalidtest/contract.go:59.2,59.26 1 0
purser/internal/ports/externalidtest/contract.go:59.26,61.3 1 0
purser/internal/ports/externalidtest/contract.go:64.67,69.40 4 0
purser/internal/ports/externalidtest/contract.go:69.40,71.3 1 0
purser/internal/ports/externalidtest/contract.go:74.58,80.58 5 0
purser/internal/ports/externalidtest/contract.go:80.58,82.3 1 0
purser/internal/ports/externalidtest/contract.go:84.2,85.16 2 0
purser/internal/ports/externalidtest/contract.go:85.16,87.3 1 0
purser/internal/ports/externalidtest/contract.go:88.2,88.34 1 0
purser/internal/ports/externalidtest/contract.go:88.34,90.3 1 0
purser/internal/ports/externalidtest/contract.go:93.65,96.40 3 0
purser/internal/ports/externalidtest/contract.go:96.40,98.3 1 0
purser/internal/ports/externalidtest/contract.go:101.58,105.97 3 0
purser/internal/ports/externalidtest/contract.go:105.97,107.3 1 0
purser/internal/ports/externalidtest/contract.go:108.2,108.121 1 0
purser/internal/ports/externalidtest/contract.go:108.121,110.3 1 0
purser/internal/ports/externalidtest/contract.go:113.65,116.40 3 0
purser/internal/ports/externalidtest/contract.go:116.40,118.3 1 0
purser/internal/ports/externalidtest/contract.go:121.63,129.16 7 0
purser/internal/ports/externalidtest/contract.go:129.16,131.3 1 0
purser/internal/ports/externalidtest/contract.go:132.2,132.24 1 0
purser/internal/ports/externalidtest/contract.go:132.24,134.3 1 0
purser/internal/ports/externalidtest/contract.go:136.2,137.16 2 0
purser/internal/ports/externalidtest/contract.go:137.16,139.3 1 0
purser/internal/ports/externalidtest/contract.go:140.2,140.22 1 0
purser/internal/ports/externalidtest/contract.go:140.22,142.3 1 0
purser/internal/ports/externalidtest/contract.go:145.65,150.22 4 0
purser/internal/ports/externalidtest/contract.go:150.22,152.3 1 0
purser/internal/ports/externalidtest/contract.go:154.2,156.6 3 0
purser/internal/ports/externalidtest/contract.go:156.6,158.17 2 0
purser/internal/ports/externalidtest/contract.go:158.17,160.4 1 0
purser/internal/ports/externalidtest/contract.go:161.3,161.28 1 0
purser/internal/ports/externalidtest/contract.go:161.28,163.4 1 0
purser/internal/ports/externalidtest/contract.go:164.3,164.17 1 0
purser/internal/ports/externalidtest/contract.go:164.17,165.9 1 0
purser/internal/ports/externalidtest/contract.go:167.3,167.19 1 0
purser/internal/ports/externalidtest/contract.go:170.2,170.22 1 0
purser/internal/ports/externalidtest/contract.go:170.22,172.3 1 0
purser/internal/ports/externalidtest/contract.go:175.67,182.2 1 0
purser/internal/ports/itempersontest/contract.go:21.72,24.74 2 0
purser/internal/ports/itempersontest/contract.go:24.74,24.112 1 0
purser/internal/ports/itempersontest/contract.go:25.2,25.69 1 0
purser/internal/ports/itempersontest/contract.go:25.69,25.102 1 0
purser/internal/ports/itempersontest/contract.go:26.2,26.88 1 0
purser/internal/ports/itempersontest/contract.go:26.88,26.123 1 0
purser/internal/ports/itempersontest/contract.go:27.2,27.65 1 0
purser/internal/ports/itempersontest/contract.go:27.65,27.91 1 0
purser/internal/ports/itempersontest/contract.go:28.2,28.77 1 0
purser/internal/ports/itempersontest/contract.go:28.77,28.110 1 0
purser/internal/ports/itempersontest/contract.go:29.2,29.54 1 0
purser/internal/ports/itempersontest/contract.go:29.54,29.80 1 0
purser/internal/ports/itempersontest/contract.go:30.2,30.77 1 0
purser/internal/ports/itempersontest/contract.go:30.77,30.110 1 0
purser/internal/ports/itempersontest/contract.go:31.2,31.76 1 0
purser/internal/ports/itempersontest/contract.go:31.76,31.107 1 0
purser/internal/ports/itempersontest/contract.go:32.2,32.70 1 0
purser/internal/ports/itempersontest/contract.go:32.70,32.103 1 0
purser/internal/ports/itempersontest/contract.go:35.84,37.59 2 0
purser/internal/ports/itempersontest/contract.go:37.59,39.3 1 0
purser/internal/ports/itempersontest/contract.go:42.70,45.40 3 0
purser/internal/ports/itempersontest/contract.go:45.40,47.3 1 0
purser/internal/ports/itempersontest/contract.go:50.65,56.16 5 0
purser/internal/ports/itempersontest/contract.go:56.16,58.3 1 0
purser/internal/ports/itempersontest/contract.go:59.2,59.37 1 0
purser/internal/ports/itempersontest/contract.go:59.37,61.3 1 0
purser/internal/ports/itempersontest/contract.go:64.67,69.40 4 0
purser/internal/ports/itempersontest/contract.go:69.40,71.3 1 0
purser/internal/ports/itempersontest/contract.go:74.58,80.59 5 0
purser/internal/ports/itempersontest/contract.go:80.59,82.3 1 0
purser/internal/ports/itempersontest/contract.go:84.2,85.16 2 0
purser/internal/ports/itempersontest/contract.go:85.16,87.3 1 0
purser/internal/ports/itempersontest/contract.go:88.2,88.40 1 0
purser/internal/ports/itempersontest/contract.go:88.40,90.3 1 0
purser/internal/ports/itempersontest/contract.go:93.65,96.40 3 0
purser/internal/ports/itempersontest/contract.go:96.40,98.3 1 0
purser/internal/ports/itempersontest/contract.go:101.58,105.80 3 0
purser/internal/ports/itempersontest/contract.go:105.80,107.3 1 0
purser/internal/ports/itempersontest/contract.go:108.2,108.104 1 0
purser/internal/ports/itempersontest/contract.go:108.104,110.3 1 0
purser/internal/ports/itempersontest/contract.go:113.65,116.40 3 0
purser/internal/ports/itempersontest/contract.go:116.40,118.3 1 0
purser/internal/ports/itempersontest/contract.go:121.63,129.16 7 0
purser/internal/ports/itempersontest/contract.go:129.16,131.3 1 0
purser/internal/ports/itempersontest/contract.go:132.2,132.22 1 0
purser/internal/ports/itempersontest/contract.go:132.22,134.3 1 0
purser/internal/ports/itempersontest/contract.go:136.2,137.16 2 0
purser/internal/ports/itempersontest/contract.go:137.16,139.3 1 0
purser/internal/ports/itempersontest/contract.go:140.2,140.24 1 0
purser/internal/ports/itempersontest/contract.go:140.24,142.3 1 0
purser/internal/ports/itempersontest/contract.go:145.65,150.22 4 0
purser/internal/ports/itempersontest/contract.go:150.22,152.3 1 0
purser/internal/ports/itempersontest/contract.go:154.2,156.6 3 0
purser/internal/ports/itempersontest/contract.go:156.6,158.17 2 0
purser/internal/ports/itempersontest/contract.go:158.17,160.4 1 0
purser/internal/ports/itempersontest/contract.go:161.3,161.28 1 0
purser/internal/ports/itempersontest/contract.go:161.28,163.4 1 0
purser/internal/ports/itempersontest/contract.go:164.3,164.17 1 0
purser/internal/ports/itempersontest/contract.go:164.17,165.9 1 0
purser/internal/ports/itempersontest/contract.go:167.3,167.19 1 0
purser/internal/ports/itempersontest/contract.go:170.2,170.22 1 0
purser/internal/ports/itempersontest/contract.go:170.22,172.3 1 0
purser/internal/ports/itempersontest/contract.go:175.73,177.2 1 0
purser/internal/ports/performerprofiletest/contract.go:21.78,24.74 2 0
purser/internal/ports/performerprofiletest/contract.go:24.74,24.112 1 0
purser/internal/ports/performerprofiletest/contract.go:25.2,25.70 1 0
purser/internal/ports/performerprofiletest/contract.go:25.70,25.103 1 0
purser/internal/ports/performerprofiletest/contract.go:26.2,26.84 1 0
purser/internal/ports/performerprofiletest/contract.go:26.84,26.119 1 0
purser/internal/ports/performerprofiletest/contract.go:27.2,27.66 1 0
purser/internal/ports/performerprofiletest/contract.go:27.66,27.92 1 0
purser/internal/ports/performerprofiletest/contract.go:28.2,28.78 1 0
purser/internal/ports/performerprofiletest/contract.go:28.78,28.111 1 0
purser/internal/ports/performerprofiletest/contract.go:29.2,29.55 1 0
purser/internal/ports/performerprofiletest/contract.go:29.55,29.81 1 0
purser/internal/ports/performerprofiletest/contract.go:30.2,30.78 1 0
purser/internal/ports/performerprofiletest/contract.go:30.78,30.111 1 0
purser/internal/ports/performerprofiletest/contract.go:31.2,31.78 1 0
purser/internal/ports/performerprofiletest/contract.go:31.78,31.111 1 0
purser/internal/ports/performerprofiletest/contract.go:34.98,36.58 2 0
purser/internal/ports/performerprofiletest/contract.go:36.58,38.3 1 0
purser/internal/ports/performerprofiletest/contract.go:41.70,44.40 3 0
purser/internal/ports/performerprofiletest/contract.go:44.40,46.3 1 0
purser/internal/ports/performerprofiletest/contract.go:49.65,55.16 5 0
purser/internal/ports/performerprofiletest/contract.go:55.16,57.3 1 0
purser/internal/ports/performerprofiletest/contract.go:58.2,58.30 1 0
purser/internal/ports/performerprofiletest/contract.go:58.30,60.3 1 0
purser/internal/ports/performerprofiletest/contract.go:63.67,68.40 4 0
purser/internal/ports/performerprofiletest/contract.go:68.40,70.3 1 0
purser/internal/ports/performerprofiletest/contract.go:73.58,79.58 5 0
purser/internal/ports/performerprofiletest/contract.go:79.58,81.3 1 0
purser/internal/ports/performerprofiletest/contract.go:83.2,84.16 2 0
purser/internal/ports/performerprofiletest/contract.go:84.16,86.3 1 0
purser/internal/ports/performerprofiletest/contract.go:87.2,87.25 1 0
purser/internal/ports/performerprofiletest/contract.go:87.25,89.3 1 0
purser/internal/ports/performerprofiletest/contract.go:92.65,95.40 3 0
purser/internal/ports/performerprofiletest/contract.go:95.40,97.3 1 0
purser/internal/ports/performerprofiletest/contract.go:100.58,104.61 3 0
purser/internal/ports/performerprofiletest/contract.go:104.61,106.3 1 0
purser/internal/ports/performerprofiletest/contract.go:107.2,107.85 1 0
purser/internal/ports/performerprofiletest/contract.go:107.85,109.3 1 0
purser/internal/ports/performerprofiletest/contract.go:112.65,115.40 3 0
purser/internal/ports/performerprofiletest/contract.go:115.40,117.3 1 0
purser/internal/ports/performerprofiletest/contract.go:120.65,125.19 4 0
purser/internal/ports/performerprofiletest/contract.go:125.19,129.3 3 0
purser/internal/ports/performerprofiletest/contract.go:131.2,133.6 3 0
purser/internal/ports/performerprofiletest/contract.go:133.6,135.17 2 0
purser/internal/ports/performerprofiletest/contract.go:135.17,137.4 1 0
purser/internal/ports/performerprofiletest/contract.go:138.3,138.30 1 0
purser/internal/ports/performerprofiletest/contract.go:138.30,140.4 1 0
purser/internal/ports/performerprofiletest/contract.go:141.3,141.17 1 0
purser/internal/ports/performerprofiletest/contract.go:141.17,142.9 1 0
purser/internal/ports/performerprofiletest/contract.go:144.3,144.19 1 0
purser/internal/ports/performerprofiletest/contract.go:147.2,147.27 1 0
purser/internal/ports/performerprofiletest/contract.go:147.27,149.3 1 0
purser/internal/ports/performerprofiletest/contract.go:150.2,150.23 1 0
purser/internal/ports/performerprofiletest/contract.go:150.23,151.15 1 0
purser/internal/ports/performerprofiletest/contract.go:151.15,153.4 1 0
purser/internal/ports/performerprofiletest/contract.go:157.65,159.2 1 0
purser/internal/ports/persontest/contract.go:27.68,30.74 2 0
purser/internal/ports/persontest/contract.go:30.74,30.112 1 0
purser/internal/ports/persontest/contract.go:31.2,31.69 1 0
purser/internal/ports/persontest/contract.go:31.69,31.102 1 0
purser/internal/ports/persontest/contract.go:32.2,32.77 1 0
purser/internal/ports/persontest/contract.go:32.77,32.112 1 0
purser/internal/ports/persontest/contract.go:33.2,33.65 1 0
purser/internal/ports/persontest/contract.go:33.65,33.91 1 0
purser/internal/ports/persontest/contract.go:34.2,34.77 1 0
purser/internal/ports/persontest/contract.go:34.77,34.110 1 0
purser/internal/ports/persontest/contract.go:35.2,35.54 1 0
purser/internal/ports/persontest/contract.go:35.54,35.80 1 0
purser/internal/ports/persontest/contract.go:36.2,36.77 1 0
purser/internal/ports/persontest/contract.go:36.77,36.110 1 0
purser/internal/ports/persontest/contract.go:37.2,37.77 1 0
purser/internal/ports/persontest/contract.go:37.77,37.110 1 0
purser/internal/ports/persontest/contract.go:40.75,42.58 2 0
purser/internal/ports/persontest/contract.go:42.58,44.3 1 0
purser/internal/ports/persontest/contract.go:47.70,50.40 3 0
purser/internal/ports/persontest/contract.go:50.40,52.3 1 0
purser/internal/ports/persontest/contract.go:55.65,61.16 5 0
purser/internal/ports/persontest/contract.go:61.16,63.3 1 0
purser/internal/ports/persontest/contract.go:64.2,64.24 1 0
purser/internal/ports/persontest/contract.go:64.24,66.3 1 0
purser/internal/ports/persontest/contract.go:69.67,74.40 4 0
purser/internal/ports/persontest/contract.go:74.40,76.3 1 0
purser/internal/ports/persontest/contract.go:79.58,85.58 5 0
purser/internal/ports/persontest/contract.go:85.58,87.3 1 0
purser/internal/ports/persontest/contract.go:89.2,90.16 2 0
purser/internal/ports/persontest/contract.go:90.16,92.3 1 0
purser/internal/ports/persontest/contract.go:93.2,93.32 1 0
purser/internal/ports/persontest/contract.go:93.32,95.3 1 0
purser/internal/ports/persontest/contract.go:98.65,101.40 3 0
purser/internal/ports/persontest/contract.go:101.40,103.3 1 0
purser/internal/ports/persontest/contract.go:106.58,110.61 3 0
purser/internal/ports/persontest/contract.go:110.61,112.3 1 0
purser/internal/ports/persontest/contract.go:114.2,115.40 2 0
purser/internal/ports/persontest/contract.go:115.40,117.3 1 0
purser/internal/ports/persontest/contract.go:120.65,123.40 3 0
purser/internal/ports/persontest/contract.go:123.40,125.3 1 0
purser/internal/ports/persontest/contract.go:128.65,133.19 4 0
purser/internal/ports/persontest/contract.go:133.19,137.3 3 0
purser/internal/ports/persontest/contract.go:139.2,141.6 3 0
purser/internal/ports/persontest/contract.go:141.6,143.17 2 0
purser/internal/ports/persontest/contract.go:143.17,145.4 1 0
purser/internal/ports/persontest/contract.go:146.3,146.28 1 0
purser/internal/ports/persontest/contract.go:146.28,148.4 1 0
purser/internal/ports/persontest/contract.go:149.3,149.17 1 0
purser/internal/ports/persontest/contract.go:149.17,150.9 1 0
purser/internal/ports/persontest/contract.go:152.3,152.19 1 0
purser/internal/ports/persontest/contract.go:155.2,155.27 1 0
purser/internal/ports/persontest/contract.go:155.27,157.3 1 0
purser/internal/ports/persontest/contract.go:158.2,158.23 1 0
purser/internal/ports/persontest/contract.go:158.23,159.15 1 0
purser/internal/ports/persontest/contract.go:159.15,161.4 1 0
purser/internal/ports/persontest/contract.go:165.45,174.2 1 0
purser/pkg/fswatch/fswatchtest/contract.go:19.56,22.70 2 0
purser/pkg/fswatch/fswatchtest/contract.go:22.70,22.106 1 0
purser/pkg/fswatch/fswatchtest/contract.go:23.2,23.64 1 0
purser/pkg/fswatch/fswatchtest/contract.go:23.64,23.99 1 0
purser/pkg/fswatch/fswatchtest/contract.go:24.2,24.65 1 0
purser/pkg/fswatch/fswatchtest/contract.go:24.65,24.101 1 0
purser/pkg/fswatch/fswatchtest/contract.go:25.2,25.55 1 0
purser/pkg/fswatch/fswatchtest/contract.go:25.55,25.98 1 0
purser/pkg/fswatch/fswatchtest/contract.go:26.2,26.69 1 0
purser/pkg/fswatch/fswatchtest/contract.go:26.69,26.105 1 0
purser/pkg/fswatch/fswatchtest/contract.go:29.114,32.6 3 0
purser/pkg/fswatch/fswatchtest/contract.go:32.6,33.10 1 0
purser/pkg/fswatch/fswatchtest/contract.go:34.19,35.55 1 0
purser/pkg/fswatch/fswatchtest/contract.go:35.55,37.5 1 0
purser/pkg/fswatch/fswatchtest/contract.go:40.19,41.58 1 0
purser/pkg/fswatch/fswatchtest/contract.go:46.64,50.37 3 0
purser/pkg/fswatch/fswatchtest/contract.go:50.37,52.3 1 0
purser/pkg/fswatch/fswatchtest/contract.go:54.2,55.48 2 0
purser/pkg/fswatch/fswatchtest/contract.go:55.48,57.3 1 0
purser/pkg/fswatch/fswatchtest/contract.go:59.2,60.31 2 0
purser/pkg/fswatch/fswatchtest/contract.go:60.31,62.3 1 0
purser/pkg/fswatch/fswatchtest/contract.go:65.63,68.71 3 0
purser/pkg/fswatch/fswatchtest/contract.go:68.71,70.3 1 0
purser/pkg/fswatch/fswatchtest/contract.go:72.2,73.37 2 0
purser/pkg/fswatch/fswatchtest/contract.go:73.37,75.3 1 0
purser/pkg/fswatch/fswatchtest/contract.go:77.2,77.71 1 0
purser/pkg/fswatch/fswatchtest/contract.go:77.71,79.3 1 0
purser/pkg/fswatch/fswatchtest/contract.go:81.2,82.59 2 0
purser/pkg/fswatch/fswatchtest/contract.go:82.59,84.3 1 0
purser/pkg/fswatch/fswatchtest/contract.go:87.64,90.68 3 0
purser/pkg/fswatch/fswatchtest/contract.go:90.68,92.3 1 0
purser/pkg/fswatch/fswatchtest/contract.go:94.2,95.37 2 0
purser/pkg/fswatch/fswatchtest/contract.go:95.37,97.3 1 0
purser/pkg/fswatch/fswatchtest/contract.go:99.2,99.42 1 0
purser/pkg/fswatch/fswatchtest/contract.go:99.42,101.3 1 0
purser/pkg/fswatch/fswatchtest/contract.go:103.2,104.31 2 0
purser/pkg/fswatch/fswatchtest/contract.go:104.31,106.3 1 0
purser/pkg/fswatch/fswatchtest/contract.go:109.71,112.37 3 0
purser/pkg/fswatch/fswatchtest/contract.go:112.37,114.3 1 0
purser/pkg/fswatch/fswatchtest/contract.go:115.2,115.40 1 0
purser/pkg/fswatch/fswatchtest/contract.go:115.40,117.3 1 0
purser/pkg/fswatch/fswatchtest/contract.go:119.2,120.68 2 0
purser/pkg/fswatch/fswatchtest/contract.go:120.68,122.3 1 0
purser/pkg/fswatch/fswatchtest/contract.go:124.2,124.9 1 0
purser/pkg/fswatch/fswatchtest/contract.go:125.28,126.73 1 0
purser/pkg/fswatch/fswatchtest/contract.go:127.44,127.44 0 0
purser/pkg/fswatch/fswatchtest/contract.go:132.64,135.41 3 0
purser/pkg/fswatch/fswatchtest/contract.go:135.41,137.3 1 0
purser/pkg/fswatch/fswatchtest/fake.go:30.22,36.2 1 0
purser/pkg/fswatch/fswatchtest/fake.go:39.39,42.14 3 0
purser/pkg/fswatch/fswatchtest/fake.go:42.14,44.3 1 0
purser/pkg/fswatch/fswatchtest/fake.go:45.2,45.40 1 0
purser/pkg/fswatch/fswatchtest/fake.go:45.40,47.3 1 0
purser/pkg/fswatch/fswatchtest/fake.go:48.2,49.12 2 0
purser/pkg/fswatch/fswatchtest/fake.go:54.48,57.22 3 0
purser/pkg/fswatch/fswatchtest/fake.go:57.22,59.3 1 0
purser/pkg/fswatch/fswatchtest/fake.go:60.2,60.23 1 0
purser/pkg/fswatch/fswatchtest/fake.go:64.42,69.2 4 0
purser/pkg/fswatch/fswatchtest/fake.go:72.49,72.68 1 0
purser/pkg/fswatch/fswatchtest/fake.go:75.38,75.55 1 0
purser/pkg/fswatch/fswatchtest/fake.go:78.30,81.14 3 0
purser/pkg/fswatch/fswatchtest/fake.go:81.14,83.3 1 0
purser/pkg/fswatch/fswatchtest/fake.go:84.2,87.12 4 0
purser/pkg/fswatch/fswatchtest/fake.go:92.42,92.60 1 0
purser/pkg/fswatch/fswatchtest/fake.go:95.37,95.54 1 0
purser/pkg/fswatch/fswatchtest/fake.go:99.42,103.2 3 0
purser/pkg/fswatch/fswatchtest/fake.go:107.40,111.27 4 0
purser/pkg/fswatch/fswatchtest/fake.go:111.27,113.3 1 0
purser/pkg/fswatch/fswatchtest/fake.go:114.2,114.14 1 0
purser/internal/ports/unmatchedfiletest/contract.go:21.75,24.74 2 0
purser/internal/ports/unmatchedfiletest/contract.go:24.74,24.112 1 0
purser/internal/ports/unmatchedfiletest/contract.go:25.2,25.77 1 0
purser/internal/ports/unmatchedfiletest/contract.go:25.77,25.110 1 0
purser/internal/ports/unmatchedfiletest/contract.go:26.2,26.77 1 0
purser/internal/ports/unmatchedfiletest/contract.go:26.77,26.112 1 0
purser/internal/ports/unmatchedfiletest/contract.go:27.2,27.71 1 0
purser/internal/ports/unmatchedfiletest/contract.go:27.71,27.103 1 0
purser/internal/ports/unmatchedfiletest/contract.go:28.2,28.84 1 0
purser/internal/ports/unmatchedfiletest/contract.go:28.84,28.120 1 0
purser/internal/ports/unmatchedfiletest/contract.go:29.2,29.62 1 0
purser/internal/ports/unmatchedfiletest/contract.go:29.62,29.96 1 0
purser/internal/ports/unmatchedfiletest/contract.go:30.2,30.73 1 0
purser/internal/ports/unmatchedfiletest/contract.go:30.73,30.99 1 0
purser/internal/ports/unmatchedfiletest/contract.go:31.2,31.85 1 0
purser/internal/ports/unmatchedfiletest/contract.go:31.85,31.118 1 0
purser/internal/ports/unmatchedfiletest/contract.go:32.2,32.64 1 0
purser/internal/ports/unmatchedfiletest/contract.go:32.64,32.90 1 0
purser/internal/ports/unmatchedfiletest/contract.go:33.2,33.85 1 0
purser/internal/ports/unmatchedfiletest/contract.go:33.85,33.118 1 0
purser/internal/ports/unmatchedfiletest/contract.go:34.2,34.60 1 0
purser/internal/ports/unmatchedfiletest/contract.go:34.60,34.95 1 0
purser/internal/ports/unmatchedfiletest/contract.go:35.2,35.58 1 0
purser/internal/ports/unmatchedfiletest/contract.go:35.58,35.91 1 0
purser/internal/ports/unmatchedfiletest/contract.go:36.2,36.83 1 0
purser/internal/ports/unmatchedfiletest/contract.go:36.83,36.119 1 0
purser/internal/ports/unmatchedfiletest/contract.go:37.2,37.61 1 0
purser/internal/ports/unmatchedfiletest/contract.go:37.61,37.100 1 0
purser/internal/ports/unmatchedfiletest/contract.go:38.2,38.69 1 0
purser/internal/ports/unmatchedfiletest/contract.go:38.69,38.114 1 0
purser/internal/ports/unmatchedfiletest/contract.go:39.2,39.86 1 0
purser/internal/ports/unmatchedfiletest/contract.go:39.86,39.120 1 0
purser/internal/ports/unmatchedfiletest/contract.go:40.2,40.69 1 0
purser/internal/ports/unmatchedfiletest/contract.go:40.69,40.121 1 0
purser/internal/ports/unmatchedfiletest/contract.go:41.2,41.94 1 0
purser/internal/ports/unmatchedfiletest/contract.go:41.94,41.135 1 0
purser/internal/ports/unmatchedfiletest/contract.go:42.2,42.77 1 0
purser/internal/ports/unmatchedfiletest/contract.go:42.77,42.108 1 0
purser/internal/ports/unmatchedfiletest/contract.go:43.2,43.77 1 0
purser/internal/ports/unmatchedfiletest/contract.go:43.77,43.115 1 0
purser/internal/ports/unmatchedfiletest/contract.go:44.2,44.92 1 0
purser/internal/ports/unmatchedfiletest/contract.go:44.92,44.133 1 0
purser/internal/ports/unmatchedfiletest/contract.go:47.89,49.58 2 0
purser/internal/ports/unmatchedfiletest/contract.go:49.58,51.3 1 0
purser/internal/ports/unmatchedfiletest/contract.go:54.70,57.40 3 0
purser/internal/ports/unmatchedfiletest/contract.go:57.40,59.3 1 0
purser/internal/ports/unmatchedfiletest/contract.go:62.65,68.16 5 0
purser/internal/ports/unmatchedfiletest/contract.go:68.16,70.3 1 0
purser/internal/ports/unmatchedfiletest/contract.go:71.2,71.24 1 0
purser/internal/ports/unmatchedfiletest/contract.go:71.24,73.3 1 0
purser/internal/ports/unmatchedfiletest/contract.go:74.2,74.28 1 0
purser/internal/ports/unmatchedfiletest/contract.go:74.28,76.3 1 0
purser/internal/ports/unmatchedfiletest/contract.go:77.2,77.28 1 0
purser/internal/ports/unmatchedfiletest/contract.go:77.28,79.3 1 0
purser/internal/ports/unmatchedfiletest/contract.go:82.67,87.40 4 0
purser/internal/ports/unmatchedfiletest/contract.go:87.40,89.3 1 0
purser/internal/ports/unmatchedfiletest/contract.go:92.64,95.23 3 0
purser/internal/ports/unmatchedfiletest/contract.go:95.23,97.3 1 0
purser/internal/ports/unmatchedfiletest/contract.go:99.2,100.16 2 0
purser/internal/ports/unmatchedfiletest/contract.go:100.16,102.3 1 0
purser/internal/ports/unmatchedfiletest/contract.go:103.2,103.16 1 0
purser/internal/ports/unmatchedfiletest/contract.go:103.16,105.3 1 0
purser/internal/ports/unmatchedfiletest/contract.go:106.2,106.27 1 0
purser/internal/ports/unmatchedfiletest/contract.go:106.27,108.3 1 0
purser/internal/ports/unmatchedfiletest/contract.go:109.2,109.24 1 0
purser/internal/ports/unmatchedfiletest/contract.go:109.24,111.3 1 0
purser/internal/ports/unmatchedfiletest/contract.go:112.2,112.30 1 0
purser/internal/ports/unmatchedfiletest/contract.go:112.30,113.13 1 0
purser/internal/ports/unmatchedfiletest/contract.go:113.13,115.4 1 0
purser/internal/ports/unmatchedfiletest/contract.go:119.68,126.16 6 0
purser/internal/ports/unmatchedfiletest/contract.go:126.16,128.3 1 0
purser/internal/ports/unmatchedfiletest/contract.go:129.2,129.48 1 0
purser/internal/ports/unmatchedfiletest/contract.go:129.48,131.3 1 0
purser/internal/ports/unmatchedfiletest/contract.go:134.66,137.23 3 0
purser/internal/ports/unmatchedfiletest/contract.go:137.23,139.3 1 0
purser/internal/ports/unmatchedfiletest/contract.go:141.2,143.22 3 0
purser/internal/ports/unmatchedfiletest/contract.go:143.22,145.17 2 0
purser/internal/ports/unmatchedfiletest/contract.go:145.17,147.4 1 0
purser/internal/ports/unmatchedfiletest/contract.go:148.3,149.17 2 0
purser/internal/ports/unmatchedfiletest/contract.go:149.17,150.9 1 0
purser/internal/ports/unmatchedfiletest/contract.go:152.3,152.15 1 0
purser/internal/ports/unmatchedfiletest/contract.go:154.2,154.27 1 0
purser/internal/ports/unmatchedfiletest/contract.go:154.27,156.3 1 0
purser/internal/ports/unmatchedfiletest/contract.go:157.2,157.24 1 0
purser/internal/ports/unmatchedfiletest/contract.go:157.24,158.17 1 0
purser/internal/ports/unmatchedfiletest/contract.go:158.17,160.4 1 0
purser/internal/ports/unmatchedfiletest/contract.go:161.3,161.20 1 0
purser/internal/ports/unmatchedfiletest/contract.go:163.2,163.30 1 0
purser/internal/ports/unmatchedfiletest/contract.go:163.30,164.13 1 0
purser/internal/ports/unmatchedfiletest/contract.go:164.13,166.4 1 0
purser/internal/ports/unmatchedfiletest/contract.go:170.59,172.2 1 0
purser/internal/ports/unmatchedfiletest/contract.go:174.104,186.2 2 0
purser/internal/ports/unmatchedfiletest/contract.go:188.58,194.58 5 0
purser/internal/ports/unmatchedfiletest/contract.go:194.58,196.3 1 0
purser/internal/ports/unmatchedfiletest/contract.go:198.2,199.16 2 0
purser/internal/ports/unmatchedfiletest/contract.go:199.16,201.3 1 0
purser/internal/ports/unmatchedfiletest/contract.go:202.2,202.46 1 0
purser/internal/ports/unmatchedfiletest/contract.go:202.46,204.3 1 0
purser/internal/ports/unmatchedfiletest/contract.go:207.65,210.40 3 0
purser/internal/ports/unmatchedfiletest/contract.go:210.40,212.3 1 0
purser/internal/ports/unmatchedfiletest/contract.go:215.58,219.62 3 0
purser/internal/ports/unmatchedfiletest/contract.go:219.62,221.3 1 0
purser/internal/ports/unmatchedfiletest/contract.go:222.2,222.86 1 0
purser/internal/ports/unmatchedfiletest/contract.go:222.86,224.3 1 0
purser/internal/ports/unmatchedfiletest/contract.go:227.65,230.40 3 0
purser/internal/ports/unmatchedfiletest/contract.go:230.40,232.3 1 0
purser/internal/ports/unmatchedfiletest/contract.go:235.67,241.16 5 0
purser/internal/ports/unmatchedfiletest/contract.go:241.16,243.3 1 0
purser/internal/ports/unmatchedfiletest/contract.go:244.2,244.21 1 0
purser/internal/ports/unmatchedfiletest/contract.go:244.21,246.3 1 0
purser/internal/ports/unmatchedfiletest/contract.go:249.65,255.16 5 0
purser/internal/ports/unmatchedfiletest/contract.go:255.16,257.3 1 0
purser/internal/ports/unmatchedfiletest/contract.go:258.2,258.21 1 0
purser/internal/ports/unmatchedfiletest/contract.go:258.21,260.3 1 0
purser/internal/ports/unmatchedfiletest/contract.go:263.68,268.40 4 0
purser/internal/ports/unmatchedfiletest/contract.go:268.40,270.3 1 0
purser/internal/ports/unmatchedfiletest/contract.go:273.71,279.40 4 0
purser/internal/ports/unmatchedfiletest/contract.go:279.40,281.3 1 0
purser/internal/ports/unmatchedfiletest/contract.go:289.77,295.16 5 0
purser/internal/ports/unmatchedfiletest/contract.go:295.16,297.3 1 0
purser/internal/ports/unmatchedfiletest/contract.go:298.2,298.74 1 0
purser/internal/ports/unmatchedfiletest/contract.go:298.74,300.3 1 0
purser/internal/ports/unmatchedfiletest/contract.go:306.76,310.2 3 0
purser/internal/ports/unmatchedfiletest/contract.go:312.66,319.16 6 0
purser/internal/ports/unmatchedfiletest/contract.go:319.16,321.3 1 0
purser/internal/ports/unmatchedfiletest/contract.go:322.2,323.27 2 0
purser/internal/ports/unmatchedfiletest/contract.go:323.27,325.3 1 0
purser/internal/ports/unmatchedfiletest/contract.go:326.2,326.24 1 0
purser/internal/ports/unmatchedfiletest/contract.go:326.24,328.3 1 0
purser/internal/ports/unmatchedfiletest/contract.go:329.2,329.30 1 0
purser/internal/ports/unmatchedfiletest/contract.go:329.30,330.13 1 0
purser/internal/ports/unmatchedfiletest/contract.go:330.13,332.4 1 0
purser/internal/ports/unmatchedfiletest/contract.go:336.84,342.16 5 0
purser/internal/ports/unmatchedfiletest/contract.go:342.16,344.3 1 0
purser/internal/ports/unmatchedfiletest/contract.go:345.2,345.41 1 0
purser/internal/ports/unmatchedfiletest/contract.go:345.41,347.3 1 0
purser/internal/ports/unmatchedfiletest/contract.go:350.73,355.16 4 0
purser/internal/ports/unmatchedfiletest/contract.go:355.16,357.3 1 0
purser/internal/ports/unmatchedfiletest/contract.go:358.2,358.19 1 0
purser/internal/ports/unmatchedfiletest/contract.go:358.19,360.3 1 0
purser/internal/ports/unmatchedfiletest/contract.go:363.63,372.93 8 0
purser/internal/ports/unmatchedfiletest/contract.go:372.93,374.3 1 0
purser/internal/ports/unmatchedfiletest/contract.go:376.2,376.44 1 0
purser/internal/ports/unmatchedfiletest/contract.go:376.44,378.17 2 0
purser/internal/ports/unmatchedfiletest/contract.go:378.17,380.4 1 0
purser/internal/ports/unmatchedfiletest/contract.go:381.3,381.56 1 0
purser/internal/ports/unmatchedfiletest/contract.go:381.56,383.4 1 0
purser/internal/ports/unmatchedfiletest/contract.go:390.70,398.40 7 0
purser/internal/ports/unmatchedfiletest/contract.go:398.40,400.3 1 0
purser/internal/ports/unmatchedfiletest/contract.go:402.2,403.19 2 0
purser/internal/ports/unmatchedfiletest/contract.go:403.19,405.3 1 0
purser/internal/ports/unmatchedfiletest/contract.go:406.2,406.55 1 0
purser/internal/ports/unmatchedfiletest/contract.go:406.55,408.3 1 0
purser/internal/ports/unmatchedfiletest/contract.go:414.73,422.16 7 0
purser/internal/ports/unmatchedfiletest/contract.go:422.16,424.3 1 0
purser/internal/ports/unmatchedfiletest/contract.go:425.2,425.29 1 0
purser/internal/ports/unmatchedfiletest/contract.go:425.29,427.3 1 0
purser/internal/ports/unmatchedfiletest/contract.go:428.2,428.25 1 0
purser/internal/ports/unmatchedfiletest/contract.go:428.25,430.3 1 0
purser/pkg/cache/cache.go:62.29,68.2 1 0
purser/pkg/cache/cachetest/cachetest.go:25.53,28.56 2 0
purser/pkg/cache/cachetest/cachetest.go:28.56,28.93 1 0
purser/pkg/cache/cachetest/cachetest.go:29.2,29.65 1 0
purser/pkg/cache/cachetest/cachetest.go:29.65,29.96 1 0
purser/pkg/cache/cachetest/cachetest.go:30.2,30.61 1 0
purser/pkg/cache/cachetest/cachetest.go:30.61,30.95 1 0
purser/pkg/cache/cachetest/cachetest.go:31.2,31.51 1 0
purser/pkg/cache/cachetest/cachetest.go:31.51,31.88 1 0
purser/pkg/cache/cachetest/cachetest.go:32.2,32.67 1 0
purser/pkg/cache/cachetest/cachetest.go:32.67,32.103 1 0
purser/pkg/cache/cachetest/cachetest.go:33.2,33.65 1 0
purser/pkg/cache/cachetest/cachetest.go:33.65,33.104 1 0
purser/pkg/cache/cachetest/cachetest.go:34.2,34.84 1 0
purser/pkg/cache/cachetest/cachetest.go:34.84,34.121 1 0
purser/pkg/cache/cachetest/cachetest.go:35.2,35.62 1 0
purser/pkg/cache/cachetest/cachetest.go:35.62,35.99 1 0
purser/pkg/cache/cachetest/cachetest.go:36.2,36.67 1 0
purser/pkg/cache/cachetest/cachetest.go:36.67,36.105 1 0
purser/pkg/cache/cachetest/cachetest.go:39.46,41.34 2 0
purser/pkg/cache/cachetest/cachetest.go:41.34,43.3 1 0
purser/pkg/cache/cachetest/cachetest.go:46.64,51.16 4 0
purser/pkg/cache/cachetest/cachetest.go:51.16,53.3 1 0
purser/pkg/cache/cachetest/cachetest.go:54.2,54.8 1 0
purser/pkg/cache/cachetest/cachetest.go:54.8,56.3 1 0
purser/pkg/cache/cachetest/cachetest.go:59.58,64.59 4 0
purser/pkg/cache/cachetest/cachetest.go:64.59,66.3 1 0
purser/pkg/cache/cachetest/cachetest.go:68.2,69.16 2 0
purser/pkg/cache/cachetest/cachetest.go:69.16,71.3 1 0
purser/pkg/cache/cachetest/cachetest.go:72.2,72.9 1 0
purser/pkg/cache/cachetest/cachetest.go:72.9,74.3 1 0
purser/pkg/cache/cachetest/cachetest.go:75.2,75.28 1 0
purser/pkg/cache/cachetest/cachetest.go:75.28,77.3 1 0
purser/pkg/cache/cachetest/cachetest.go:80.61,85.59 4 0
purser/pkg/cache/cachetest/cachetest.go:85.59,87.3 1 0
purser/pkg/cache/cachetest/cachetest.go:88.2,88.60 1 0
purser/pkg/cache/cachetest/cachetest.go:88.60,90.3 1 0
purser/pkg/cache/cachetest/cachetest.go:92.2,93.16 2 0
purser/pkg/cache/cachetest/cachetest.go:93.16,95.3 1 0
purser/pkg/cache/cachetest/cachetest.go:96.2,96.9 1 0
purser/pkg/cache/cachetest/cachetest.go:96.9,98.3 1 0
purser/pkg/cache/cachetest/cachetest.go:99.2,99.29 1 0
purser/pkg/cache/cachetest/cachetest.go:99.29,101.3 1 0
purser/pkg/cache/cachetest/cachetest.go:103.2,104.16 2 0
purser/pkg/cache/cachetest/cachetest.go:104.16,106.3 1 0
purser/pkg/cache/cachetest/cachetest.go:107.2,107.12 1 0
purser/pkg/cache/cachetest/cachetest.go:107.12,109.3 1 0
purser/pkg/cache/cachetest/cachetest.go:112.64,117.59 4 0
purser/pkg/cache/cachetest/cachetest.go:117.59,119.3 1 0
purser/pkg/cache/cachetest/cachetest.go:120.2,120.45 1 0
purser/pkg/cache/cachetest/cachetest.go:120.45,122.3 1 0
purser/pkg/cache/cachetest/cachetest.go:124.2,125.16 2 0
purser/pkg/cache/cachetest/cachetest.go:125.16,127.3 1 0
purser/pkg/cache/cachetest/cachetest.go:128.2,128.8 1 0
purser/pkg/cache/cachetest/cachetest.go:128.8,130.3 1 0
purser/pkg/cache/cachetest/cachetest.go:133.63,137.66 3 0
purser/pkg/cache/cachetest/cachetest.go:137.66,139.3 1 0
purser/pkg/cache/cachetest/cachetest.go:142.66,147.44 4 0
purser/pkg/cache/cachetest/cachetest.go:147.44,148.50 1 0
purser/pkg/cache/cachetest/cachetest.go:148.50,150.4 1 0
purser/pkg/cache/cachetest/cachetest.go:153.2,154.16 2 0
purser/pkg/cache/cachetest/cachetest.go:154.16,156.3 1 0
purser/pkg/cache/cachetest/cachetest.go:157.2,157.12 1 0
purser/pkg/cache/cachetest/cachetest.go:157.12,159.3 1 0
purser/pkg/cache/cachetest/cachetest.go:162.64,174.16 10 0
purser/pkg/cache/cachetest/cachetest.go:174.16,176.3 1 0
purser/pkg/cache/cachetest/cachetest.go:177.2,177.8 1 0
purser/pkg/cache/cachetest/cachetest.go:177.8,179.3 1 0
purser/pkg/cache/cachetest/cachetest.go:181.2,181.39 1 0
purser/pkg/cache/cachetest/cachetest.go:181.39,183.17 2 0
purser/pkg/cache/cachetest/cachetest.go:183.17,185.4 1 0
purser/pkg/cache/cachetest/cachetest.go:186.3,186.10 1 0
purser/pkg/cache/cachetest/cachetest.go:186.10,188.4 1 0
purser/pkg/cache/cachetest/cachetest.go:192.64,199.59 6 0
purser/pkg/cache/cachetest/cachetest.go:199.59,201.3 1 0
purser/pkg/cache/cachetest/cachetest.go:203.2,206.16 3 0
purser/pkg/cache/cachetest/cachetest.go:206.16,208.3 1 0
purser/pkg/cache/cachetest/cachetest.go:209.2,209.8 1 0
purser/pkg/cache/cachetest/cachetest.go:209.8,211.3 1 0
purser/pkg/cache/cachetest/cachetest.go:214.65,216.34 2 0
purser/pkg/cache/cachetest/cachetest.go:216.34,218.3 1 0
purser/pkg/cache/cachetest/cachetest.go:220.2,221.70 2 0
purser/pkg/cache/cachetest/cachetest.go:221.70,223.3 1 0
purser/pkg/cache/cachetest/cachetest.go:224.2,224.77 1 0
purser/pkg/cache/cachetest/cachetest.go:224.77,226.3 1 0
purser/pkg/cache/cachetest/cachetest.go:227.2,227.67 1 0
purser/pkg/cache/cachetest/cachetest.go:227.67,229.3 1 0
purser/pkg/cache/cachetest/cachetest.go:230.2,230.60 1 0
purser/pkg/cache/cachetest/cachetest.go:230.60,232.3 1 0
purser/pkg/cache/cachetest/cachetest.go:235.83,237.55 2 0
purser/pkg/cache/cachetest/cachetest.go:237.55,239.3 1 0
purser/pkg/jobqueue/jobqueuetest/contract.go:25.53,28.56 2 0
purser/pkg/jobqueue/jobqueuetest/contract.go:28.56,28.93 1 0
purser/pkg/jobqueue/jobqueuetest/contract.go:29.2,29.66 1 0
purser/pkg/jobqueue/jobqueuetest/contract.go:29.66,29.100 1 0
purser/pkg/jobqueue/jobqueuetest/contract.go:30.2,30.73 1 0
purser/pkg/jobqueue/jobqueuetest/contract.go:30.73,30.108 1 0
purser/pkg/jobqueue/jobqueuetest/contract.go:31.2,31.77 1 0
purser/pkg/jobqueue/jobqueuetest/contract.go:31.77,31.114 1 0
purser/pkg/jobqueue/jobqueuetest/contract.go:32.2,32.77 1 0
purser/pkg/jobqueue/jobqueuetest/contract.go:32.77,32.112 1 0
purser/pkg/jobqueue/jobqueuetest/contract.go:33.2,33.64 1 0
purser/pkg/jobqueue/jobqueuetest/contract.go:33.64,33.98 1 0
purser/pkg/jobqueue/jobqueuetest/contract.go:34.2,34.63 1 0
purser/pkg/jobqueue/jobqueuetest/contract.go:34.63,34.97 1 0
purser/pkg/jobqueue/jobqueuetest/contract.go:35.2,35.51 1 0
purser/pkg/jobqueue/jobqueuetest/contract.go:35.51,35.89 1 0
purser/pkg/jobqueue/jobqueuetest/contract.go:36.2,36.53 1 0
purser/pkg/jobqueue/jobqueuetest/contract.go:36.53,36.93 1 0
purser/pkg/jobqueue/jobqueuetest/contract.go:39.48,51.2 1 0
purser/pkg/jobqueue/jobqueuetest/contract.go:53.64,56.43 3 0
purser/pkg/jobqueue/jobqueuetest/contract.go:56.43,58.3 1 0
purser/pkg/jobqueue/jobqueuetest/contract.go:61.61,66.46 4 0
purser/pkg/jobqueue/jobqueuetest/contract.go:66.46,68.3 1 0
purser/pkg/jobqueue/jobqueuetest/contract.go:70.2,71.16 2 0
purser/pkg/jobqueue/jobqueuetest/contract.go:71.16,73.3 1 0
purser/pkg/jobqueue/jobqueuetest/contract.go:74.2,74.30 1 0
purser/pkg/jobqueue/jobqueuetest/contract.go:74.30,76.3 1 0
purser/pkg/jobqueue/jobqueuetest/contract.go:77.2,77.57 1 0
purser/pkg/jobqueue/jobqueuetest/contract.go:77.57,79.3 1 0
purser/pkg/jobqueue/jobqueuetest/contract.go:80.2,80.46 1 0
purser/pkg/jobqueue/jobqueuetest/contract.go:80.46,82.3 1 0
purser/pkg/jobqueue/jobqueuetest/contract.go:85.62,90.46 4 0
purser/pkg/jobqueue/jobqueuetest/contract.go:90.46,92.3 1 0
purser/pkg/jobqueue/jobqueuetest/contract.go:94.2,95.16 2 0
purser/pkg/jobqueue/jobqueuetest/contract.go:95.16,97.3 1 0
purser/pkg/jobqueue/jobqueuetest/contract.go:98.2,102.16 4 0
purser/pkg/jobqueue/jobqueuetest/contract.go:102.16,104.3 1 0
purser/pkg/jobqueue/jobqueuetest/contract.go:105.2,105.64 1 0
purser/pkg/jobqueue/jobqueuetest/contract.go:105.64,107.3 1 0
purser/pkg/jobqueue/jobqueuetest/contract.go:110.64,115.46 4 0
purser/pkg/jobqueue/jobqueuetest/contract.go:115.46,117.3 1 0
purser/pkg/jobqueue/jobqueuetest/contract.go:118.2,121.16 3 0
purser/pkg/jobqueue/jobqueuetest/contract.go:121.16,123.3 1 0
purser/pkg/jobqueue/jobqueuetest/contract.go:124.2,124.40 1 0
purser/pkg/jobqueue/jobqueuetest/contract.go:124.40,126.3 1 0
purser/pkg/jobqueue/jobqueuetest/contract.go:129.62,134.46 4 0
purser/pkg/jobqueue/jobqueuetest/contract.go:134.46,136.3 1 0
purser/pkg/jobqueue/jobqueuetest/contract.go:138.2,140.46 3 0
purser/pkg/jobqueue/jobqueuetest/contract.go:140.46,142.3 1 0
purser/pkg/jobqueue/jobqueuetest/contract.go:144.2,145.16 2 0
purser/pkg/jobqueue/jobqueuetest/contract.go:145.16,147.3 1 0
purser/pkg/jobqueue/jobqueuetest/contract.go:148.2,148.42 1 0
purser/pkg/jobqueue/jobqueuetest/contract.go:148.42,150.3 1 0
purser/pkg/jobqueue/jobqueuetest/contract.go:151.2,151.51 1 0
purser/pkg/jobqueue/jobqueuetest/contract.go:151.51,153.3 1 0
purser/pkg/jobqueue/jobqueuetest/contract.go:156.61,159.90 3 0
purser/pkg/jobqueue/jobqueuetest/contract.go:159.90,161.3 1 0
purser/pkg/jobqueue/jobqueuetest/contract.go:164.61,169.25 4 0
purser/pkg/jobqueue/jobqueuetest/contract.go:169.25,172.47 3 0
purser/pkg/jobqueue/jobqueuetest/contract.go:172.47,174.4 1 0
purser/pkg/jobqueue/jobqueuetest/contract.go:177.2,179.6 3 0
purser/pkg/jobqueue/jobqueuetest/contract.go:179.6,181.17 2 0
purser/pkg/jobqueue/jobqueuetest/contract.go:181.17,183.4 1 0
purser/pkg/jobqueue/jobqueuetest/contract.go:184.3,184.21 1 0
purser/pkg/jobqueue/jobqueuetest/contract.go:184.21,185.9 1 0
purser/pkg/jobqueue/jobqueuetest/contract.go:187.3,187.26 1 0
purser/pkg/jobqueue/jobqueuetest/contract.go:187.26,188.18 1 0
purser/pkg/jobqueue/jobqueuetest/contract.go:188.18,190.5 1 0
purser/pkg/jobqueue/jobqueuetest/contract.go:191.4,191.21 1 0
purser/pkg/jobqueue/jobqueuetest/contract.go:193.3,193.17 1 0
purser/pkg/jobqueue/jobqueuetest/contract.go:193.17,194.9 1 0
purser/pkg/jobqueue/jobqueuetest/contract.go:196.3,196.15 1 0
purser/pkg/jobqueue/jobqueuetest/contract.go:199.2,199.20 1 0
purser/pkg/jobqueue/jobqueuetest/contract.go:199.20,201.3 1 0
purser/pkg/jobqueue/jobqueuetest/contract.go:204.65,208.90 3 0
purser/pkg/jobqueue/jobqueuetest/contract.go:208.90,211.47 3 0
purser/pkg/jobqueue/jobqueuetest/contract.go:211.47,213.4 1 0
purser/pkg/jobqueue/jobqueuetest/contract.go:216.2,217.16 2 0
purser/pkg/jobqueue/jobqueuetest/contract.go:217.16,219.3 1 0
purser/pkg/jobqueue/jobqueuetest/contract.go:220.2,220.16 1 0
purser/pkg/jobqueue/jobqueuetest/contract.go:220.16,222.3 1 0
purser/pkg/jobqueue/jobqueuetest/contract.go:223.2,223.20 1 0
purser/pkg/jobqueue/jobqueuetest/contract.go:223.20,225.3 1 0
purser/pkg/jobqueue/jobqueuetest/contract.go:226.2,226.25 1 0
purser/pkg/jobqueue/jobqueuetest/contract.go:226.25,227.23 1 0
purser/pkg/jobqueue/jobqueuetest/contract.go:227.23,229.4 1 0
purser/pkg/jobqueue/jobqueuetest/contract.go:233.67,238.34 4 0
purser/pkg/jobqueue/jobqueuetest/contract.go:238.34,242.47 4 0
purser/pkg/jobqueue/jobqueuetest/contract.go:242.47,244.4 1 0
purser/pkg/jobqueue/jobqueuetest/contract.go:247.2,248.16 2 0
purser/pkg/jobqueue/jobqueuetest/contract.go:248.16,250.3 1 0
purser/pkg/jobqueue/jobqueuetest/contract.go:251.2,251.16 1 0
purser/pkg/jobqueue/jobqueuetest/contract.go:251.16,253.3 1 0
purser/pkg/jobqueue/jobqueuetest/contract.go:254.2,254.20 1 0
purser/pkg/jobqueue/jobqueuetest/contract.go:254.20,256.3 1 0
purser/pkg/jobqueue/jobqueuetest/contract.go:257.2,257.46 1 0
purser/pkg/jobqueue/jobqueuetest/contract.go:257.46,259.3 1 0
